global_residue,global_frequency,global_status,crfr2_seq,crfr2_residue,crfr2_frequency,crfr2_status,Wootten,vipr2_blosum80,sctr_blosum80,vipr1_blosum80,pacr_blosum80,crfr1_blosum80,glp1r_blosum80,pth1r_blosum80,gcgr_blosum80,pth2r_blosum80,calcr_blosum80,glp2r_blosum80,calrl_blosum80,gipr_blosum80,ghrhr_blosum80,Domain,count
M,0.8711590296495957,NC,-,-,0.0,NC,-,-,-,-,-,-,-,-,-,-,-,-,-,-,-,-,0
-,0.0,NC,-,-,0.0,NC,-,-,-,-,-,-,-,-,-,-,-,-,-,-,-,-,0
-,0.0,NC,-,-,0.0,NC,-,-,-,-,-,-,-,-,-,-,-,-,-,-,-,-,0
-,0.0,NC,-,-,0.0,NC,-,-,-,-,-,-,-,-,-,-,-,-,-,-,-,-,0
-,0.0,NC,-,-,0.0,NC,-,-,-,-,-,-,-,-,-,-,-,-,-,-,-,-,0
-,0.0,NC,-,-,0.0,NC,-,-,-,-,-,-,-,-,-,-,-,-,-,-,-,-,0
-,0.0,NC,-,-,0.0,NC,-,-,-,-,-,-,-,-,-,-,-,-,-,-,-,-,0
-,0.0,NC,-,-,0.0,NC,-,-,-,-,-,-,-,-,-,-,-,-,-,-,-,-,0
-,0.0,NC,-,-,0.0,NC,-,-,-,-,-,-,-,-,-,-,-,-,-,-,-,-,0
-,0.0,NC,-,-,0.0,NC,-,-,-,-,-,-,-,-,-,-,-,-,-,-,-,-,0
-,0.0,NC,M1,M,0.650887573964497,NC,-,-,-,-,-,-,-,-,-,-,-,-,-,-,-,N-ter,0
-,0.0,NC,D2,D,0.5502958579881657,NC,-,-,-,-,-,-,-,-,-,-,-,-,-,-,-,N-ter,0
-,0.0,NC,-,-,0.0,NC,-,-,-,-,-,-,-,-,-,-,-,-,-,-,-,-,0
-,0.0,NC,-,-,0.0,NC,-,-,-,-,-,-,-,-,-,-,-,-,-,-,-,-,0
-,0.0,NC,-,-,0.0,NC,-,-,-,-,-,-,-,-,-,-,-,-,-,-,-,-,0
-,0.0,NC,-,-,0.0,NC,-,-,-,-,-,-,-,-,-,-,-,-,-,-,-,-,0
-,0.0,NC,-,-,0.0,NC,-,-,-,-,-,-,-,-,-,-,-,-,-,-,-,-,0
-,0.0,NC,-,-,0.0,NC,-,-,-,-,-,-,-,-,-,-,-,-,-,-,-,-,0
-,0.0,NC,-,-,0.0,NC,-,-,-,-,-,-,-,-,-,-,-,-,-,-,-,-,0
-,0.0,NC,-,-,0.0,NC,-,-,-,-,-,-,-,-,-,-,-,-,-,-,-,-,0
-,0.0,NC,-,-,0.0,NC,-,-,-,-,-,-,-,-,-,-,-,-,-,-,-,-,0
-,0.0,NC,-,-,0.0,NC,-,-,-,-,-,-,-,-,-,-,-,-,-,-,-,-,0
-,0.0,NC,-,-,0.0,NC,-,-,-,-,-,-,-,-,-,-,-,-,-,-,-,-,0
-,0.0,NC,-,-,0.0,NC,-,-,-,-,-,-,-,-,-,-,-,-,-,-,-,-,0
-,0.0,NC,-,-,0.0,NC,-,-,-,-,-,-,-,-,-,-,-,-,-,-,-,-,0
-,0.0,NC,-,-,0.0,NC,-,-,-,-,-,-,-,-,-,-,-,-,-,-,-,-,0
-,0.0,NC,A3,-,0.0,NC,-,-,-,-,-,-,-,-,-,-,-,-,-,-,-,N-ter,0
-,0.0,NC,-,-,0.0,NC,-,-,-,-,-,-,-,-,-,-,-,-,-,-,-,-,0
-,0.0,NC,-,-,0.0,NC,-,-,-,-,-,-,-,-,-,-,-,-,-,-,-,-,0
-,0.0,NC,-,-,0.0,NC,-,-,-,-,-,-,-,-,-,-,-,-,-,-,-,-,0
-,0.0,NC,A4,-,0.0,NC,-,-,-,-,-,-,-,-,-,-,-,-,-,-,-,N-ter,0
-,0.0,NC,-,-,0.0,NC,-,-,-,-,-,-,-,-,-,-,-,-,-,-,-,-,0
-,0.0,NC,-,-,0.0,NC,-,-,-,-,-,-,-,-,-,-,-,-,-,-,-,-,0
-,0.0,NC,-,-,0.0,NC,-,-,-,-,-,-,-,-,-,-,-,-,-,-,-,-,0
-,0.0,NC,-,-,0.0,NC,-,-,-,-,-,-,-,-,-,-,-,-,-,-,-,-,0
-,0.0,NC,-,-,0.0,NC,-,-,-,-,-,-,-,-,-,-,-,-,-,-,-,-,0
-,0.0,NC,-,-,0.0,NC,-,-,-,-,-,-,-,-,-,-,-,-,-,-,-,-,0
-,0.0,NC,-,-,0.0,NC,-,-,-,-,-,-,-,-,-,-,-,-,-,-,-,-,0
-,0.0,NC,-,-,0.0,NC,-,-,-,-,-,-,-,-,-,-,-,-,-,-,-,-,0
-,0.0,NC,-,-,0.0,NC,-,-,-,-,-,-,-,-,-,-,-,-,-,-,-,-,0
-,0.0,NC,-,-,0.0,NC,-,-,-,-,-,-,-,-,-,-,-,-,-,-,-,-,0
-,0.0,NC,-,-,0.0,NC,-,-,-,-,-,-,-,-,-,-,-,-,-,-,-,-,0
-,0.0,NC,-,-,0.0,NC,-,-,-,-,-,-,-,-,-,-,-,-,-,-,-,-,0
-,0.0,NC,-,-,0.0,NC,-,-,-,-,-,-,-,-,-,-,-,-,-,-,-,-,0
-,0.0,NC,-,-,0.0,NC,-,-,-,-,-,-,-,-,-,-,-,-,-,-,-,-,0
-,0.0,NC,-,-,0.0,NC,-,-,-,-,-,-,-,-,-,-,-,-,-,-,-,-,0
-,0.0,NC,-,-,0.0,NC,-,-,-,-,-,-,-,-,-,-,-,-,-,-,-,-,0
-,0.0,NC,-,-,0.0,NC,-,-,-,-,-,-,-,-,-,-,-,-,-,-,-,-,0
-,0.0,NC,-,-,0.0,NC,-,-,-,-,-,-,-,-,-,-,-,-,-,-,-,-,0
-,0.0,NC,-,-,0.0,NC,-,-,-,-,-,-,-,-,-,-,-,-,-,-,-,-,0
-,0.0,NC,-,-,0.0,NC,-,-,-,-,-,-,-,-,-,-,-,-,-,-,-,-,0
-,0.0,NC,-,-,0.0,NC,-,-,-,-,-,-,-,-,-,-,-,-,-,-,-,-,0
-,0.0,NC,-,-,0.0,NC,-,-,-,-,-,-,-,-,-,-,-,-,-,-,-,-,0
-,0.0,NC,-,-,0.0,NC,-,-,-,-,-,-,-,-,-,-,-,-,-,-,-,-,0
-,0.0,NC,-,-,0.0,NC,-,-,-,-,-,-,-,-,-,-,-,-,-,-,-,-,0
-,0.0,NC,-,-,0.0,NC,-,-,-,-,-,-,-,-,-,-,-,-,-,-,-,-,0
-,0.0,NC,-,-,0.0,NC,-,-,-,-,-,-,-,-,-,-,-,-,-,-,-,-,0
-,0.0,NC,-,-,0.0,NC,-,-,-,-,-,-,-,-,-,-,-,-,-,-,-,-,0
-,0.0,NC,-,-,0.0,NC,-,-,-,-,-,-,-,-,-,-,-,-,-,-,-,-,0
-,0.0,NC,-,-,0.0,NC,-,-,-,-,-,-,-,-,-,-,-,-,-,-,-,-,0
-,0.0,NC,-,-,0.0,NC,-,-,-,-,-,-,-,-,-,-,-,-,-,-,-,-,0
-,0.0,NC,-,-,0.0,NC,-,-,-,-,-,-,-,-,-,-,-,-,-,-,-,-,0
-,0.0,NC,-,-,0.0,NC,-,-,-,-,-,-,-,-,-,-,-,-,-,-,-,-,0
-,0.0,NC,-,-,0.0,NC,-,-,-,-,-,-,-,-,-,-,-,-,-,-,-,-,0
-,0.0,NC,L5,-,0.0,NC,-,-,-,-,-,-,-,-,-,-,-,-,-,-,-,N-ter,0
-,0.0,NC,-,-,0.0,NC,-,-,-,-,-,-,-,-,-,-,-,-,-,-,-,-,0
-,0.0,NC,L6,-,0.0,NC,-,-,-,-,-,-,-,-,-,-,-,-,-,-,-,N-ter,0
-,0.0,NC,-,-,0.0,NC,-,-,-,-,-,-,-,-,-,-,-,-,-,-,-,-,0
-,0.0,NC,-,-,0.0,NC,-,-,-,-,-,-,-,-,-,-,-,-,-,-,-,-,0
-,0.0,NC,-,-,0.0,NC,-,-,-,-,-,-,-,-,-,-,-,-,-,-,-,-,0
-,0.0,NC,-,-,0.0,NC,-,-,-,-,-,-,-,-,-,-,-,-,-,-,-,-,0
-,0.0,NC,-,-,0.0,NC,-,-,-,-,-,-,-,-,-,-,-,-,-,-,-,-,0
-,0.0,NC,H7,-,0.0,NC,-,-,-,-,-,-,-,-,-,-,-,-,-,-,-,N-ter,0
-,0.0,NC,S8,-,0.0,NC,-,-,-,-,-,-,-,-,-,-,-,-,-,-,-,N-ter,0
-,0.0,NC,L9,-,0.0,NC,-,-,-,-,-,-,-,-,-,-,-,-,-,-,-,N-ter,0
-,0.0,NC,L10,-,0.0,NC,-,-,-,-,-,-,-,-,-,-,-,-,-,-,-,N-ter,0
-,0.0,NC,E11,-,0.0,NC,-,-,-,-,-,-,-,-,-,-,-,-,-,-,-,N-ter,0
-,0.0,NC,A12,-,0.0,NC,-,-,-,-,-,-,-,-,-,-,-,-,-,-,-,N-ter,0
-,0.0,NC,N13,N,0.5714285714285714,NC,-,-,-,-,-,-,-,-,-,-,-,-,-,-,-,N-ter,0
-,0.0,NC,C14,C,0.8870056497175142,NC,-,-,-,-,-,-,-,-,-,-,-,-,-,-,-,N-ter,0
-,0.0,NC,S15,S,0.576271186440678,NC,-,-,-,-,-,-,-,-,-,-,-,-,-,-,-,N-ter,0
-,0.0,NC,-,-,0.0,NC,-,-,-,-,-,-,-,-,-,-,-,-,-,-,-,-,0
L,0.5614117647058824,NC,L16,L,0.8777777777777778,NC,-,-,-,-,-,-,-,-,-,-,-,-,-,-,-,N-ter,0
L,0.5155096011816839,NC,A17,-,0.0,NC,-,-,-,-,-,-,-,-,-,-,-,-,-,-,-,N-ter,0
-,0.0,NC,-,-,0.0,NC,-,-,-,-,-,-,-,-,-,-,-,-,-,-,-,-,0
-,0.0,NC,-,-,0.0,NC,-,-,-,-,-,-,-,-,-,-,-,-,-,-,-,-,0
-,0.0,NC,-,-,0.0,NC,-,-,-,-,-,-,-,-,-,-,-,-,-,-,-,-,0
-,0.0,NC,L18,-,0.0,NC,-,-,-,-,-,-,-,-,-,-,-,-,-,-,-,N-ter,0
-,0.0,NC,-,-,0.0,NC,-,-,-,-,-,-,-,-,-,-,-,-,-,-,-,-,0
-,0.0,NC,-,-,0.0,NC,-,-,-,-,-,-,-,-,-,-,-,-,-,-,-,-,0
-,0.0,NC,-,-,0.0,NC,-,-,-,-,-,-,-,-,-,-,-,-,-,-,-,-,0
-,0.0,NC,A19,-,0.0,NC,-,-,-,-,-,-,-,-,-,-,-,-,-,-,-,N-ter,0
-,0.0,NC,E20,-,0.0,NC,-,-,-,-,-,-,-,-,-,-,-,-,-,-,-,N-ter,0
-,0.0,NC,E21,-,0.0,NC,-,-,-,-,-,-,-,-,-,-,-,-,-,-,-,N-ter,0
L,0.7147087857847977,NC,L22,-,0.0,NC,-,-,-,-,-,-,-,-,-,-,-,-,-,-,-,N-ter,0
-,0.0,NC,-,-,0.0,NC,-,-,-,-,-,-,-,-,-,-,-,-,-,-,-,-,0
-,0.0,NC,-,-,0.0,NC,-,-,-,-,-,-,-,-,-,-,-,-,-,-,-,-,0
-,0.0,NC,-,-,0.0,NC,-,-,-,-,-,-,-,-,-,-,-,-,-,-,-,-,0
-,0.0,NC,-,-,0.0,NC,-,-,-,-,-,-,-,-,-,-,-,-,-,-,-,-,0
-,0.0,NC,-,-,0.0,NC,-,-,-,-,-,-,-,-,-,-,-,-,-,-,-,-,0
-,0.0,NC,-,-,0.0,NC,-,-,-,-,-,-,-,-,-,-,-,-,-,-,-,-,0
-,0.0,NC,L23,-,0.0,NC,-,-,-,-,-,-,-,-,-,-,-,-,-,-,-,N-ter,0
-,0.0,NC,-,-,0.0,NC,-,-,-,-,-,-,-,-,-,-,-,-,-,-,-,-,0
-,0.0,NC,-,-,0.0,NC,-,-,-,-,-,-,-,-,-,-,-,-,-,-,-,-,0
-,0.0,NC,-,-,0.0,NC,-,-,-,-,-,-,-,-,-,-,-,-,-,-,-,-,0
-,0.0,NC,-,-,0.0,NC,-,-,-,-,-,-,-,-,-,-,-,-,-,-,-,-,0
-,0.0,NC,-,-,0.0,NC,-,-,-,-,-,-,-,-,-,-,-,-,-,-,-,-,0
-,0.0,NC,-,-,0.0,NC,-,-,-,-,-,-,-,-,-,-,-,-,-,-,-,-,0
-,0.0,NC,L24,-,0.0,NC,-,-,-,-,-,-,-,-,-,-,-,-,-,-,-,N-ter,0
-,0.0,NC,-,-,0.0,NC,-,-,-,-,-,-,-,-,-,-,-,-,-,-,-,-,0
-,0.0,NC,-,-,0.0,NC,-,-,-,-,-,-,-,-,-,-,-,-,-,-,-,-,0
-,0.0,NC,-,-,0.0,NC,-,-,-,-,-,-,-,-,-,-,-,-,-,-,-,-,0
-,0.0,NC,-,-,0.0,NC,-,-,-,-,-,-,-,-,-,-,-,-,-,-,-,-,0
-,0.0,NC,-,-,0.0,NC,-,-,-,-,-,-,-,-,-,-,-,-,-,-,-,-,0
-,0.0,NC,-,-,0.0,NC,-,-,-,-,-,-,-,-,-,-,-,-,-,-,-,-,0
-,0.0,NC,-,-,0.0,NC,-,-,-,-,-,-,-,-,-,-,-,-,-,-,-,-,0
-,0.0,NC,-,-,0.0,NC,-,-,-,-,-,-,-,-,-,-,-,-,-,-,-,-,0
-,0.0,NC,-,-,0.0,NC,-,-,-,-,-,-,-,-,-,-,-,-,-,-,-,-,0
-,0.0,NC,-,-,0.0,NC,-,-,-,-,-,-,-,-,-,-,-,-,-,-,-,-,0
-,0.0,NC,-,-,0.0,NC,-,-,-,-,-,-,-,-,-,-,-,-,-,-,-,-,0
-,0.0,NC,D25,-,0.0,NC,-,-,-,-,-,-,-,-,-,-,-,-,-,-,-,N-ter,0
-,0.0,NC,G26,-,0.0,NC,-,-,-,-,-,-,-,-,-,-,-,-,-,-,-,N-ter,0
-,0.0,NC,-,-,0.0,NC,-,-,-,-,-,-,-,-,-,-,-,-,-,-,-,-,0
-,0.0,NC,-,-,0.0,NC,-,-,-,-,-,-,-,-,-,-,-,-,-,-,-,-,0
-,0.0,NC,-,-,0.0,NC,-,-,-,-,-,-,-,-,-,-,-,-,-,-,-,-,0
-,0.0,NC,-,-,0.0,NC,-,-,-,-,-,-,-,-,-,-,-,-,-,-,-,-,0
-,0.0,NC,-,-,0.0,NC,-,-,-,-,-,-,-,-,-,-,-,-,-,-,-,-,0
-,0.0,NC,-,-,0.0,NC,-,-,-,-,-,-,-,-,-,-,-,-,-,-,-,-,0
-,0.0,NC,-,-,0.0,NC,-,-,-,-,-,-,-,-,-,-,-,-,-,-,-,-,0
-,0.0,NC,-,-,0.0,NC,-,-,-,-,-,-,-,-,-,-,-,-,-,-,-,-,0
-,0.0,NC,-,-,0.0,NC,-,-,-,-,-,-,-,-,-,-,-,-,-,-,-,-,0
-,0.0,NC,-,-,0.0,NC,-,-,-,-,-,-,-,-,-,-,-,-,-,-,-,-,0
-,0.0,NC,-,-,0.0,NC,-,-,-,-,-,-,-,-,-,-,-,-,-,-,-,-,0
-,0.0,NC,-,-,0.0,NC,-,-,-,-,-,-,-,-,-,-,-,-,-,-,-,-,0
-,0.0,NC,-,-,0.0,NC,-,-,-,-,-,-,-,-,-,-,-,-,-,-,-,-,0
-,0.0,NC,-,-,0.0,NC,-,-,-,-,-,-,-,-,-,-,-,-,-,-,-,-,0
-,0.0,NC,-,-,0.0,NC,-,-,-,-,-,-,-,-,-,-,-,-,-,-,-,-,0
-,0.0,NC,-,-,0.0,NC,-,-,-,-,-,-,-,-,-,-,-,-,-,-,-,-,0
-,0.0,NC,-,-,0.0,NC,-,-,-,-,-,-,-,-,-,-,-,-,-,-,-,-,0
-,0.0,NC,-,-,0.0,NC,-,-,-,-,-,-,-,-,-,-,-,-,-,-,-,-,0
-,0.0,NC,-,-,0.0,NC,-,-,-,-,-,-,-,-,-,-,-,-,-,-,-,-,0
-,0.0,NC,-,-,0.0,NC,-,-,-,-,-,-,-,-,-,-,-,-,-,-,-,-,0
-,0.0,NC,-,-,0.0,NC,-,-,-,-,-,-,-,-,-,-,-,-,-,-,-,-,0
-,0.0,NC,-,-,0.0,NC,-,-,-,-,-,-,-,-,-,-,-,-,-,-,-,-,0
-,0.0,NC,-,-,0.0,NC,-,-,-,-,-,-,-,-,-,-,-,-,-,-,-,-,0
-,0.0,NC,-,-,0.0,NC,-,-,-,-,-,-,-,-,-,-,-,-,-,-,-,-,0
-,0.0,NC,-,-,0.0,NC,-,-,-,-,-,-,-,-,-,-,-,-,-,-,-,-,0
-,0.0,NC,-,-,0.0,NC,-,-,-,-,-,-,-,-,-,-,-,-,-,-,-,-,0
-,0.0,NC,-,-,0.0,NC,-,-,-,-,-,-,-,-,-,-,-,-,-,-,-,-,0
-,0.0,NC,-,D,0.6944444444444444,NC,-,-,-,-,-,-,-,-,-,-,-,-,-,-,-,-,0
-,0.0,NC,-,-,0.0,NC,-,-,-,-,-,-,-,-,-,-,-,-,-,-,-,-,0
-,0.0,NC,-,-,0.0,NC,-,-,-,-,-,-,-,-,-,-,-,-,-,-,-,-,0
-,0.0,NC,W27,-,0.0,NC,-,-,-,-,-,-,-,-,-,-,-,-,-,-,-,N-ter,0
-,0.0,NC,G28,-,0.0,NC,-,-,-,-,-,-,-,-,-,-,-,-,-,-,-,N-ter,0
-,0.0,NC,P29,L,0.6420454545454546,NC,-,-,-,-,-,-,-,-,-,-,-,-,-,-,-,N-ter,0
-,0.0,NC,-,-,0.0,NC,-,-,-,-,-,-,-,-,-,-,-,-,-,-,-,-,0
-,0.0,NC,-,E,0.6168831168831169,NC,-,-,-,-,-,-,-,-,-,-,-,-,-,-,-,-,0
-,0.0,NC,-,-,0.0,NC,-,-,-,-,-,-,-,-,-,-,-,-,-,-,-,-,0
-,0.0,NC,-,-,0.0,NC,-,-,-,-,-,-,-,-,-,-,-,-,-,-,-,-,0
C,0.9436349693251533,C,-,-,0.0,NC,-,-,-,-,-,-,-,-,-,-,-,-,-,-,-,-,0
-,0.0,NC,-,-,0.0,NC,-,-,-,-,-,-,-,-,-,-,-,-,-,-,-,-,0
-,0.0,NC,-,-,0.0,NC,-,-,-,-,-,-,-,-,-,-,-,-,-,-,-,-,0
-,0.0,NC,-,-,0.0,NC,-,-,-,-,-,-,-,-,-,-,-,-,-,-,-,-,0
-,0.0,NC,-,-,0.0,NC,-,-,-,-,-,-,-,-,-,-,-,-,-,-,-,-,0
-,0.0,NC,-,-,0.0,NC,-,-,-,-,-,-,-,-,-,-,-,-,-,-,-,-,0
-,0.0,NC,-,-,0.0,NC,-,-,-,-,-,-,-,-,-,-,-,-,-,-,-,-,0
-,0.0,NC,P30,L,0.5568181818181818,NC,-,-,-,-,-,-,-,-,-,-,-,-,-,-,-,N-ter,0
-,0.0,NC,-,-,0.0,NC,-,-,-,-,-,-,-,-,-,-,-,-,-,-,-,-,0
-,0.0,NC,-,-,0.0,NC,-,-,-,-,-,-,-,-,-,-,-,-,-,-,-,-,0
-,0.0,NC,-,-,0.0,NC,-,-,-,-,-,-,-,-,-,-,-,-,-,-,-,-,0
-,0.0,NC,-,-,0.0,NC,-,-,-,-,-,-,-,-,-,-,-,-,-,-,-,-,0
-,0.0,NC,-,-,0.0,NC,-,-,-,-,-,-,-,-,-,-,-,-,-,-,-,-,0
-,0.0,NC,-,-,0.0,NC,-,-,-,-,-,-,-,-,-,-,-,-,-,-,-,-,0
-,0.0,NC,-,-,0.0,NC,-,-,-,-,-,-,-,-,-,-,-,-,-,-,-,-,0
-,0.0,NC,-,-,0.0,NC,-,-,-,-,-,-,-,-,-,-,-,-,-,-,-,-,0
-,0.0,NC,-,-,0.0,NC,-,-,-,-,-,-,-,-,-,-,-,-,-,-,-,-,0
-,0.0,NC,-,-,0.0,NC,-,-,-,-,-,-,-,-,-,-,-,-,-,-,-,-,0
-,0.0,NC,-,-,0.0,NC,-,-,-,-,-,-,-,-,-,-,-,-,-,-,-,-,0
-,0.0,NC,-,-,0.0,NC,-,-,-,-,-,-,-,-,-,-,-,-,-,-,-,-,0
-,0.0,NC,-,-,0.0,NC,-,-,-,-,-,-,-,-,-,-,-,-,-,-,-,-,0
-,0.0,NC,-,-,0.0,NC,-,-,-,-,-,-,-,-,-,-,-,-,-,-,-,-,0
-,0.0,NC,-,-,0.0,NC,-,-,-,-,-,-,-,-,-,-,-,-,-,-,-,-,0
-,0.0,NC,-,-,0.0,NC,-,-,-,-,-,-,-,-,-,-,-,-,-,-,-,-,0
-,0.0,NC,-,-,0.0,NC,-,-,-,-,-,-,-,-,-,-,-,-,-,-,-,-,0
-,0.0,NC,-,-,0.0,NC,-,-,-,-,-,-,-,-,-,-,-,-,-,-,-,-,0
-,0.0,NC,-,-,0.0,NC,-,-,-,-,-,-,-,-,-,-,-,-,-,-,-,-,0
-,0.0,NC,-,-,0.0,NC,-,-,-,-,-,-,-,-,-,-,-,-,-,-,-,-,0
-,0.0,NC,-,-,0.0,NC,-,-,-,-,-,-,-,-,-,-,-,-,-,-,-,-,0
-,0.0,NC,-,-,0.0,NC,-,-,-,-,-,-,-,-,-,-,-,-,-,-,-,-,0
-,0.0,NC,-,-,0.0,NC,-,-,-,-,-,-,-,-,-,-,-,-,-,-,-,-,0
-,0.0,NC,-,-,0.0,NC,-,-,-,-,-,-,-,-,-,-,-,-,-,-,-,-,0
-,0.0,NC,-,-,0.0,NC,-,-,-,-,-,-,-,-,-,-,-,-,-,-,-,-,0
-,0.0,NC,-,-,0.0,NC,-,-,-,-,-,-,-,-,-,-,-,-,-,-,-,-,0
-,0.0,NC,-,-,0.0,NC,-,-,-,-,-,-,-,-,-,-,-,-,-,-,-,-,0
-,0.0,NC,-,-,0.0,NC,-,-,-,-,-,-,-,-,-,-,-,-,-,-,-,-,0
-,0.0,NC,-,-,0.0,NC,-,-,-,-,-,-,-,-,-,-,-,-,-,-,-,-,0
-,0.0,NC,-,-,0.0,NC,-,-,-,-,-,-,-,-,-,-,-,-,-,-,-,-,0
-,0.0,NC,-,-,0.0,NC,-,-,-,-,-,-,-,-,-,-,-,-,-,-,-,-,0
-,0.0,NC,-,-,0.0,NC,-,-,-,-,-,-,-,-,-,-,-,-,-,-,-,-,0
-,0.0,NC,-,-,0.0,NC,-,-,-,-,-,-,-,-,-,-,-,-,-,-,-,-,0
-,0.0,NC,-,-,0.0,NC,-,-,-,-,-,-,-,-,-,-,-,-,-,-,-,-,0
-,0.0,NC,-,-,0.0,NC,-,-,-,-,-,-,-,-,-,-,-,-,-,-,-,-,0
-,0.0,NC,-,-,0.0,NC,-,-,-,-,-,-,-,-,-,-,-,-,-,-,-,-,0
-,0.0,NC,-,-,0.0,NC,-,-,-,-,-,-,-,-,-,-,-,-,-,-,-,-,0
-,0.0,NC,-,-,0.0,NC,-,-,-,-,-,-,-,-,-,-,-,-,-,-,-,-,0
-,0.0,NC,-,-,0.0,NC,-,-,-,-,-,-,-,-,-,-,-,-,-,-,-,-,0
-,0.0,NC,-,-,0.0,NC,-,-,-,-,-,-,-,-,-,-,-,-,-,-,-,-,0
-,0.0,NC,-,-,0.0,NC,-,-,-,-,-,-,-,-,-,-,-,-,-,-,-,-,0
-,0.0,NC,-,-,0.0,NC,-,-,-,-,-,-,-,-,-,-,-,-,-,-,-,-,0
-,0.0,NC,-,-,0.0,NC,-,-,-,-,-,-,-,-,-,-,-,-,-,-,-,-,0
-,0.0,NC,-,-,0.0,NC,-,-,-,-,-,-,-,-,-,-,-,-,-,-,-,-,0
-,0.0,NC,-,-,0.0,NC,-,-,-,-,-,-,-,-,-,-,-,-,-,-,-,-,0
-,0.0,NC,L31,-,0.0,NC,-,-,-,-,-,-,-,-,-,-,-,-,-,-,-,N-ter,0
-,0.0,NC,D32,-,0.0,NC,-,-,-,-,-,-,-,-,-,-,-,-,-,-,-,N-ter,0
-,0.0,NC,P33,-,0.0,NC,-,-,-,-,-,-,-,-,-,-,-,-,-,-,-,N-ter,0
-,0.0,NC,E34,-,0.0,NC,-,-,-,-,-,-,-,-,-,-,-,-,-,-,-,N-ter,0
-,0.0,NC,G35,G,0.9578947368421052,C,-,-10,-10,-2,-1,-,-,-10,-3,-3,-,-,-,-,-2,N-ter,8
-,0.0,NC,P36,P,0.6578947368421053,NC,-,-,-,-,-,-,-,-,-,-,-,-,-,-,-,N-ter,0
-,0.0,NC,Y37,-,0.0,NC,-,-,-,-,-,-,-,-,-,-,-,-,-,-,-,N-ter,0
-,0.0,NC,S38,-,0.0,NC,-,-,-,-,-,-,-,-,-,-,-,-,-,-,-,N-ter,0
-,0.0,NC,Y39,Y,0.8969072164948454,NC,-,-,-,-,-,-,-,-,-,-,-,-,-,-,-,N-ter,0
C,0.9904187366926899,C,C40,C,0.958974358974359,C,-,-,-,-,-,-,-,-,-,-,-,-,-,-,-,N-ter,0
-,0.0,NC,N41,N,0.9381443298969072,C,-,-10,-10,-10,-3,-,-,-4,-,-10,-,-,-,-,-10,N-ter,7
-,0.0,NC,T42,-,0.0,NC,-,-,-,-,-,-,-,-,-,-,-,-,-,-,-,N-ter,0
-,0.0,NC,T43,T,0.9536082474226805,C,-,0,-1,-1,-1,1,-,-1,-,-1,-,-,-,1,-,N-ter,8
W,0.6192498230714791,NC,L44,-,0.0,NC,-,-,-,-,-,-,-,-,-,-,-,-,-,-,-,N-ter,0
D,0.9833863556026865,C,D45,D,0.9641025641025641,C,-,-,-,-,-,-,-,-,-,-,-,-,-,-,-,N-ter,0
-,0.0,NC,Q46,Q,0.6871794871794872,NC,-,-,-,-,-,-,-,-,-,-,-,-,-,-,-,N-ter,0
-,0.0,NC,I47,I,0.9545454545454546,C,-,-,1,-,-,-,-2,-,-2,1,-3,-1,-3,-2,1,N-ter,9
-,0.0,NC,G48,G,0.958974358974359,C,-,-10,-10,-10,-10,-,-10,-10,-10,-10,-10,-10,-10,-10,-10,N-ter,13
-,0.0,NC,T49,T,0.9692307692307692,C,-,-,1,-,-,-,0,0,1,-1,-2,0,-2,0,-2,N-ter,10
C,0.9883638928067701,C,C50,C,0.958974358974359,C,-,-,-,-,-,-,-,-,-,-,-,-,-,-,-,N-ter,0
W,0.9911816578483245,C,W51,W,0.9744897959183674,C,-,-,-,-,-,-,-,-,-,-,-,-,-,-,-,N-ter,0
P,0.647847565278758,NC,P52,P,0.9693877551020408,C,-,-2,-,-,-1,-,-,-,-,-,-2,-,-10,-2,-,N-ter,5
-,0.0,NC,R53,R,0.8814432989690721,NC,-,-,-,-,-,-,-,-,-,-,-,-,-,-,-,N-ter,0
-,0.0,NC,S54,S,0.7333333333333333,NC,-,-,-,-,-,-,-,-,-,-,-,-,-,-,-,N-ter,0
-,0.0,NC,A55,-,0.0,NC,-,-,-,-,-,-,-,-,-,-,-,-,-,-,-,N-ter,0
-,0.0,NC,A56,A,0.6958762886597938,NC,-,-,-,-,-,-,-,-,-,-,-,-,-,-,-,N-ter,0
G,0.8664081776524498,NC,G57,G,0.9948453608247423,C,-,-,-,-,-,-,-,-,-1,-,-,-,-,-1,-,N-ter,2
-,0.0,NC,A58,-,0.0,NC,-,-,-,-,-,-,-,-,-,-,-,-,-,-,-,N-ter,0
-,0.0,NC,L59,L,0.6994818652849741,NC,-,-,-,-,-,-,-,-,-,-,-,-,-,-,-,N-ter,0
V,0.6686640817765245,NC,V60,V,0.9533678756476683,C,-,-,-,-,-,-,-,-,0,-10,-10,-,-2,0,-,N-ter,5
-,0.0,NC,E61,E,0.9587628865979382,C,-,-1,-10,-3,-10,-10,-1,-1,-1,-1,-10,0,-10,-1,-10,N-ter,14
-,0.0,NC,R62,R,0.9690721649484536,C,-,-3,-10,-10,-3,-,-3,-10,-3,-3,1,-3,1,-2,-3,N-ter,13
-,0.0,NC,P63,P,0.9381443298969072,C,-,-,-10,-10,-10,-,-1,-,-1,-,-3,-,-3,-1,-,N-ter,8
C,0.9915373765867419,C,C64,C,0.9742268041237113,C,-,-,-,-,-,-,-,-,-,-,-,-,-,-,-,N-ter,0
P,0.9929577464788732,C,P65,P,0.9844559585492227,C,-,-,-,-,-,-,-,-,-,-,-,-,-,-,-,N-ter,0
-,0.0,NC,E66,E,0.9119170984455959,C,-,1,-10,-10,-,-,-4,1,-4,-10,1,0,1,-4,-10,N-ter,12
Y,0.6186770428015564,NC,Y67,Y,0.6836734693877551,NC,-,-,-,-,-,-,-,-,-,-,-,-,-,-,-,N-ter,0
F,0.5307637906647807,NC,F68,F,0.673469387755102,NC,-,-,-,-,-,-,-,-,-,-,-,-,-,-,-,N-ter,0
-,0.0,NC,N69,N,0.9593908629441624,C,-,0,0,-10,-1,-3,-3,-3,-3,-3,-3,-3,0,-3,0,N-ter,14
-,0.0,NC,G70,G,0.9846938775510204,C,-,-10,-4,-10,-5,-,-4,-2,-4,-2,-2,-4,-2,-4,-3,N-ter,13
-,0.0,NC,V71,V,0.6122448979591837,NC,-,-,-,-,-,-,-,-,-,-,-,-,-,-,-,N-ter,0
-,0.0,NC,K72,K,0.9540816326530612,C,-,-10,-1,-1,0,2,-1,0,-1,0,-1,-10,-1,-10,-10,N-ter,14
-,0.0,NC,Y73,Y,0.9642857142857143,C,-,-10,-4,-10,-10,-,-2,-10,-3,-10,-10,-10,-10,2,-10,N-ter,13
-,0.0,NC,-,-,0.0,NC,-,-,-,-,-,-,-,-,-,-,-,-,-,-,-,-,0
-,0.0,NC,-,-,0.0,NC,-,-,-,-,-,-,-,-,-,-,-,-,-,-,-,-,0
-,0.0,NC,-,-,0.0,NC,-,-,-,-,-,-,-,-,-,-,-,-,-,-,-,-,0
-,0.0,NC,-,-,0.0,NC,-,-,-,-,-,-,-,-,-,-,-,-,-,-,-,-,0
-,0.0,NC,-,-,0.0,NC,-,-,-,-,-,-,-,-,-,-,-,-,-,-,-,-,0
-,0.0,NC,-,-,0.0,NC,-,-,-,-,-,-,-,-,-,-,-,-,-,-,-,-,0
-,0.0,NC,-,-,0.0,NC,-,-,-,-,-,-,-,-,-,-,-,-,-,-,-,-,0
-,0.0,NC,-,-,0.0,NC,-,-,-,-,-,-,-,-,-,-,-,-,-,-,-,-,0
-,0.0,NC,-,-,0.0,NC,-,-,-,-,-,-,-,-,-,-,-,-,-,-,-,-,0
-,0.0,NC,-,-,0.0,NC,-,-,-,-,-,-,-,-,-,-,-,-,-,-,-,-,0
-,0.0,NC,-,-,0.0,NC,-,-,-,-,-,-,-,-,-,-,-,-,-,-,-,-,0
-,0.0,NC,-,-,0.0,NC,-,-,-,-,-,-,-,-,-,-,-,-,-,-,-,-,0
-,0.0,NC,-,-,0.0,NC,-,-,-,-,-,-,-,-,-,-,-,-,-,-,-,-,0
-,0.0,NC,-,-,0.0,NC,-,-,-,-,-,-,-,-,-,-,-,-,-,-,-,-,0
-,0.0,NC,-,-,0.0,NC,-,-,-,-,-,-,-,-,-,-,-,-,-,-,-,-,0
-,0.0,NC,-,-,0.0,NC,-,-,-,-,-,-,-,-,-,-,-,-,-,-,-,-,0
-,0.0,NC,-,-,0.0,NC,-,-,-,-,-,-,-,-,-,-,-,-,-,-,-,-,0
-,0.0,NC,-,-,0.0,NC,-,-,-,-,-,-,-,-,-,-,-,-,-,-,-,-,0
-,0.0,NC,-,-,0.0,NC,-,-,-,-,-,-,-,-,-,-,-,-,-,-,-,-,0
-,0.0,NC,-,-,0.0,NC,-,-,-,-,-,-,-,-,-,-,-,-,-,-,-,-,0
-,0.0,NC,-,-,0.0,NC,-,-,-,-,-,-,-,-,-,-,-,-,-,-,-,-,0
-,0.0,NC,-,-,0.0,NC,-,-,-,-,-,-,-,-,-,-,-,-,-,-,-,-,0
-,0.0,NC,N74,N,0.9489795918367347,C,-,-10,-10,-10,0,-,-4,-10,-4,-10,-10,-10,-10,-4,-10,N-ter,13
-,0.0,NC,T75,T,0.9289340101522843,C,-,-1,-10,-10,-1,-,-2,-2,-1,-2,-2,1,-2,0,-1,N-ter,13
-,0.0,NC,T76,T,0.9435897435897436,C,-,-2,-10,-10,-10,-,-1,-1,-2,-1,-,-10,1,-10,-2,N-ter,12
G,0.5943886387253204,NC,R77,R,0.9285714285714286,C,-,-3,-3,-3,-3,-1,-3,-3,-,-3,-1,-3,-1,-3,-3,N-ter,13
-,0.0,NC,N78,N,0.7163461538461539,NC,-,-,-,-,-,-,-,-,-,-,-,-,-,-,-,N-ter,0
V,0.5132347885871433,NC,A79,A,0.937799043062201,C,-,-2,0,0,0,0,0,-,0,-,-,-,0,0,0,N-ter,10
-,0.0,NC,Y80,Y,0.9856459330143541,C,-,-2,-10,-2,-2,-,-,-,3,3,-2,-,-2,-2,-3,N-ter,10
R,0.7036782399449982,NC,R81,R,0.9952153110047847,C,-,2,-,-,-,-,-,-,2,-,2,-,2,-,-,N-ter,4
-,0.0,NC,E82,E,0.9760765550239234,C,-,-1,-1,-10,-1,-,-4,-1,-10,0,-3,-10,-4,-10,-1,N-ter,13
C,0.9951923076923077,C,C83,C,0.995260663507109,C,-,-,-,-,-,-,-,-,-,-,-,-,-,-,-,N-ter,0
-,0.0,NC,L84,L,0.7169811320754716,NC,-,-,-,-,-,-,-,-,-,-,-,-,-,-,-,N-ter,0
-,0.0,NC,E85,-,0.0,NC,-,-,-,-,-,-,-,-,-,-,-,-,-,-,-,N-ter,0
-,0.0,NC,N86,N,0.9905660377358491,C,-,-10,-10,-10,1,-,-1,-,1,-,-10,-10,-10,1,-10,N-ter,11
G,0.9938186813186813,C,G87,G,0.9905660377358491,C,-,-,-,-,-,-,-,-,-,-,-,-,-,-,-,N-ter,0
-,0.0,NC,T88,T,0.9811320754716981,C,-,-10,-10,-10,-10,1,-2,1,-1,-,-10,-,0,-1,-10,N-ter,12
W,0.9927909371781668,C,W89,W,0.9905660377358491,C,-,-,-,-,-,-,-,-,-,-,-,-,-,-,-,N-ter,0
-,0.0,NC,A90,A,0.9905660377358491,C,-,1,1,0,1,-,-2,-1,0,-2,-3,-1,-3,-10,1,N-ter,13
-,0.0,NC,S91,S,0.6729857819905213,NC,-,-,-,-,-,-,-,-,-,-,-,-,-,-,-,N-ter,0
-,0.0,NC,-,-,0.0,NC,-,-,-,-,-,-,-,-,-,-,-,-,-,-,-,-,0
-,0.0,NC,-,-,0.0,NC,-,-,-,-,-,-,-,-,-,-,-,-,-,-,-,-,0
-,0.0,NC,-,-,0.0,NC,-,-,-,-,-,-,-,-,-,-,-,-,-,-,-,-,0
-,0.0,NC,-,-,0.0,NC,-,-,-,-,-,-,-,-,-,-,-,-,-,-,-,-,0
-,0.0,NC,-,-,0.0,NC,-,-,-,-,-,-,-,-,-,-,-,-,-,-,-,-,0
-,0.0,NC,-,-,0.0,NC,-,-,-,-,-,-,-,-,-,-,-,-,-,-,-,-,0
P,0.530234471410942,NC,-,-,0.0,NC,-,-,-,-,-,-,-,-,-,-,-,-,-,-,-,-,0
W,0.6561469618464437,NC,K92,K,0.6398104265402843,NC,-,-,-,-,-,-,-,-,-,-,-,-,-,-,-,N-ter,0
-,0.0,NC,I93,I,0.7014218009478673,NC,-,-,-,-,-,-,-,-,-,-,-,-,-,-,-,N-ter,0
-,0.0,NC,N94,N,0.9811320754716981,C,-,-10,-3,-3,-3,-,-,-,-,-,-,1,-,1,-3,N-ter,7
-,0.0,NC,Y95,Y,0.990521327014218,C,-,-10,-4,-10,-10,-,-2,-,-2,-,-,-10,-,2,-10,N-ter,9
-,0.0,NC,S96,S,0.9715639810426541,C,-,-,-10,-2,-1,-,-,-,-,-,1,-,1,-,-10,N-ter,6
-,0.0,NC,Q97,Q,0.6509433962264151,NC,-,-,-,-,-,-,-,-,-,-,-,-,-,-,-,N-ter,0
C,0.9948647723382403,C,C98,C,0.9858490566037735,C,-,-,-,-,-,-,-,-,-,-,-,-,-,-,-,N-ter,0
-,0.0,NC,E99,E,0.9292452830188679,C,-,-3,-3,-3,-3,2,-,-10,-10,-4,-1,0,-1,-,-2,N-ter,12
-,0.0,NC,P100,P,0.9858490566037735,C,1.23,-4,-10,-4,-4,-2,-2,-1,-10,-2,-10,-2,-10,-3,-3,TM1,14
-,0.0,NC,I101,I,0.9811320754716981,C,1.24,-10,-4,-4,-4,-,-3,-1,-4,-1,-1,-10,-10,-4,-10,TM1,13
-,0.0,NC,L102,L,0.985781990521327,C,1.25,-5,1,-10,-4,-,-3,-,-10,-,-2,-3,-2,-4,-5,TM1,11
-,0.0,NC,D103,D,0.6919431279620853,NC,1.26,-,-,-,-,-,-,-,-,-,-,-,-,-,-,TM1,0
-,0.0,NC,D104,D,0.6540284360189573,NC,1.27,-,-,-,-,-,-,-,-,-,-,-,-,-,-,TM1,0
-,0.0,NC,K105,K,0.9209302325581395,C,1.28,-10,-10,-1,-10,1,-1,-1,-10,-1,-10,-,-10,-10,-1,TM1,13
-,0.0,NC,Q106,-,0.0,NC,1.29,-,-,-,-,-,-,-,-,-,-,-,-,-,-,TM1,0
-,0.0,NC,-,-,0.0,NC,-,-,-,-,-,-,-,-,-,-,-,-,-,-,-,-,0
-,0.0,NC,-,-,0.0,NC,-,-,-,-,-,-,-,-,-,-,-,-,-,-,-,-,0
-,0.0,NC,-,-,0.0,NC,-,-,-,-,-,-,-,-,-,-,-,-,-,-,-,-,0
-,0.0,NC,-,-,0.0,NC,-,-,-,-,-,-,-,-,-,-,-,-,-,-,-,-,0
-,0.0,NC,R107,R,0.9308755760368663,C,1.3,-1,-1,-1,-3,2,-1,-1,-10,-10,-10,-3,-10,1,-10,TM1,14
-,0.0,NC,K108,K,0.9862385321100917,C,1.31,-10,-10,1,-1,-,1,2,-10,-2,-10,-10,-10,-1,1,TM1,13
-,0.0,NC,Y109,Y,0.9539170506912442,C,1.32,-3,-3,-2,-2,-2,-2,-3,-10,-3,-3,-10,-3,-2,-3,TM1,14
-,0.0,NC,D110,-,0.0,NC,1.33,-,-,-,-,-,-,-,-,-,-,-,-,-,-,TM1,0
-,0.0,NC,L111,L,0.6467889908256881,NC,1.34,-,-,-,-,-,-,-,-,-,-,-,-,-,-,TM1,0
-,0.0,NC,H112,H,0.9907407407407407,C,1.35,-2,2,-2,2,-,-10,-4,-10,-2,-10,-3,-2,-4,2,TM1,13
-,0.0,NC,-,-,0.0,NC,-,-,-,-,-,-,-,-,-,-,-,-,-,-,-,-,0
-,0.0,NC,Y113,Y,0.9953703703703703,C,1.36,-,-10,-,-,-,-2,3,-,3,-,-2,-2,-2,3,TM1,8
-,0.0,NC,R114,K,0.5833333333333334,NC,1.37,-,-,-,-,-,-,-,-,-,-,-,-,-,-,TM1,0
-,0.0,NC,I115,I,0.7788018433179723,NC,1.38,-,-,-,-,-,-,-,-,-,-,-,-,-,-,TM1,0
-,0.0,NC,A116,A,1.0,C,1.39,0,-2,0,0,-,-2,-2,-3,-2,-2,-2,-2,-2,0,TM1,13
-,0.0,NC,L117,L,0.9497716894977168,C,1.4,-3,-3,-3,-3,1,-3,-2,-10,-2,-2,-3,0,-3,-3,TM1,14
-,0.0,NC,V118,I,0.7188940092165899,NC,1.41,-,-,-,-,-,-,-,-,-,-,-,-,-,-,TM1,0
-,0.0,NC,V119,I,0.6267281105990783,NC,1.42,-,-,-,-,-,-,-,-,-,-,-,-,-,-,TM1,0
Y,0.6710481968318166,NC,N120,N,0.9907834101382489,C,1.43,-3,-3,-3,-3,-,-3,-3,-3,-3,-2,-3,-2,-3,-3,TM1,13
T,0.6641942009440324,NC,Y121,Y,0.9861751152073732,C,1.44,-2,-2,-2,-2,-,-2,-2,-2,-2,-2,-2,-2,-2,-2,TM1,13
-,0.0,NC,L122,L,0.9493087557603687,C,1.45,-,1,1,1,-,1,1,1,-10,1,1,1,1,-10,TM1,12
G,0.9905692152239811,C,G123,G,0.9954128440366973,C,1.46,-,-,-,-,-,-,-,-,-,-,-,-,-,-,TM1,0
Y,0.5783983849259757,NC,H124,H,0.9908675799086758,C,1.47,-,2,-,2,-,2,2,2,2,-,2,-,2,2,TM1,9
S,0.5843150454392461,NC,C125,C,0.9908675799086758,C,1.48,-2,-2,-2,-2,-,-1,-2,-2,-2,-1,-2,-4,-2,-2,TM1,13
-,0.0,NC,V126,I,0.593607305936073,NC,1.49,-,-,-,-,-,-,-,-,-,-,-,-,-,-,TM1,0
S,0.9882234185733513,C,S127,S,0.9954337899543378,C,1.5,-,-,-,-,-,-,-,-,-,-,-,-,-,-,TM1,0
L,0.6004712218108381,NC,V128,V,0.863013698630137,NC,1.51,-,-,-,-,-,-,-,-,-,-,-,-,-,-,TM1,0
-,0.0,NC,A129,G,0.573394495412844,NC,1.52,-,-,-,-,-,-,-,-,-,-,-,-,-,-,TM1,0
-,0.0,NC,A130,A,0.9862385321100917,C,1.53,-,-10,-10,1,-,-,1,-,1,1,1,1,0,-10,TM1,10
L,0.9899159663865547,C,L131,L,0.9954128440366973,C,1.54,-,-,-,-,-,-,-,-,-,-,-,-,-,-,TM1,0
-,0.0,NC,V132,V,0.6238532110091743,NC,1.55,-,-,-,-,-,-,-,-,-,-,-,-,-,-,TM1,0
-,0.0,NC,A133,V,0.5091743119266054,NC,1.56,-,-,-,-,-,-,-,-,-,-,-,-,-,-,TM1,0
A,0.7656145063801209,NC,A134,A,0.9954128440366973,C,1.57,0,-,-,-,-,-,-,-,-,1,-,1,-,-,TM1,3
-,0.0,NC,F135,F,0.9954128440366973,C,1.58,-3,0,-10,0,-,-3,-1,0,-1,0,0,0,0,-1,TM1,13
-,0.0,NC,L136,-,0.0,NC,1.59,-,-,-,-,-,-,-,-,-,-,-,-,-,-,TM1,0
I,0.7158176943699732,NC,L137,L,0.9908675799086758,C,1.6,1,1,1,1,-,1,1,1,1,1,-,1,1,1,TM1,12
L,0.6119103379056541,NC,F138,F,0.9908675799086758,C,1.61,0,0,0,0,-,0,0,0,-1,-,0,-,0,0,TM1,11
-,0.0,NC,L139,L,0.9863013698630136,C,1.62,-2,-2,-10,-2,-,-,-4,-,-4,0,-,0,-3,-10,TM1,10
-,0.0,NC,A140,C,0.5662100456621004,NC,1.63,-,-,-,-,-,-,-,-,-,-,-,-,-,-,TM1,0
F,0.7041499330655957,NC,L141,L,0.9863636363636363,C,1.64,0,0,0,0,-,0,0,0,0,0,-,0,0,0,TM1,12
-,0.0,NC,-,-,0.0,NC,-,-,-,-,-,-,-,-,-,-,-,-,-,-,-,-,0
-,0.0,NC,-,-,0.0,NC,-,-,-,-,-,-,-,-,-,-,-,-,-,-,-,-,0
-,0.0,NC,-,-,0.0,NC,-,-,-,-,-,-,-,-,-,-,-,-,-,-,-,-,0
-,0.0,NC,-,-,0.0,NC,-,-,-,-,-,-,-,-,-,-,-,-,-,-,-,-,0
-,0.0,NC,-,-,0.0,NC,-,-,-,-,-,-,-,-,-,-,-,-,-,-,-,-,0
-,0.0,NC,-,-,0.0,NC,-,-,-,-,-,-,-,-,-,-,-,-,-,-,-,-,0
-,0.0,NC,-,-,0.0,NC,-,-,-,-,-,-,-,-,-,-,-,-,-,-,-,-,0
-,0.0,NC,-,-,0.0,NC,-,-,-,-,-,-,-,-,-,-,-,-,-,-,-,-,0
-,0.0,NC,-,-,0.0,NC,-,-,-,-,-,-,-,-,-,-,-,-,-,-,-,-,0
-,0.0,NC,-,-,0.0,NC,-,-,-,-,-,-,-,-,-,-,-,-,-,-,-,-,0
-,0.0,NC,-,-,0.0,NC,-,-,-,-,-,-,-,-,-,-,-,-,-,-,-,-,0
-,0.0,NC,-,-,0.0,NC,-,-,-,-,-,-,-,-,-,-,-,-,-,-,-,-,0
-,0.0,NC,-,-,0.0,NC,-,-,-,-,-,-,-,-,-,-,-,-,-,-,-,-,0
-,0.0,NC,-,-,0.0,NC,-,-,-,-,-,-,-,-,-,-,-,-,-,-,-,-,0
-,0.0,NC,-,-,0.0,NC,-,-,-,-,-,-,-,-,-,-,-,-,-,-,-,-,0
-,0.0,NC,-,-,0.0,NC,-,-,-,-,-,-,-,-,-,-,-,-,-,-,-,-,0
-,0.0,NC,-,-,0.0,NC,-,-,-,-,-,-,-,-,-,-,-,-,-,-,-,-,0
-,0.0,NC,-,-,0.0,NC,-,-,-,-,-,-,-,-,-,-,-,-,-,-,-,-,0
-,0.0,NC,-,-,0.0,NC,-,-,-,-,-,-,-,-,-,-,-,-,-,-,-,-,0
-,0.0,NC,-,-,0.0,NC,-,-,-,-,-,-,-,-,-,-,-,-,-,-,-,-,0
-,0.0,NC,-,-,0.0,NC,-,-,-,-,-,-,-,-,-,-,-,-,-,-,-,-,0
-,0.0,NC,-,-,0.0,NC,-,-,-,-,-,-,-,-,-,-,-,-,-,-,-,-,0
-,0.0,NC,-,-,0.0,NC,-,-,-,-,-,-,-,-,-,-,-,-,-,-,-,-,0
-,0.0,NC,-,-,0.0,NC,-,-,-,-,-,-,-,-,-,-,-,-,-,-,-,-,0
-,0.0,NC,-,-,0.0,NC,-,-,-,-,-,-,-,-,-,-,-,-,-,-,-,-,0
-,0.0,NC,-,-,0.0,NC,-,-,-,-,-,-,-,-,-,-,-,-,-,-,-,-,0
-,0.0,NC,-,-,0.0,NC,-,-,-,-,-,-,-,-,-,-,-,-,-,-,-,-,0
-,0.0,NC,-,-,0.0,NC,-,-,-,-,-,-,-,-,-,-,-,-,-,-,-,-,0
-,0.0,NC,-,-,0.0,NC,-,-,-,-,-,-,-,-,-,-,-,-,-,-,-,-,0
R,0.8292764254751583,NC,R142,R,0.9864864864864865,C,12.48,-,-,-,-,-,-,-,-1,-,2,-,2,-,-,ICL1,3
-,0.0,NC,S143,S,0.9864253393665159,C,12.49,-1,-1,-1,-1,-,-1,-1,-1,-1,-,-1,-,-1,-1,ICL1,11
L,0.8464606181455633,NC,I144,I,0.9909502262443439,C,12.5,1,1,1,1,-,1,1,1,1,1,1,1,1,1,ICL1,13
H,0.6049833887043189,NC,R145,R,0.9909502262443439,C,12.51,0,0,0,0,-,0,0,0,0,-1,0,-1,-,-,ICL1,11
C,0.994682618810236,C,C146,C,1.0,C,2.44,-,-,-,-,-,-,-,-,-,-,-,-,-,-,TM2,0
T,0.5938850116317713,NC,L147,L,0.9954545454545455,C,2.45,-2,-2,-2,-2,-,-2,-2,2,-2,-3,-2,-3,-2,-3,TM2,13
R,0.9956781914893617,C,R148,R,0.9954545454545455,C,2.46,-,-,-,-,-,-,-,-,-,-,-,-,-,-,TM2,0
N,0.8417553191489362,NC,N149,N,0.9954545454545455,C,2.47,-,-,-,-,-,-,-,-,-,-4,-,-4,-,-,TM2,2
Y,0.5697171381031614,NC,V150,I,0.5727272727272728,NC,2.48,-,-,-,-,-,-,-,-,-,-,-,-,-,-,TM2,0
I,0.8330006653359947,NC,I151,I,0.9954545454545455,C,2.49,-,-,-,-,-,-,-,-,-,1,-,1,-,-,TM2,2
H,0.9963418689723977,C,H152,H,1.0,C,2.5,-,-,-,-,-,-,-,-,-,-,-,-,-,-,TM2,0
-,0.0,NC,W153,W,1.0,C,2.51,-2,-2,-2,-2,-,-2,-2,-2,-2,-4,-2,-4,-3,-10,TM2,13
N,0.6677740863787376,NC,N154,N,0.9909502262443439,C,2.52,-,0,0,-,-,-,0,-,0,-,-,-,-,0,TM2,5
L,0.9634430043203722,C,L155,L,0.995475113122172,C,2.53,-,-,-,-,-,-,-,-,-,-,-,-,-,-,TM2,0
F,0.849351513136016,NC,I156,I,0.9592760180995475,C,2.54,-1,-1,-1,-1,-,-1,-1,-1,-1,-1,-1,-1,-1,-1,TM2,13
-,0.0,NC,T157,T,0.9547511312217195,C,2.55,-2,0,-10,0,-,0,0,0,0,-10,0,-2,-10,-10,TM2,13
S,0.757313829787234,NC,T158,T,0.9909502262443439,C,2.56,1,1,1,1,0,1,1,1,1,1,1,1,1,-,TM2,13
F,0.9048885932823412,C,F159,F,0.9909502262443439,C,2.57,-,-,-,-,-,-,-,-,-,3,-,-,-,-,TM2,1
I,0.6311938809444629,NC,I160,I,0.9909502262443439,C,2.58,-,-,-,-,-,-,1,-,1,3,-,3,1,-,TM2,5
L,0.9109930255728994,C,L161,L,0.9864253393665159,C,2.59,-,-,-,-,-,-,-,-,-,-,-,-2,-,-,TM2,1
R,0.7120557954168051,NC,R162,R,0.995475113122172,C,2.6,-,-,-,-,-,-,-,2,-,-1,-,-1,-,2,TM2,4
A,0.6622384589837264,NC,N163,N,0.9909502262443439,C,2.61,-2,-2,-2,-2,-,-2,-2,-2,-2,0,-2,0,-2,-2,TM2,13
-,0.0,NC,V164,V,0.8461538461538461,NC,2.62,-,-,-,-,-,-,-,-,-,-,-,-,-,-,TM2,0
-,0.0,NC,M165,M,0.8251121076233184,NC,2.63,-,-,-,-,-,-,-,-,-,-,-,-,-,-,TM2,0
-,0.0,NC,W166,W,0.9954954954954955,C,2.64,-3,-4,-3,-3,-,-3,-3,-3,-3,-4,-3,-4,-3,-3,TM2,13
F,0.5986733001658375,NC,F167,F,0.9954954954954955,C,2.65,0,-,-,-,-,-,-,0,-,-1,0,-1,0,-,TM2,6
-,0.0,NC,L168,L,0.954954954954955,C,2.66,1,1,1,1,1,1,1,1,1,1,-10,1,-2,1,TM2,14
K,0.5899137358991373,NC,L169,L,0.9954954954954955,C,2.67,-3,-3,-3,-3,1,-3,-3,1,-3,-3,-3,-10,-3,-3,TM2,14
D,0.6790450928381963,NC,Q170,Q,0.9954954954954955,C,2.68,-1,-1,-1,-1,-,-1,-1,-1,-1,-3,-1,-3,-1,-1,TM2,13
-,0.0,NC,L171,L,0.7072072072072072,NC,2.69,-,-,-,-,-,-,-,-,-,-,-,-,-,-,TM2,0
-,0.0,NC,-,-,0.0,NC,-,-,-,-,-,-,-,-,-,-,-,-,-,-,-,-,0
L,0.5661252900232019,NC,V172,I,0.954954954954955,C,2.7,1,1,1,1,1,1,1,1,3,3,-10,3,1,1,TM2,14
-,0.0,NC,D173,D,0.990990990990991,C,-,-4,-4,-4,-4,-1,-1,-4,-10,-2,-4,-4,-2,-2,-4,ECL1,14
-,0.0,NC,H174,H,0.954954954954955,C,-,-1,-1,-10,-2,-3,-3,-1,-2,-10,-3,0,0,-10,-10,ECL1,14
-,0.0,NC,-,-,0.0,NC,-,-,-,-,-,-,-,-,-,-,-,-,-,-,-,-,0
-,0.0,NC,-,-,0.0,NC,-,-,-,-,-,-,-,-,-,-,-,-,-,-,-,-,0
-,0.0,NC,-,-,0.0,NC,-,-,-,-,-,-,-,-,-,-,-,-,-,-,-,-,0
-,0.0,NC,-,-,0.0,NC,-,-,-,-,-,-,-,-,-,-,-,-,-,-,-,-,0
-,0.0,NC,-,-,0.0,NC,-,-,-,-,-,-,-,-,-,-,-,-,-,-,-,-,0
-,0.0,NC,-,-,0.0,NC,-,-,-,-,-,-,-,-,-,-,-,-,-,-,-,-,0
-,0.0,NC,-,-,0.0,NC,-,-,-,-,-,-,-,-,-,-,-,-,-,-,-,-,0
-,0.0,NC,-,-,0.0,NC,-,-,-,-,-,-,-,-,-,-,-,-,-,-,-,-,0
-,0.0,NC,-,-,0.0,NC,-,-,-,-,-,-,-,-,-,-,-,-,-,-,-,-,0
-,0.0,NC,-,-,0.0,NC,-,-,-,-,-,-,-,-,-,-,-,-,-,-,-,-,0
-,0.0,NC,-,-,0.0,NC,-,-,-,-,-,-,-,-,-,-,-,-,-,-,-,-,0
-,0.0,NC,-,-,0.0,NC,-,-,-,-,-,-,-,-,-,-,-,-,-,-,-,-,0
-,0.0,NC,-,-,0.0,NC,-,-,-,-,-,-,-,-,-,-,-,-,-,-,-,-,0
-,0.0,NC,-,-,0.0,NC,-,-,-,-,-,-,-,-,-,-,-,-,-,-,-,-,0
-,0.0,NC,E175,N,0.5540540540540541,NC,-,-,-,-,-,-,-,-,-,-,-,-,-,-,-,ECL1,0
-,0.0,NC,-,-,0.0,NC,-,-,-,-,-,-,-,-,-,-,-,-,-,-,-,-,0
-,0.0,NC,-,-,0.0,NC,-,-,-,-,-,-,-,-,-,-,-,-,-,-,-,-,0
-,0.0,NC,-,-,0.0,NC,-,-,-,-,-,-,-,-,-,-,-,-,-,-,-,-,0
-,0.0,NC,-,-,0.0,NC,-,-,-,-,-,-,-,-,-,-,-,-,-,-,-,-,0
-,0.0,NC,-,-,0.0,NC,-,-,-,-,-,-,-,-,-,-,-,-,-,-,-,-,0
-,0.0,NC,-,-,0.0,NC,-,-,-,-,-,-,-,-,-,-,-,-,-,-,-,-,0
-,0.0,NC,-,-,0.0,NC,-,-,-,-,-,-,-,-,-,-,-,-,-,-,-,-,0
-,0.0,NC,-,-,0.0,NC,-,-,-,-,-,-,-,-,-,-,-,-,-,-,-,-,0
-,0.0,NC,-,-,0.0,NC,-,-,-,-,-,-,-,-,-,-,-,-,-,-,-,-,0
-,0.0,NC,-,-,0.0,NC,-,-,-,-,-,-,-,-,-,-,-,-,-,-,-,-,0
-,0.0,NC,-,-,0.0,NC,-,-,-,-,-,-,-,-,-,-,-,-,-,-,-,-,0
-,0.0,NC,-,-,0.0,NC,-,-,-,-,-,-,-,-,-,-,-,-,-,-,-,-,0
-,0.0,NC,-,-,0.0,NC,-,-,-,-,-,-,-,-,-,-,-,-,-,-,-,-,0
-,0.0,NC,V176,I,0.5625,NC,-,-,-,-,-,-,-,-,-,-,-,-,-,-,-,ECL1,0
-,0.0,NC,H177,H,0.9641255605381166,C,-,-4,-4,-4,-4,-,-1,-10,-1,-2,-4,-1,-4,-3,-4,ECL1,13
-,0.0,NC,E178,E,0.968609865470852,C,-,-2,1,0,-4,-,-3,1,1,1,-10,0,-1,-1,0,ECL1,13
-,0.0,NC,S179,S,0.8565022421524664,NC,-,-,-,-,-,-,-,-,-,-,-,-,-,-,-,ECL1,0
-,0.0,NC,-,-,0.0,NC,-,-,-,-,-,-,-,-,-,-,-,-,-,-,-,-,0
-,0.0,NC,-,-,0.0,NC,-,-,-,-,-,-,-,-,-,-,-,-,-,-,-,-,0
-,0.0,NC,-,-,0.0,NC,-,-,-,-,-,-,-,-,-,-,-,-,-,-,-,-,0
-,0.0,NC,N180,N,0.9910313901345291,C,-,0,0,-1,0,-,-10,0,-2,0,1,-4,-,-2,0,ECL1,12
-,0.0,NC,E181,E,0.9601769911504425,C,3.26,-4,-10,0,-1,-3,0,-4,-10,-3,-2,-10,-2,-4,-1,TM3,14
-,0.0,NC,V182,P,0.5286343612334802,NC,3.27,-,-,-,-,-,-,-,-,-,-,-,-,-,-,TM3,0
-,0.0,NC,W183,W,0.9955947136563876,C,3.28,-4,-4,-4,-4,-,-4,-4,-4,-4,-4,-10,-4,-3,-10,TM3,13
C,0.9927440633245382,C,C184,C,0.9955947136563876,C,3.29,-,-,-,-,-,-,-,-,-,-,-,-,-,-,TM3,0
K,0.5877887788778878,NC,R185,R,0.9823788546255506,C,3.3,2,2,2,2,-,-,2,-,2,2,-,2,-,2,TM3,9
-,0.0,NC,C186,C,0.7092511013215859,NC,3.31,-,-,-,-,-,-,-,-,-,-,-,-,-,-,TM3,0
-,0.0,NC,I187,I,0.8898678414096917,NC,3.32,-,-,-,-,-,-,-,-,-,-,-,-,-,-,TM3,0
-,0.0,NC,T188,T,1.0,C,3.33,-2,-1,-10,-1,-,-2,0,-10,0,-2,-1,-1,-1,0,TM3,13
-,0.0,NC,T189,T,0.9647577092511013,C,3.34,0,0,0,0,0,-2,-,0,0,-2,0,-2,-1,0,TM3,13
-,0.0,NC,I190,I,0.6475770925110133,NC,3.35,-,-,-,-,-,-,-,-,-,-,-,-,-,-,TM3,0
-,0.0,NC,F191,Y,0.5374449339207048,NC,3.36,-,-,-,-,-,-,-,-,-,-,-,-,-,-,TM3,0
-,0.0,NC,N192,N,1.0,C,3.37,0,0,0,0,-,0,-4,0,-4,0,0,-4,0,0,TM3,13
Y,0.9660737812911726,C,Y193,Y,1.0,C,3.38,-,-,-,-,-,-,-,-,-,-,-,-,-,-,TM3,0
-,0.0,NC,F194,F,1.0,C,3.39,-10,-3,-3,-3,-,-3,-,-4,-,0,-,0,-3,-10,TM3,10
-,0.0,NC,V195,V,0.986784140969163,C,3.4,3,3,-,-,-4,-,1,3,1,1,-,1,-,-10,TM3,9
-,0.0,NC,V196,V,1.0,C,3.41,1,1,1,-10,-,0,0,-,0,-4,-4,-4,-4,1,TM3,12
-,0.0,NC,T197,T,1.0,C,3.42,0,0,0,1,-,0,-,0,-,-1,0,-1,0,-,TM3,10
N,0.9727153188691651,C,N198,N,1.0,C,3.43,-,-,-,-,-,-,-,-,-,-,-,-,-,-,TM3,0
Y,0.6097961867192636,NC,F199,F,1.0,C,3.44,-,3,-,3,-,3,3,3,3,3,3,3,3,-,TM3,10
F,0.5243421052631579,NC,F200,F,0.9955947136563876,C,3.45,3,-3,-,-,-,3,3,-3,3,-,-,-,-2,-10,TM3,8
W,0.9980263157894737,C,W201,W,0.9955947136563876,C,3.46,-,-,-,-,-,-,-,-,-,-,-,-,-,-,TM3,0
L,0.5623971024036879,NC,M202,M,0.9955947136563876,C,3.47,2,2,2,2,-,2,1,2,1,-,2,-,2,2,TM3,11
L,0.7721435627263747,NC,F203,F,0.9911894273127754,C,3.48,0,0,0,-,-,0,0,0,0,0,0,0,0,0,TM3,12
V,0.662936142198815,NC,V204,V,0.9779735682819384,C,3.49,-,-,-,3,-4,-,-,-,-,-1,-,-1,-,-,TM3,4
E,0.9967083607636603,C,E205,E,0.9955947136563876,C,3.5,-,-,-,-,-,-,-,-,-,-,-,-,-,-,TM3,0
G,0.9138441302203223,C,G206,G,1.0,C,3.51,-,-,-,-,-,-,-,-,-,-,-,-,-,0,TM3,1
-,0.0,NC,C207,C,0.9911894273127754,C,3.52,-2,-2,-2,-2,-,-1,-2,-2,-2,-2,-2,-2,-10,-2,TM3,13
Y,0.9671052631578947,C,Y208,Y,0.9955947136563876,C,3.53,-,-,-,-,-,-,-,-,-,-,-,-,-,-,TM3,0
L,0.9970384995064165,C,L209,L,1.0,C,3.54,-,-,-,-,-,-,-,-,-,-,-,-,-,-,TM3,0
H,0.7819796119697467,NC,H210,H,1.0,C,3.55,-,-,-,-2,-,2,-,-,-,-,-,-,-,0,TM3,3
T,0.6219592373438527,NC,T211,T,0.9955947136563876,C,3.56,-,-,-,-,-,-,1,0,1,-,-,-,1,-1,TM3,5
L,0.8445101906640368,NC,A212,A,1.0,C,3.57,-2,-2,-2,-2,-,-2,-2,-2,-2,-2,-2,-2,-2,-2,TM3,13
L,0.5518262586377097,NC,I213,I,0.9646017699115044,C,3.58,1,1,1,1,-,1,-,1,-,-,1,-,1,1,TM3,9
V,0.5935441370223979,NC,V214,V,0.9911504424778761,C,3.59,-,-,0,-,-,0,-1,-,-1,-,-10,-,-,1,TM3,6
-,0.0,NC,M215,M,0.995575221238938,C,3.6,-10,1,1,-2,2,2,-,-10,1,1,-1,1,2,-2,TM3,13
-,0.0,NC,T216,T,0.9911504424778761,C,-,-10,1,1,-,-,1,0,0,0,0,-10,0,0,1,ICL2,12
-,0.0,NC,Y217,Y,1.0,C,-,-2,3,3,3,-,-2,3,-2,3,-2,-2,-2,-4,-10,ICL2,13
F,0.6327404479578392,NC,S218,S,1.0,C,-,-3,-3,-3,-3,-,-3,-3,-3,-3,-3,-3,-3,-1,-1,ICL2,13
-,0.0,NC,T219,T,1.0,C,-,1,1,1,-2,-,1,1,-10,1,0,1,0,1,-2,ICL2,13
E,0.6383957922419461,NC,E220,D,0.6431718061674009,NC,-,-,-,-,-,-,-,-,-,-,-,-,-,-,-,ICL2,0
-,0.0,NC,R221,K,0.6035242290748899,NC,-,-,-,-,-,-,-,-,-,-,-,-,-,-,-,ICL2,0
-,0.0,NC,L222,L,0.9955947136563876,C,-,-3,-3,-3,-3,-,-3,-3,-3,-3,-3,-3,-3,-4,-3,ICL2,13
-,0.0,NC,R223,R,0.9251101321585903,C,4.41,0,-10,-3,-3,-,-3,-3,-3,-3,-,-3,0,0,-10,TM4,12
-,0.0,NC,K224,K,0.9911504424778761,C,4.42,-4,-3,-4,-4,-,-4,-3,-4,-3,-3,-3,-3,-4,-4,TM4,13
-,0.0,NC,C225,W,0.9288888888888889,C,4.43,-10,-10,-,2,-,-4,-,-10,-,-3,-10,-2,-4,-,TM4,9
-,0.0,NC,L226,V,0.5644444444444444,NC,4.44,-,-,-,-,-,-,-,-,-,-,-,-,-,-,TM4,0
Y,0.5948616600790514,NC,F227,F,1.0,C,4.45,3,-,3,3,-,3,-,3,-,3,3,3,3,0,TM4,10
-,0.0,NC,L228,L,0.9955555555555555,C,4.46,-,1,1,-2,1,-,-2,-,-2,-2,-10,-2,-,1,TM4,10
-,0.0,NC,F229,F,0.9822222222222222,C,4.47,0,-3,0,-1,-3,-3,0,-3,0,0,0,0,0,0,TM4,14
I,0.556507413509061,NC,I230,I,0.9866666666666667,C,4.48,-,1,-,-,-,-,-1,-,-,1,-10,1,1,-10,TM4,7
G,0.9884754692130392,C,G231,G,1.0,C,4.49,-,-,-,-,-,-,-,-,-,-,-,-,-,-,TM4,0
W,0.9944060546232313,C,W232,W,1.0,C,4.5,-,-,-,-,-,-,-,-,-,-,-,-,-,-,TM4,0
G,0.8292682926829268,NC,C233,C,0.9821428571428571,C,4.51,-4,-4,-4,-4,-,-4,-4,-4,-4,-4,-10,-4,-4,-4,TM4,13
-,0.0,NC,I234,I,0.8883928571428571,NC,4.52,-,-,-,-,-,-,-,-,-,-,-,-,-,-,TM4,0
P,0.9880676168379184,C,P235,P,0.9955357142857143,C,4.53,-,-,-,-,-,-,-,-,-,-,-,-,-,-,TM4,0
-,0.0,NC,F236,C,0.9017857142857143,C,4.54,-1,-1,-2,-1,-3,-2,-1,-10,-1,-2,-10,-2,-1,-10,TM4,14
-,0.0,NC,P237,P,0.9955555555555555,C,4.55,-3,-10,-10,-3,-,-3,-3,-3,-10,-3,-3,-4,-3,-3,TM4,13
F,0.5607569721115537,NC,I238,I,0.9911111111111112,C,4.56,-1,-1,-1,-2,-,-1,-1,-1,-1,-4,-1,-4,-1,-1,TM4,13
-,0.0,NC,I239,I,0.9377777777777778,C,4.57,-,3,-,3,-,3,3,-10,3,-2,3,-2,3,-1,TM4,11
-,0.0,NC,V240,I,0.5911111111111111,NC,4.58,-,-,-,-,-,-,-,-,-,-,-,-,-,-,TM4,0
-,0.0,NC,A241,A,0.9244444444444444,C,4.59,-10,-10,-,0,-,-1,0,-1,-,-2,-1,-2,-1,-10,TM4,11
W,0.8368841544607191,NC,W242,W,0.9955555555555555,C,4.6,-,-,-,-,-,-,-,-,-,-3,-,-3,-,-,TM4,2
A,0.5457570715474209,NC,A243,A,0.9911504424778761,C,4.61,0,-,0,-,-,0,-,0,-,-,-10,-,0,-2,TM4,7
-,0.0,NC,I244,I,0.8539823008849557,NC,4.62,-,-,-,-,-,-,-,-,-,-,-,-,-,-,TM4,0
-,0.0,NC,G245,G,0.8986784140969163,NC,4.63,-,-,-,-,-,-,-,-,-,-,-,-,-,-,TM4,0
R,0.6268308921438083,NC,K246,K,0.9823788546255506,C,4.64,2,2,2,2,-,-,2,-,2,2,2,2,2,-,TM4,10
-,0.0,NC,L247,L,0.9427312775330396,C,4.65,1,-10,1,-,-,-2,-2,-10,-2,-2,-10,-3,-2,-10,TM4,12
-,0.0,NC,Y248,Y,0.9515418502202643,C,4.66,-10,3,-10,2,-,-2,-2,-2,-2,-10,-10,-2,-2,-,TM4,12
-,0.0,NC,Y249,Y,0.8893805309734514,NC,4.67,-,-,-,-,-,-,-,-,-,-,-,-,-,-,TM4,0
E,0.5171381031613976,NC,E250,E,0.9867256637168141,C,4.68,-,-,-10,1,1,-,-1,-,-1,-4,-,-3,-,-,TM4,7
N,0.5123087159015303,NC,N251,N,0.9380530973451328,C,-,1,1,1,1,-,1,1,-,1,-,-,-,-,1,ECL2,8
-,0.0,NC,E252,E,0.9688888888888889,C,-,-1,-10,-10,-1,-,-,-1,-4,-1,1,-1,1,-1,-1,ECL2,12
-,0.0,NC,Q253,Q,0.9333333333333333,C,-,-2,-2,-2,-2,1,-2,2,-,1,0,-2,0,-,-1,ECL2,12
C,0.9923358880373209,C,C254,C,1.0,C,45.5,-,-,-,-,-,-,-,-,-,-,-,-,-,-,ECL2,0
W,0.9936645548516172,C,W255,W,1.0,C,45.51,-,-,-,-,-,-,-,-,-,-,-,-,-,-,ECL2,0
-,0.0,NC,F256,F,0.9955555555555555,C,45.52,-4,-4,-4,-4,-,-2,-4,-10,-4,0,-10,-1,-4,-4,ECL2,13
-,0.0,NC,G257,G,0.9955555555555555,C,-,-2,-5,-10,-4,-,-3,-4,-10,-4,-1,-2,-1,-3,-10,ECL2,13
-,0.0,NC,K258,K,0.9911111111111112,C,-,0,0,-3,0,-,0,-1,0,-1,-3,0,-1,0,0,ECL2,13
-,0.0,NC,E259,E,0.9866666666666667,C,-,1,-10,-,1,-1,0,-1,-10,-1,-10,-10,-10,-,-10,ECL2,12
-,0.0,NC,P260,P,0.9866666666666667,C,-,-10,-10,-10,-10,-1,-10,-10,-10,-10,-10,-10,-10,-10,-10,ECL2,14
-,0.0,NC,G261,G,1.0,C,-,-3,-1,-1,-1,-,-1,-,-1,-,-3,-1,-2,-10,-10,ECL2,11
-,0.0,NC,D262,K,0.5822222222222222,NC,-,-,-,-,-,-,-,-,-,-,-,-,-,-,-,ECL2,0
-,0.0,NC,L263,Y,0.6,NC,-,-,-,-,-,-,-,-,-,-,-,-,-,-,-,ECL2,0
-,0.0,NC,V264,-,0.0,NC,5.35,-,-,-,-,-,-,-,-,-,-,-,-,-,-,TM5,0
W,0.543066178915863,NC,D265,D,1.0,C,5.36,-6,-6,-6,-6,-,-6,-1,-6,-1,-5,-6,-5,-6,-6,TM5,13
W,0.6299003322259136,NC,Y266,Y,0.9955555555555555,C,5.37,2,2,2,2,-,-2,2,2,2,-,2,-,2,2,TM5,11
I,0.7877781467950847,NC,I267,I,0.9822222222222222,C,5.38,3,-,-,3,-,-,-,-,-,-,-,-,-,-,TM5,2
I,0.6594756057085961,NC,Y268,Y,0.9911504424778761,C,5.39,-2,-2,-2,-2,-,-2,-2,-2,-,-2,-2,-2,-2,-2,TM5,12
-,0.0,NC,Q269,Q,0.995575221238938,C,5.4,1,1,1,1,-,1,-,1,-,1,1,1,1,1,TM5,11
G,0.5701958181214736,NC,G270,G,0.995575221238938,C,5.41,-10,-,-10,-,-,-4,-4,-4,0,-,-,-,-2,-,TM5,7
P,0.9913707268503154,C,P271,P,1.0,C,5.42,-,-,-,-,-,-,-,-,-,-,-,-,-,-,TM5,0
I,0.6064430421786782,NC,I272,V,0.588495575221239,NC,5.43,-,-,-,-,-,-,-,-,-,-,-,-,-,-,TM5,0
-,0.0,NC,I273,I,0.9955555555555555,C,5.44,1,-,1,3,-,1,1,-1,1,1,1,-2,1,3,TM5,12
-,0.0,NC,L274,L,0.9733333333333334,C,5.45,1,-,-10,-4,-,0,-2,-,-2,-2,-,-2,-10,-10,TM5,10
-,0.0,NC,V275,V,1.0,C,5.46,-2,-2,-2,-2,-,0,0,0,0,0,-10,0,0,-2,TM5,13
I,0.5476269498838368,NC,L276,L,1.0,C,5.47,1,1,1,1,-,1,1,1,1,-,1,-,1,1,TM5,11
-,0.0,NC,L277,L,0.9911894273127754,C,5.48,1,-10,-,2,-,-4,1,-,-4,-,-10,-,-,-4,TM5,8
V,0.5397296406198483,NC,I278,I,0.9779735682819384,C,5.49,3,-,3,-,-,3,3,-,1,3,3,3,-,3,TM5,9
N,0.9709379128137384,C,N279,N,0.9911894273127754,C,5.5,-,-,-,-,-,-,-,-,-,-,-,-,-,-,TM5,0
F,0.8776455026455027,NC,F280,F,0.9955947136563876,C,5.51,-,-,-,-,-,-,-,-,-,-,-,0,-,-,TM5,1
-,0.0,NC,V281,V,0.8893805309734514,NC,5.52,-,-,-,-,-,-,-,-,-,-,-,-,-,-,TM5,0
-,0.0,NC,F282,F,0.995575221238938,C,5.53,0,0,0,0,-,-1,0,-1,0,-,-1,-,-1,0,TM5,11
F,0.6938099966898378,NC,L283,L,1.0,C,5.54,0,0,0,0,-,0,0,0,0,-,0,-,0,0,TM5,11
-,0.0,NC,F284,F,1.0,C,5.55,-1,-10,-1,-1,-,-1,-1,-1,0,0,0,0,-1,-10,TM5,13
N,0.5483764082173624,NC,N285,N,0.995575221238938,C,5.56,0,-,-3,-1,-,-1,-,-1,-,-,0,-,-1,-,TM5,7
I,0.8996356409407088,NC,I286,I,0.995575221238938,C,5.57,-,-,-,-,-,3,-,-,-1,-,-,-,-,-,TM5,2
-,0.0,NC,V287,V,0.995575221238938,C,5.58,3,1,3,3,-,3,3,3,-,-,1,-,1,3,TM5,10
R,0.7015568068896986,NC,R288,R,0.995575221238938,C,5.59,-,-,-,-3,-,-4,-,-10,-,-,2,-,-3,-,TM5,5
I,0.6176275679257787,NC,I289,I,0.995575221238938,C,5.6,-,-,-,-,-,-,3,-,3,3,1,3,-,-,TM5,5
L,0.941351888667992,C,L290,L,0.995575221238938,C,5.61,-,-,-,-,-,1,-,-,-,-,-,-,-,-,TM5,1
-,0.0,NC,M291,M,0.995575221238938,C,5.62,2,-,1,1,-,1,-1,1,-1,1,1,1,1,2,TM5,12
-,0.0,NC,T292,T,0.995575221238938,C,5.63,-1,-1,-1,-1,-,1,-,1,-,-,1,-,1,-10,TM5,9
K,0.9960264900662251,C,K293,K,0.995575221238938,C,5.64,-,-,-,-,-,-,-,-,-,-,-,-,-,-,TM5,0
L,0.8951025810721377,NC,L294,L,0.9911894273127754,C,5.65,-,-,-,-,-,-,-,-,1,-,-,-,-,-,TM5,1
R,0.5066137566137566,NC,R295,R,0.986784140969163,C,5.66,-,-,-10,1,-,2,-,-,-4,-,2,2,-,-10,TM5,7
-,0.0,NC,A296,A,0.9911894273127754,C,5.67,1,0,-10,1,-,-,-1,-,-1,-2,-,0,0,-1,TM5,10
-,0.0,NC,S297,S,0.986784140969163,C,-,-1,-10,-1,-1,-,0,1,-1,1,1,-10,1,-1,-1,ICL3,13
-,0.0,NC,T298,T,0.973568281938326,C,-,-1,-1,-1,-1,-,-2,0,-1,0,-2,-1,-2,-1,-1,ICL3,13
-,0.0,NC,T299,T,0.986784140969163,C,-,0,-10,0,-1,-,-1,0,-1,0,-1,-1,-1,-1,-1,ICL3,13
-,0.0,NC,-,-,0.0,NC,-,-,-,-,-,-,-,-,-,-,-,-,-,-,-,-,0
-,0.0,NC,-,-,0.0,NC,-,-,-,-,-,-,-,-,-,-,-,-,-,-,-,-,0
-,0.0,NC,S300,S,0.986784140969163,C,6.3,0,0,0,0,-,1,-2,1,-10,1,-10,1,-10,0,TM6,13
-,0.0,NC,E301,E,0.9779735682819384,C,6.31,1,-,-,-,-,1,1,1,1,-,1,-,1,-1,TM6,8
-,0.0,NC,T302,T,0.9778761061946902,C,6.32,-1,-10,1,1,-,-10,-,-10,-,1,-10,1,-10,1,TM6,11
-,0.0,NC,-,-,0.0,NC,-,-,-,-,-,-,-,-,-,-,-,-,-,-,-,-,0
-,0.0,NC,I303,I,0.9424778761061947,C,6.33,-3,-4,-3,-3,-,-10,-3,-10,-3,-4,-10,-4,-10,-3,TM6,13
Q,0.6215292609995728,NC,Q304,Q,0.9955947136563876,C,6.34,-,-,-,-3,-,-10,-,-10,-,0,-10,-3,-10,-,TM6,7
Y,0.9319907560250907,C,Y305,Y,0.9911504424778761,C,6.35,-,-,-,-,-,-2,-,-,-,-,-,-,-,-,TM6,1
-,0.0,NC,R306,R,0.9911894273127754,C,6.36,2,2,-1,-3,-,2,-,2,-,-2,2,-2,-,-,TM6,9
-,0.0,NC,-,-,0.0,NC,-,-,-,-,-,-,-,-,-,-,-,-,-,-,-,-,0
R,0.537951607557176,NC,K307,K,0.9911504424778761,C,6.37,2,2,2,2,-,2,-,2,-,-,2,-,2,2,TM6,9
L,0.692154915590864,NC,A308,A,0.9867256637168141,C,6.38,-2,-2,-2,-2,-,-2,-2,-2,-2,-,-2,-,-2,-2,TM6,11
A,0.5418735518040384,NC,V309,V,0.9911504424778761,C,6.39,0,0,0,0,-,0,1,0,0,-,0,-,0,-2,TM6,11
K,0.6773659827928524,NC,K310,K,0.9911504424778761,C,6.4,-,-,-,2,-,-,-,-,-,2,2,2,2,-,TM6,5
S,0.6751571286801191,NC,A311,A,0.9911504424778761,C,6.41,1,1,1,1,-,1,1,1,1,-,1,-,1,1,TM6,11
T,0.9897520661157024,C,T312,T,0.995575221238938,C,6.42,-,-,-,-,-,-,-,-,-,-,-,-,-,-,TM6,0
L,0.9702380952380952,C,L313,L,0.9911504424778761,C,6.43,-,-,-,-,-,-,-,-,-,-,-,-,-,-,TM6,0
-,0.0,NC,V314,V,0.9911504424778761,C,6.44,1,1,1,1,-,0,-,0,-,3,-,3,0,1,TM6,10
L,0.9953719008264463,C,L315,L,0.9911504424778761,C,6.45,-,-,-,-,-,-,-,-,-,-,-,-,-,-,TM6,0
I,0.5213364207740655,NC,L316,L,0.9911504424778761,C,6.46,1,1,1,1,-,1,2,1,1,1,1,1,1,1,TM6,13
P,0.9292328042328042,C,P317,P,1.0,C,6.47,-,-,-,-,-,-,-,-,-3,-,-,-,-,-,TM6,1
L,0.9404565001653986,C,L318,L,1.0,C,6.48,-,-,-,-,-,-,-,-,1,-,-,-,-,-,TM6,1
L,0.5312810327706058,NC,L319,L,0.9955555555555555,C,6.49,0,0,0,0,-,-,0,-,0,-,-,-,-,0,TM6,7
G,0.9980145598941098,C,G320,G,1.0,C,6.5,-,-,-,-,-,-,-,-,-,-,-,-,-,-,TM6,0
I,0.5539021164021164,NC,I321,I,0.9469026548672567,C,6.51,3,3,-10,-,-,-1,3,-,3,-,-10,-,3,-1,TM6,9
H,0.6635792259345021,NC,T322,T,0.9911504424778761,C,6.52,-2,-2,-2,-2,-,-2,-2,-2,-2,-1,-2,-1,-2,-2,TM6,13
Y,0.6142904399603043,NC,Y323,Y,0.9911504424778761,C,6.53,-,-,-,-,-,-3,-,-3,-,3,-3,3,-3,-,TM6,6
-,0.0,NC,M324,M,0.9823008849557522,C,6.54,-10,1,1,-1,-,1,1,1,1,1,-10,1,1,1,TM6,13
-,0.0,NC,L325,L,0.995575221238938,C,6.55,1,1,2,1,-,1,1,1,1,1,1,-,1,-10,TM6,12
F,0.9050611974859412,C,F326,F,0.9911504424778761,C,6.56,-,-,-,-,-,-,-,-,-,-,-,-10,-,-,TM6,1
-,0.0,NC,F327,F,0.9734513274336283,C,6.57,-3,-3,-3,-3,-,-3,0,-3,-1,-4,-10,-4,-3,-4,TM6,13
-,0.0,NC,V328,V,0.9646017699115044,C,6.58,-10,-1,-1,-1,-,-1,0,-1,-1,-3,-1,-3,-3,-1,TM6,13
-,0.0,NC,N329,N,0.9690265486725663,C,-,-4,-10,-4,0,-,-4,-3,-4,-4,-1,-4,-1,-4,-4,ECL3,13
P,0.7536472148541115,NC,P330,P,0.995575221238938,C,-,-,-,-,-,-,-3,-,-2,-,-,-2,-,-2,-,ECL3,4
-,0.0,NC,G331,G,1.0,C,-,-10,-10,-10,-10,-,-10,-10,-10,-10,-10,-10,-10,-10,-10,ECL3,13
-,0.0,NC,E332,E,0.9513274336283186,C,-,-10,-10,-10,-10,-,-10,-10,-10,-10,-10,-10,-10,-10,-10,ECL3,13
-,0.0,NC,D333,D,1.0,C,-,-10,1,-,1,-,-,-4,-,-2,1,-,1,1,-,ECL3,8
-,0.0,NC,D334,D,0.8672566371681416,NC,7.32,-,-,-,-,-,-,-,-,-,-,-,-,-,-,TM7,0
-,0.0,NC,L335,I,0.5752212389380531,NC,7.33,-,-,-,-,-,-,-,-,-,-,-,-,-,-,TM7,0
-,0.0,NC,-,-,0.0,NC,-,-,-,-,-,-,-,-,-,-,-,-,-,-,-,-,0
-,0.0,NC,-,-,0.0,NC,-,-,-,-,-,-,-,-,-,-,-,-,-,-,-,-,0
G,0.7931858936043037,NC,-,-,0.0,NC,-,-,-,-,-,-,-,-,-,-,-,-,-,-,-,-,0
-,0.0,NC,-,-,0.0,NC,-,-,-,-,-,-,-,-,-,-,-,-,-,-,-,-,0
-,0.0,NC,S336,S,0.9690265486725663,C,7.34,-10,1,-10,-10,-,-3,-3,-3,-1,-10,-,-10,-3,-10,TM7,12
-,0.0,NC,Q337,Q,0.9867256637168141,C,7.35,-10,0,-10,1,1,1,-3,1,-3,-10,1,-10,1,-3,TM7,14
-,0.0,NC,I338,I,0.9690265486725663,C,7.36,-10,-4,-4,-3,-,-1,-3,-10,-4,-4,-10,-4,-10,-5,TM7,13
-,0.0,NC,M339,V,0.9555555555555556,C,7.37,-2,3,-,-3,-,3,-,-10,3,3,3,3,0,-10,TM7,11
-,0.0,NC,F340,F,0.9955555555555555,C,7.38,-10,-4,-4,-4,-,-4,-4,-4,-4,3,-4,3,-4,-4,TM7,13
-,0.0,NC,I341,I,0.9511111111111111,C,7.39,-,1,1,1,-,1,1,1,1,-4,1,-4,1,1,TM7,12
-,0.0,NC,Y342,Y,0.9911111111111112,C,7.4,-10,3,-2,-2,-,3,2,3,2,-,3,-,-10,-10,TM7,11
F,0.5039735099337749,NC,F343,F,0.9911111111111112,C,7.41,-,-,-,-,-,-2,3,-,-3,-1,-1,-1,-,0,TM7,7
E,0.5168986083499006,NC,N344,N,0.9911111111111112,C,7.42,-1,-1,-1,-1,-,-1,-1,1,-1,-3,0,-3,-1,-1,TM7,13
L,0.5847121111846459,NC,S345,S,0.9955555555555555,C,7.43,-3,-3,-3,-3,-,-3,-2,-3,-3,-1,-3,-1,-3,-3,TM7,13
-,0.0,NC,F346,F,0.9822222222222222,C,7.44,-3,-3,-1,-4,-,-3,0,-,-,-1,-2,-1,-,-3,TM7,10
L,0.657606894265827,NC,L347,L,0.9911111111111112,C,7.45,-,-,1,-,-,0,0,-,0,-,-,-,-,-,TM7,4
-,0.0,NC,Q348,Q,0.9867256637168141,C,7.46,-2,-2,-2,-2,2,-1,0,0,0,0,0,0,0,-2,TM7,14
S,0.8386883073865519,NC,S349,S,0.9734513274336283,C,7.47,-,-,-,-,-,-,-,-,-,-1,-,-1,-,-,TM7,2
F,0.8639523336643495,NC,F350,F,0.9867256637168141,C,7.48,-,-,-,-,-,-,-,-,-,3,-,3,-,-,TM7,2
Q,0.949685534591195,C,Q351,Q,0.9866666666666667,C,7.49,-,-,-,-,-,-,-,-,-,-,1,-,-,-,TM7,1
G,0.9897854954034729,C,G352,G,0.9954545454545455,C,7.5,-,-,-,-,-,-,-,-,-,-,-,-,-,-,TM7,0
F,0.5939414567733152,NC,F353,F,0.990909090909091,C,7.51,0,0,-,-,-,0,-,0,-,0,-,0,-,-,TM7,6
-,0.0,NC,F354,F,0.9863013698630136,C,7.52,-1,-1,-1,-1,-,0,-,0,-,0,0,0,0,-1,TM7,11
V,0.9805924412665986,C,V355,V,0.9954337899543378,C,7.53,-,-,-,-,-,-,-,-,-,-,-,-,-,-,TM7,0
A,0.7105978260869565,NC,S356,S,0.9819819819819819,C,7.54,1,1,1,1,-,1,1,1,-,1,1,1,-,1,TM7,11
-,0.0,NC,V357,V,0.9863636363636363,C,7.55,-,-,-,-,-,3,3,3,3,0,-10,0,-,3,TM7,8
L,0.5295717199184229,NC,F358,F,0.990909090909091,C,7.56,0,0,0,0,-,0,-1,0,-1,-1,0,-1,0,0,TM7,13
Y,0.8653519211152669,NC,Y359,Y,0.9863636363636363,C,7.57,-,-,-,-,-,-,-,-,-,3,-,3,-,-,TM7,2
C,0.9758749575263337,C,C360,C,1.0,C,7.58,-,-,-,-,-,-,-,-,-,-,-,-,-,-,TM7,0
F,0.9371389738362216,C,F361,F,0.990909090909091,C,7.59,-,-,-,-,-,-,-,-,3,-,-,-,-,-,TM7,1
-,0.0,NC,F362,L,0.6199095022624435,NC,7.6,-,-,-,-,-,-,-,-,-,-,-,-,-,-,TM7,0
N,0.9819482288828338,C,N363,N,0.9863636363636363,C,8.47,-,-,-,-,-,-,-,-,-,-,-,-,-,-,H8,0
G,0.5814032697547684,NC,G364,G,0.9636363636363636,C,8.48,-1,-,-,-,-1,-1,-,-2,-,-,-,-,-2,-2,H8,6
E,0.9806320081549439,C,E365,E,0.9909502262443439,C,8.49,-,-,-,-,-,-,-,-,-,-,-,-,-,-,H8,0
V,0.982573726541555,C,V366,V,0.990909090909091,C,8.5,-,-,-,-,-,-,-,-,-,-,-,-,-,-,H8,0
Q,0.7400539447066756,NC,R367,R,0.958904109589041,C,8.51,1,1,1,1,-,1,1,1,1,1,2,1,1,1,H8,13
-,0.0,NC,S368,S,0.9409090909090909,C,8.52,-10,-3,1,-10,-,-2,1,-,-10,-10,1,1,-,1,H8,11
E,0.6762809636918901,NC,A369,A,0.9724770642201835,C,8.53,-1,-1,-1,-1,-,-1,-1,-1,-1,-,-1,0,-1,-1,H8,12
-,0.0,NC,V370,-,0.0,NC,8.54,-,-,-,-,-,-,-,-,-,-,-,-,-,-,H8,0
-,0.0,NC,R371,R,0.9490740740740741,C,8.55,2,1,2,2,-,-,2,-3,2,2,-10,-,-,-10,H8,10
-,0.0,NC,K372,K,0.9769585253456221,C,8.56,2,2,2,2,-,-,-,-,-,2,-,2,2,2,H8,8
-,0.0,NC,R373,R,0.9490740740740741,C,8.57,2,2,2,2,-,-1,-1,-10,-10,1,-10,0,-10,-10,H8,13
W,0.9691645751165292,C,W374,W,0.9768518518518519,C,8.58,-,-,-,-,-,-,-,-,-,-,-,-,-,-10,H8,1
-,0.0,NC,H375,H,0.9722222222222222,C,8.59,0,0,0,0,-,0,-1,-10,-10,-10,-10,0,-,-10,H8,12
R,0.5877732240437158,NC,R376,R,0.9814814814814815,C,8.6,-1,1,-,-1,-,-,-,-,-,1,-,1,-,-,H8,5
W,0.6375128117526477,NC,W377,W,0.9907407407407407,C,8.61,-2,-,-,-,-,-,-,-,-,2,0,2,-3,-,H8,5
-,0.0,NC,Q378,Q,0.9814814814814815,C,8.62,-4,1,1,1,-,1,-1,1,0,1,-3,1,1,1,H8,13
L,0.5832610581092801,NC,-,-,0.0,NC,-,-,-,-,-,-,-,-,-,-,-,-,-,-,-,-,0
-,0.0,NC,D379,D,0.9769585253456221,C,8.63,-10,-10,-10,-10,-,-10,-10,-10,-10,-10,-10,-10,-10,-2,H8,13
-,0.0,NC,H380,H,0.6728110599078341,NC,8.64,-,-,-,-,-,-,-,-,-,-,-,-,-,-,H8,0
-,0.0,NC,-,-,0.0,NC,-,-,-,-,-,-,-,-,-,-,-,-,-,-,-,-,0
-,0.0,NC,-,-,0.0,NC,-,-,-,-,-,-,-,-,-,-,-,-,-,-,-,-,0
-,0.0,NC,H381,H,0.9541284403669725,C,8.65,-10,-10,0,0,-,-,-3,-10,-10,1,-10,-10,-10,-10,H8,12
-,0.0,NC,S382,S,0.6559633027522935,NC,8.66,-,-,-,-,-,-,-,-,-,-,-,-,-,-,H8,0
-,0.0,NC,L383,L,0.9770642201834863,C,8.67,-10,-10,-,0,1,-3,0,-,-2,-3,-10,0,-,-10,H8,11
-,0.0,NC,R384,R,0.9631336405529954,C,8.68,-3,-10,-3,-2,-,-10,2,-10,2,-10,-3,-1,-10,-3,H8,13
-,0.0,NC,V385,V,0.9357798165137615,C,8.69,-3,-10,-2,-,0,-3,-3,-3,-3,-10,-1,-4,-3,-10,H8,13
-,0.0,NC,P386,R,0.5799086757990868,NC,8.7,-,-,-,-,-,-,-,-,-,-,-,-,-,-,H8,0
-,0.0,NC,-,-,0.0,NC,-,-,-,-,-,-,-,-,-,-,-,-,-,-,-,-,0
-,0.0,NC,M387,V,0.9223744292237442,C,8.71,-2,-10,-10,-1,-,-4,0,-10,-10,-2,-10,0,-10,0,H8,13
-,0.0,NC,-,-,0.0,NC,-,-,-,-,-,-,-,-,-,-,-,-,-,-,-,-,0
-,0.0,NC,-,-,0.0,NC,-,-,-,-,-,-,-,-,-,-,-,-,-,-,-,-,0
-,0.0,NC,-,-,0.0,NC,-,-,-,-,-,-,-,-,-,-,-,-,-,-,-,-,0
-,0.0,NC,-,-,0.0,NC,-,-,-,-,-,-,-,-,-,-,-,-,-,-,-,-,0
-,0.0,NC,-,-,0.0,NC,-,-,-,-,-,-,-,-,-,-,-,-,-,-,-,-,0
-,0.0,NC,-,-,0.0,NC,-,-,-,-,-,-,-,-,-,-,-,-,-,-,-,-,0
-,0.0,NC,A388,A,0.9409090909090909,C,8.72,-10,-10,-10,-10,-,-1,-10,-2,-10,-10,-10,-2,-10,-10,H8,13
R,0.6095238095238096,NC,R389,R,0.954954954954955,C,-,-,-10,2,2,-,2,-,-,-2,-,2,-,-,-,C-ter,6
-,0.0,NC,-,-,0.0,NC,-,-,-,-,-,-,-,-,-,-,-,-,-,-,-,-,0
-,0.0,NC,-,-,0.0,NC,-,-,-,-,-,-,-,-,-,-,-,-,-,-,-,-,0
-,0.0,NC,-,-,0.0,NC,-,-,-,-,-,-,-,-,-,-,-,-,-,-,-,-,0
-,0.0,NC,-,-,0.0,NC,-,-,-,-,-,-,-,-,-,-,-,-,-,-,-,-,0
-,0.0,NC,-,-,0.0,NC,-,-,-,-,-,-,-,-,-,-,-,-,-,-,-,-,0
-,0.0,NC,-,-,0.0,NC,-,-,-,-,-,-,-,-,-,-,-,-,-,-,-,-,0
-,0.0,NC,-,-,0.0,NC,-,-,-,-,-,-,-,-,-,-,-,-,-,-,-,-,0
-,0.0,NC,-,-,0.0,NC,-,-,-,-,-,-,-,-,-,-,-,-,-,-,-,-,0
-,0.0,NC,-,-,0.0,NC,-,-,-,-,-,-,-,-,-,-,-,-,-,-,-,-,0
-,0.0,NC,-,-,0.0,NC,-,-,-,-,-,-,-,-,-,-,-,-,-,-,-,-,0
-,0.0,NC,-,-,0.0,NC,-,-,-,-,-,-,-,-,-,-,-,-,-,-,-,-,0
-,0.0,NC,-,-,0.0,NC,-,-,-,-,-,-,-,-,-,-,-,-,-,-,-,-,0
-,0.0,NC,-,-,0.0,NC,-,-,-,-,-,-,-,-,-,-,-,-,-,-,-,-,0
-,0.0,NC,-,-,0.0,NC,-,-,-,-,-,-,-,-,-,-,-,-,-,-,-,-,0
P,0.5123639960435212,NC,-,-,0.0,NC,-,-,-,-,-,-,-,-,-,-,-,-,-,-,-,-,0
-,0.0,NC,-,-,0.0,NC,-,-,-,-,-,-,-,-,-,-,-,-,-,-,-,-,0
-,0.0,NC,-,-,0.0,NC,-,-,-,-,-,-,-,-,-,-,-,-,-,-,-,-,0
-,0.0,NC,-,-,0.0,NC,-,-,-,-,-,-,-,-,-,-,-,-,-,-,-,-,0
-,0.0,NC,-,-,0.0,NC,-,-,-,-,-,-,-,-,-,-,-,-,-,-,-,-,0
-,0.0,NC,-,-,0.0,NC,-,-,-,-,-,-,-,-,-,-,-,-,-,-,-,-,0
-,0.0,NC,-,-,0.0,NC,-,-,-,-,-,-,-,-,-,-,-,-,-,-,-,-,0
-,0.0,NC,-,-,0.0,NC,-,-,-,-,-,-,-,-,-,-,-,-,-,-,-,-,0
-,0.0,NC,-,-,0.0,NC,-,-,-,-,-,-,-,-,-,-,-,-,-,-,-,-,0
-,0.0,NC,-,-,0.0,NC,-,-,-,-,-,-,-,-,-,-,-,-,-,-,-,-,0
-,0.0,NC,-,-,0.0,NC,-,-,-,-,-,-,-,-,-,-,-,-,-,-,-,-,0
-,0.0,NC,-,-,0.0,NC,-,-,-,-,-,-,-,-,-,-,-,-,-,-,-,-,0
-,0.0,NC,-,-,0.0,NC,-,-,-,-,-,-,-,-,-,-,-,-,-,-,-,-,0
-,0.0,NC,-,-,0.0,NC,-,-,-,-,-,-,-,-,-,-,-,-,-,-,-,-,0
-,0.0,NC,-,-,0.0,NC,-,-,-,-,-,-,-,-,-,-,-,-,-,-,-,-,0
S,0.74812734082397,NC,-,-,0.0,NC,-,-,-,-,-,-,-,-,-,-,-,-,-,-,-,-,0
-,0.0,NC,-,-,0.0,NC,-,-,-,-,-,-,-,-,-,-,-,-,-,-,-,-,0
-,0.0,NC,-,-,0.0,NC,-,-,-,-,-,-,-,-,-,-,-,-,-,-,-,-,0
-,0.0,NC,-,-,0.0,NC,-,-,-,-,-,-,-,-,-,-,-,-,-,-,-,-,0
-,0.0,NC,-,-,0.0,NC,-,-,-,-,-,-,-,-,-,-,-,-,-,-,-,-,0
-,0.0,NC,-,-,0.0,NC,-,-,-,-,-,-,-,-,-,-,-,-,-,-,-,-,0
-,0.0,NC,-,-,0.0,NC,-,-,-,-,-,-,-,-,-,-,-,-,-,-,-,-,0
-,0.0,NC,-,-,0.0,NC,-,-,-,-,-,-,-,-,-,-,-,-,-,-,-,-,0
-,0.0,NC,-,-,0.0,NC,-,-,-,-,-,-,-,-,-,-,-,-,-,-,-,-,0
-,0.0,NC,-,-,0.0,NC,-,-,-,-,-,-,-,-,-,-,-,-,-,-,-,-,0
-,0.0,NC,-,-,0.0,NC,-,-,-,-,-,-,-,-,-,-,-,-,-,-,-,-,0
-,0.0,NC,-,-,0.0,NC,-,-,-,-,-,-,-,-,-,-,-,-,-,-,-,-,0
-,0.0,NC,-,-,0.0,NC,-,-,-,-,-,-,-,-,-,-,-,-,-,-,-,-,0
-,0.0,NC,-,-,0.0,NC,-,-,-,-,-,-,-,-,-,-,-,-,-,-,-,-,0
-,0.0,NC,-,-,0.0,NC,-,-,-,-,-,-,-,-,-,-,-,-,-,-,-,-,0
-,0.0,NC,-,-,0.0,NC,-,-,-,-,-,-,-,-,-,-,-,-,-,-,-,-,0
-,0.0,NC,-,-,0.0,NC,-,-,-,-,-,-,-,-,-,-,-,-,-,-,-,-,0
-,0.0,NC,-,-,0.0,NC,-,-,-,-,-,-,-,-,-,-,-,-,-,-,-,-,0
L,0.5905612244897959,NC,-,-,0.0,NC,-,-,-,-,-,-,-,-,-,-,-,-,-,-,-,-,0
-,0.0,NC,-,-,0.0,NC,-,-,-,-,-,-,-,-,-,-,-,-,-,-,-,-,0
-,0.0,NC,-,-,0.0,NC,-,-,-,-,-,-,-,-,-,-,-,-,-,-,-,-,0
-,0.0,NC,A390,A,0.9506726457399103,C,-,1,-10,0,-,-,-10,-10,-10,1,0,-,0,-10,1,C-ter,11
-,0.0,NC,-,-,0.0,NC,-,-,-,-,-,-,-,-,-,-,-,-,-,-,-,-,0
-,0.0,NC,-,-,0.0,NC,-,-,-,-,-,-,-,-,-,-,-,-,-,-,-,-,0
-,0.0,NC,-,-,0.0,NC,-,-,-,-,-,-,-,-,-,-,-,-,-,-,-,-,0
-,0.0,NC,-,-,0.0,NC,-,-,-,-,-,-,-,-,-,-,-,-,-,-,-,-,0
-,0.0,NC,-,-,0.0,NC,-,-,-,-,-,-,-,-,-,-,-,-,-,-,-,-,0
-,0.0,NC,-,-,0.0,NC,-,-,-,-,-,-,-,-,-,-,-,-,-,-,-,-,0
-,0.0,NC,-,-,0.0,NC,-,-,-,-,-,-,-,-,-,-,-,-,-,-,-,-,0
-,0.0,NC,-,-,0.0,NC,-,-,-,-,-,-,-,-,-,-,-,-,-,-,-,-,0
-,0.0,NC,-,-,0.0,NC,-,-,-,-,-,-,-,-,-,-,-,-,-,-,-,-,0
-,0.0,NC,-,-,0.0,NC,-,-,-,-,-,-,-,-,-,-,-,-,-,-,-,-,0
-,0.0,NC,-,-,0.0,NC,-,-,-,-,-,-,-,-,-,-,-,-,-,-,-,-,0
-,0.0,NC,-,-,0.0,NC,-,-,-,-,-,-,-,-,-,-,-,-,-,-,-,-,0
-,0.0,NC,-,-,0.0,NC,-,-,-,-,-,-,-,-,-,-,-,-,-,-,-,-,0
-,0.0,NC,-,-,0.0,NC,-,-,-,-,-,-,-,-,-,-,-,-,-,-,-,-,0
-,0.0,NC,-,-,0.0,NC,-,-,-,-,-,-,-,-,-,-,-,-,-,-,-,-,0
-,0.0,NC,-,-,0.0,NC,-,-,-,-,-,-,-,-,-,-,-,-,-,-,-,-,0
-,0.0,NC,-,-,0.0,NC,-,-,-,-,-,-,-,-,-,-,-,-,-,-,-,-,0
-,0.0,NC,-,-,0.0,NC,-,-,-,-,-,-,-,-,-,-,-,-,-,-,-,-,0
-,0.0,NC,-,-,0.0,NC,-,-,-,-,-,-,-,-,-,-,-,-,-,-,-,-,0
-,0.0,NC,-,-,0.0,NC,-,-,-,-,-,-,-,-,-,-,-,-,-,-,-,-,0
-,0.0,NC,-,-,0.0,NC,-,-,-,-,-,-,-,-,-,-,-,-,-,-,-,-,0
-,0.0,NC,-,-,0.0,NC,-,-,-,-,-,-,-,-,-,-,-,-,-,-,-,-,0
-,0.0,NC,-,-,0.0,NC,-,-,-,-,-,-,-,-,-,-,-,-,-,-,-,-,0
-,0.0,NC,-,-,0.0,NC,-,-,-,-,-,-,-,-,-,-,-,-,-,-,-,-,0
-,0.0,NC,-,-,0.0,NC,-,-,-,-,-,-,-,-,-,-,-,-,-,-,-,-,0
G,0.7981651376146789,NC,-,-,0.0,NC,-,-,-,-,-,-,-,-,-,-,-,-,-,-,-,-,0
-,0.0,NC,-,-,0.0,NC,-,-,-,-,-,-,-,-,-,-,-,-,-,-,-,-,0
-,0.0,NC,-,-,0.0,NC,-,-,-,-,-,-,-,-,-,-,-,-,-,-,-,-,0
-,0.0,NC,-,-,0.0,NC,-,-,-,-,-,-,-,-,-,-,-,-,-,-,-,-,0
-,0.0,NC,-,-,0.0,NC,-,-,-,-,-,-,-,-,-,-,-,-,-,-,-,-,0
-,0.0,NC,-,-,0.0,NC,-,-,-,-,-,-,-,-,-,-,-,-,-,-,-,-,0
-,0.0,NC,-,-,0.0,NC,-,-,-,-,-,-,-,-,-,-,-,-,-,-,-,-,0
-,0.0,NC,-,-,0.0,NC,-,-,-,-,-,-,-,-,-,-,-,-,-,-,-,-,0
-,0.0,NC,-,-,0.0,NC,-,-,-,-,-,-,-,-,-,-,-,-,-,-,-,-,0
-,0.0,NC,-,-,0.0,NC,-,-,-,-,-,-,-,-,-,-,-,-,-,-,-,-,0
-,0.0,NC,-,-,0.0,NC,-,-,-,-,-,-,-,-,-,-,-,-,-,-,-,-,0
-,0.0,NC,-,-,0.0,NC,-,-,-,-,-,-,-,-,-,-,-,-,-,-,-,-,0
-,0.0,NC,-,-,0.0,NC,-,-,-,-,-,-,-,-,-,-,-,-,-,-,-,-,0
-,0.0,NC,-,-,0.0,NC,-,-,-,-,-,-,-,-,-,-,-,-,-,-,-,-,0
-,0.0,NC,-,-,0.0,NC,-,-,-,-,-,-,-,-,-,-,-,-,-,-,-,-,0
-,0.0,NC,-,-,0.0,NC,-,-,-,-,-,-,-,-,-,-,-,-,-,-,-,-,0
-,0.0,NC,-,-,0.0,NC,-,-,-,-,-,-,-,-,-,-,-,-,-,-,-,-,0
-,0.0,NC,M391,M,0.9049773755656109,C,-,-10,-10,1,2,-,-4,-3,-10,-4,-10,-10,-10,-10,-10,C-ter,13
S,0.5689823874755382,NC,S392,S,0.9638009049773756,C,-,-1,-10,-,-,-,1,-,1,-2,-10,-,-10,-10,-10,C-ter,9
-,0.0,NC,I393,I,0.9140271493212669,C,-,-3,-10,1,-,-,3,-10,-10,1,-10,1,-10,-10,-10,C-ter,12
-,0.0,NC,P394,P,0.9773755656108597,C,-,-3,-10,-3,-3,-,-3,-,-10,-,-10,-1,-10,-10,-10,C-ter,11
-,0.0,NC,-,-,0.0,NC,-,-,-,-,-,-,-,-,-,-,-,-,-,-,-,-,0
-,0.0,NC,T395,T,0.9547511312217195,C,-,1,-10,-,1,-,1,1,-10,-10,-10,1,-1,-10,-10,C-ter,12
-,0.0,NC,-,-,0.0,NC,-,-,-,-,-,-,-,-,-,-,-,-,-,-,-,-,0
-,0.0,NC,-,-,0.0,NC,-,-,-,-,-,-,-,-,-,-,-,-,-,-,-,-,0
-,0.0,NC,-,-,0.0,NC,-,-,-,-,-,-,-,-,-,-,-,-,-,-,-,-,0
S,0.7429028388644542,NC,S396,S,0.9638009049773756,C,-,-10,-,-,-,-,-,-,-,-,0,-,-,-10,-10,C-ter,4
-,0.0,NC,-,-,0.0,NC,-,-,-,-,-,-,-,-,-,-,-,-,-,-,-,-,0
P,0.5084449621432732,NC,P397,P,0.9683257918552036,C,-,-10,-,-,-1,-,-10,-10,-10,-10,-10,-10,-10,-10,-10,C-ter,11
-,0.0,NC,T398,T,0.9547511312217195,C,-,-10,-10,-1,-1,-,-10,-1,-10,-1,-1,-10,-1,-1,-10,C-ter,13
-,0.0,NC,-,-,0.0,NC,-,-,-,-,-,-,-,-,-,-,-,-,-,-,-,-,0
-,0.0,NC,-,-,0.0,NC,-,-,-,-,-,-,-,-,-,-,-,-,-,-,-,-,0
-,0.0,NC,-,-,0.0,NC,-,-,-,-,-,-,-,-,-,-,-,-,-,-,-,-,0
-,0.0,NC,-,-,0.0,NC,-,-,-,-,-,-,-,-,-,-,-,-,-,-,-,-,0
-,0.0,NC,-,-,0.0,NC,-,-,-,-,-,-,-,-,-,-,-,-,-,-,-,-,0
-,0.0,NC,-,-,0.0,NC,-,-,-,-,-,-,-,-,-,-,-,-,-,-,-,-,0
-,0.0,NC,-,-,0.0,NC,-,-,-,-,-,-,-,-,-,-,-,-,-,-,-,-,0
-,0.0,NC,-,-,0.0,NC,-,-,-,-,-,-,-,-,-,-,-,-,-,-,-,-,0
-,0.0,NC,-,-,0.0,NC,-,-,-,-,-,-,-,-,-,-,-,-,-,-,-,-,0
-,0.0,NC,-,-,0.0,NC,-,-,-,-,-,-,-,-,-,-,-,-,-,-,-,-,0
-,0.0,NC,-,-,0.0,NC,-,-,-,-,-,-,-,-,-,-,-,-,-,-,-,-,0
-,0.0,NC,-,-,0.0,NC,-,-,-,-,-,-,-,-,-,-,-,-,-,-,-,-,0
-,0.0,NC,-,-,0.0,NC,-,-,-,-,-,-,-,-,-,-,-,-,-,-,-,-,0
-,0.0,NC,-,-,0.0,NC,-,-,-,-,-,-,-,-,-,-,-,-,-,-,-,-,0
-,0.0,NC,-,-,0.0,NC,-,-,-,-,-,-,-,-,-,-,-,-,-,-,-,-,0
-,0.0,NC,-,-,0.0,NC,-,-,-,-,-,-,-,-,-,-,-,-,-,-,-,-,0
-,0.0,NC,-,-,0.0,NC,-,-,-,-,-,-,-,-,-,-,-,-,-,-,-,-,0
-,0.0,NC,R399,R,0.9683257918552036,C,-,1,1,-,-,-,-10,-1,-10,-2,-1,-1,-1,-10,-10,C-ter,11
-,0.0,NC,-,-,0.0,NC,-,-,-,-,-,-,-,-,-,-,-,-,-,-,-,-,0
-,0.0,NC,-,-,0.0,NC,-,-,-,-,-,-,-,-,-,-,-,-,-,-,-,-,0
-,0.0,NC,-,-,0.0,NC,-,-,-,-,-,-,-,-,-,-,-,-,-,-,-,-,0
-,0.0,NC,I400,I,0.9090909090909091,C,-,-10,-10,-10,-10,3,3,-10,1,-,3,-10,3,-10,-10,C-ter,13
-,0.0,NC,-,-,0.0,NC,-,-,-,-,-,-,-,-,-,-,-,-,-,-,-,-,0
-,0.0,NC,S401,S,0.9681818181818181,C,-,-10,-10,-1,-10,-,1,-10,-10,-10,1,1,-2,-,-10,C-ter,12
-,0.0,NC,F402,F,0.9636363636363636,C,-,-10,-4,-3,0,-,-3,-10,-10,-10,0,0,0,-4,-10,C-ter,13
-,0.0,NC,H403,H,0.9636363636363636,C,-,-1,-10,-1,-1,-,-10,-10,-10,-10,-1,-10,-1,-2,-10,C-ter,13
-,0.0,NC,-,-,0.0,NC,-,-,-,-,-,-,-,-,-,-,-,-,-,-,-,-,0
-,0.0,NC,-,-,0.0,NC,-,-,-,-,-,-,-,-,-,-,-,-,-,-,-,-,0
-,0.0,NC,-,-,0.0,NC,-,-,-,-,-,-,-,-,-,-,-,-,-,-,-,-,0
-,0.0,NC,-,-,0.0,NC,-,-,-,-,-,-,-,-,-,-,-,-,-,-,-,-,0
-,0.0,NC,-,-,0.0,NC,-,-,-,-,-,-,-,-,-,-,-,-,-,-,-,-,0
-,0.0,NC,-,-,0.0,NC,-,-,-,-,-,-,-,-,-,-,-,-,-,-,-,-,0
-,0.0,NC,-,-,0.0,NC,-,-,-,-,-,-,-,-,-,-,-,-,-,-,-,-,0
-,0.0,NC,-,-,0.0,NC,-,-,-,-,-,-,-,-,-,-,-,-,-,-,-,-,0
-,0.0,NC,-,-,0.0,NC,-,-,-,-,-,-,-,-,-,-,-,-,-,-,-,-,0
-,0.0,NC,-,-,0.0,NC,-,-,-,-,-,-,-,-,-,-,-,-,-,-,-,-,0
-,0.0,NC,-,-,0.0,NC,-,-,-,-,-,-,-,-,-,-,-,-,-,-,-,-,0
-,0.0,NC,-,-,0.0,NC,-,-,-,-,-,-,-,-,-,-,-,-,-,-,-,-,0
-,0.0,NC,-,-,0.0,NC,-,-,-,-,-,-,-,-,-,-,-,-,-,-,-,-,0
-,0.0,NC,S404,S,0.9726027397260274,C,-,-3,1,-,-,-,1,-3,-10,-10,-10,1,-10,-2,-10,C-ter,11
-,0.0,NC,I405,I,0.9403669724770642,C,-,1,-10,-1,1,-,-2,3,-2,-10,-10,1,-10,1,1,C-ter,13
-,0.0,NC,K406,K,0.967741935483871,C,-,1,-10,1,-10,-,1,1,-10,1,-10,1,-10,-10,-10,C-ter,13
-,0.0,NC,-,-,0.0,NC,-,-,-,-,-,-,-,-,-,-,-,-,-,-,-,-,0
-,0.0,NC,-,-,0.0,NC,-,-,-,-,-,-,-,-,-,-,-,-,-,-,-,-,0
-,0.0,NC,-,-,0.0,NC,-,-,-,-,-,-,-,-,-,-,-,-,-,-,-,-,0
-,0.0,NC,-,-,0.0,NC,-,-,-,-,-,-,-,-,-,-,-,-,-,-,-,-,0
-,0.0,NC,-,-,0.0,NC,-,-,-,-,-,-,-,-,-,-,-,-,-,-,-,-,0
-,0.0,NC,-,-,0.0,NC,-,-,-,-,-,-,-,-,-,-,-,-,-,-,-,-,0
-,0.0,NC,-,-,0.0,NC,-,-,-,-,-,-,-,-,-,-,-,-,-,-,-,-,0
E,0.5042926465098917,NC,Q407,Q,0.9629629629629629,C,-,2,1,2,2,-,-10,2,2,2,2,2,1,2,-10,C-ter,13
-,0.0,NC,T408,T,0.9768518518518519,C,-,-,-10,-10,0,1,1,-1,1,-10,-,1,-2,1,-,C-ter,11
-,0.0,NC,-,-,0.0,NC,-,-,-,-,-,-,-,-,-,-,-,-,-,-,-,-,0
-,0.0,NC,-,-,0.0,NC,-,-,-,-,-,-,-,-,-,-,-,-,-,-,-,-,0
-,0.0,NC,A409,A,0.6682027649769585,NC,-,-,-,-,-,-,-,-,-,-,-,-,-,-,-,C-ter,0
-,0.0,NC,A410,A,0.875,NC,-,-,-,-,-,-,-,-,-,-,-,-,-,-,-,C-ter,0
-,0.0,NC,V411,V,0.8842592592592593,NC,-,-,-,-,-,-,-,-,-,-,-,-,-,-,-,C-ter,0
-,0.0,NC,-,-,0.0,NC,-,-,-,-,-,-,-,-,-,-,-,-,-,-,-,-,0
-,0.0,NC,-,-,0.0,NC,-,-,-,-,-,-,-,-,-,-,-,-,-,-,-,-,0
