global_residue,global_frequency,global_status,ghrhr_seq,ghrhr_residue,ghrhr_frequency,ghrhr_status,Wootten,crfr2_blosum80,vipr2_blosum80,sctr_blosum80,vipr1_blosum80,pacr_blosum80,crfr1_blosum80,glp1r_blosum80,pth1r_blosum80,gcgr_blosum80,pth2r_blosum80,calcr_blosum80,glp2r_blosum80,calrl_blosum80,gipr_blosum80,Domain,count
M,0.8711590296495957,NC,M1,M,0.8076923076923077,NC,-,-,-,-,-,-,-,-,-,-,-,-,-,-,-,N-ter,0
-,0.0,NC,D2,D,0.5038167938931297,NC,-,-,-,-,-,-,-,-,-,-,-,-,-,-,-,N-ter,0
-,0.0,NC,-,-,0.0,NC,-,-,-,-,-,-,-,-,-,-,-,-,-,-,-,-,0
-,0.0,NC,-,-,0.0,NC,-,-,-,-,-,-,-,-,-,-,-,-,-,-,-,-,0
-,0.0,NC,-,-,0.0,NC,-,-,-,-,-,-,-,-,-,-,-,-,-,-,-,-,0
-,0.0,NC,-,-,0.0,NC,-,-,-,-,-,-,-,-,-,-,-,-,-,-,-,-,0
-,0.0,NC,-,-,0.0,NC,-,-,-,-,-,-,-,-,-,-,-,-,-,-,-,-,0
-,0.0,NC,-,-,0.0,NC,-,-,-,-,-,-,-,-,-,-,-,-,-,-,-,-,0
-,0.0,NC,-,-,0.0,NC,-,-,-,-,-,-,-,-,-,-,-,-,-,-,-,-,0
-,0.0,NC,-,-,0.0,NC,-,-,-,-,-,-,-,-,-,-,-,-,-,-,-,-,0
-,0.0,NC,R3,-,0.0,NC,-,-,-,-,-,-,-,-,-,-,-,-,-,-,-,N-ter,0
-,0.0,NC,-,-,0.0,NC,-,-,-,-,-,-,-,-,-,-,-,-,-,-,-,-,0
-,0.0,NC,-,-,0.0,NC,-,-,-,-,-,-,-,-,-,-,-,-,-,-,-,-,0
-,0.0,NC,-,-,0.0,NC,-,-,-,-,-,-,-,-,-,-,-,-,-,-,-,-,0
-,0.0,NC,-,-,0.0,NC,-,-,-,-,-,-,-,-,-,-,-,-,-,-,-,-,0
-,0.0,NC,-,-,0.0,NC,-,-,-,-,-,-,-,-,-,-,-,-,-,-,-,-,0
-,0.0,NC,-,-,0.0,NC,-,-,-,-,-,-,-,-,-,-,-,-,-,-,-,-,0
-,0.0,NC,-,-,0.0,NC,-,-,-,-,-,-,-,-,-,-,-,-,-,-,-,-,0
-,0.0,NC,-,-,0.0,NC,-,-,-,-,-,-,-,-,-,-,-,-,-,-,-,-,0
-,0.0,NC,-,-,0.0,NC,-,-,-,-,-,-,-,-,-,-,-,-,-,-,-,-,0
-,0.0,NC,-,-,0.0,NC,-,-,-,-,-,-,-,-,-,-,-,-,-,-,-,-,0
-,0.0,NC,-,-,0.0,NC,-,-,-,-,-,-,-,-,-,-,-,-,-,-,-,-,0
-,0.0,NC,-,-,0.0,NC,-,-,-,-,-,-,-,-,-,-,-,-,-,-,-,-,0
-,0.0,NC,-,-,0.0,NC,-,-,-,-,-,-,-,-,-,-,-,-,-,-,-,-,0
-,0.0,NC,-,-,0.0,NC,-,-,-,-,-,-,-,-,-,-,-,-,-,-,-,-,0
-,0.0,NC,-,-,0.0,NC,-,-,-,-,-,-,-,-,-,-,-,-,-,-,-,-,0
-,0.0,NC,-,-,0.0,NC,-,-,-,-,-,-,-,-,-,-,-,-,-,-,-,-,0
-,0.0,NC,-,-,0.0,NC,-,-,-,-,-,-,-,-,-,-,-,-,-,-,-,-,0
-,0.0,NC,-,-,0.0,NC,-,-,-,-,-,-,-,-,-,-,-,-,-,-,-,-,0
-,0.0,NC,-,-,0.0,NC,-,-,-,-,-,-,-,-,-,-,-,-,-,-,-,-,0
-,0.0,NC,-,-,0.0,NC,-,-,-,-,-,-,-,-,-,-,-,-,-,-,-,-,0
-,0.0,NC,-,-,0.0,NC,-,-,-,-,-,-,-,-,-,-,-,-,-,-,-,-,0
-,0.0,NC,-,-,0.0,NC,-,-,-,-,-,-,-,-,-,-,-,-,-,-,-,-,0
-,0.0,NC,-,-,0.0,NC,-,-,-,-,-,-,-,-,-,-,-,-,-,-,-,-,0
-,0.0,NC,-,-,0.0,NC,-,-,-,-,-,-,-,-,-,-,-,-,-,-,-,-,0
-,0.0,NC,-,-,0.0,NC,-,-,-,-,-,-,-,-,-,-,-,-,-,-,-,-,0
-,0.0,NC,-,-,0.0,NC,-,-,-,-,-,-,-,-,-,-,-,-,-,-,-,-,0
-,0.0,NC,-,-,0.0,NC,-,-,-,-,-,-,-,-,-,-,-,-,-,-,-,-,0
-,0.0,NC,-,-,0.0,NC,-,-,-,-,-,-,-,-,-,-,-,-,-,-,-,-,0
-,0.0,NC,-,-,0.0,NC,-,-,-,-,-,-,-,-,-,-,-,-,-,-,-,-,0
-,0.0,NC,-,-,0.0,NC,-,-,-,-,-,-,-,-,-,-,-,-,-,-,-,-,0
-,0.0,NC,-,-,0.0,NC,-,-,-,-,-,-,-,-,-,-,-,-,-,-,-,-,0
-,0.0,NC,-,-,0.0,NC,-,-,-,-,-,-,-,-,-,-,-,-,-,-,-,-,0
-,0.0,NC,-,-,0.0,NC,-,-,-,-,-,-,-,-,-,-,-,-,-,-,-,-,0
-,0.0,NC,-,-,0.0,NC,-,-,-,-,-,-,-,-,-,-,-,-,-,-,-,-,0
-,0.0,NC,-,-,0.0,NC,-,-,-,-,-,-,-,-,-,-,-,-,-,-,-,-,0
-,0.0,NC,-,-,0.0,NC,-,-,-,-,-,-,-,-,-,-,-,-,-,-,-,-,0
-,0.0,NC,-,-,0.0,NC,-,-,-,-,-,-,-,-,-,-,-,-,-,-,-,-,0
-,0.0,NC,-,-,0.0,NC,-,-,-,-,-,-,-,-,-,-,-,-,-,-,-,-,0
-,0.0,NC,-,-,0.0,NC,-,-,-,-,-,-,-,-,-,-,-,-,-,-,-,-,0
-,0.0,NC,-,-,0.0,NC,-,-,-,-,-,-,-,-,-,-,-,-,-,-,-,-,0
-,0.0,NC,R4,-,0.0,NC,-,-,-,-,-,-,-,-,-,-,-,-,-,-,-,N-ter,0
-,0.0,NC,M5,-,0.0,NC,-,-,-,-,-,-,-,-,-,-,-,-,-,-,-,N-ter,0
-,0.0,NC,W6,-,0.0,NC,-,-,-,-,-,-,-,-,-,-,-,-,-,-,-,N-ter,0
-,0.0,NC,G7,-,0.0,NC,-,-,-,-,-,-,-,-,-,-,-,-,-,-,-,N-ter,0
-,0.0,NC,-,-,0.0,NC,-,-,-,-,-,-,-,-,-,-,-,-,-,-,-,-,0
-,0.0,NC,-,-,0.0,NC,-,-,-,-,-,-,-,-,-,-,-,-,-,-,-,-,0
-,0.0,NC,-,-,0.0,NC,-,-,-,-,-,-,-,-,-,-,-,-,-,-,-,-,0
-,0.0,NC,-,-,0.0,NC,-,-,-,-,-,-,-,-,-,-,-,-,-,-,-,-,0
-,0.0,NC,-,-,0.0,NC,-,-,-,-,-,-,-,-,-,-,-,-,-,-,-,-,0
-,0.0,NC,-,-,0.0,NC,-,-,-,-,-,-,-,-,-,-,-,-,-,-,-,-,0
-,0.0,NC,-,-,0.0,NC,-,-,-,-,-,-,-,-,-,-,-,-,-,-,-,-,0
-,0.0,NC,-,-,0.0,NC,-,-,-,-,-,-,-,-,-,-,-,-,-,-,-,-,0
-,0.0,NC,-,-,0.0,NC,-,-,-,-,-,-,-,-,-,-,-,-,-,-,-,-,0
-,0.0,NC,A8,A,0.6213592233009708,NC,-,-,-,-,-,-,-,-,-,-,-,-,-,-,-,N-ter,0
-,0.0,NC,-,-,0.0,NC,-,-,-,-,-,-,-,-,-,-,-,-,-,-,-,-,0
-,0.0,NC,H9,-,0.0,NC,-,-,-,-,-,-,-,-,-,-,-,-,-,-,-,N-ter,0
-,0.0,NC,-,-,0.0,NC,-,-,-,-,-,-,-,-,-,-,-,-,-,-,-,-,0
-,0.0,NC,-,-,0.0,NC,-,-,-,-,-,-,-,-,-,-,-,-,-,-,-,-,0
-,0.0,NC,-,-,0.0,NC,-,-,-,-,-,-,-,-,-,-,-,-,-,-,-,-,0
-,0.0,NC,-,-,0.0,NC,-,-,-,-,-,-,-,-,-,-,-,-,-,-,-,-,0
-,0.0,NC,-,-,0.0,NC,-,-,-,-,-,-,-,-,-,-,-,-,-,-,-,-,0
-,0.0,NC,-,-,0.0,NC,-,-,-,-,-,-,-,-,-,-,-,-,-,-,-,-,0
-,0.0,NC,-,-,0.0,NC,-,-,-,-,-,-,-,-,-,-,-,-,-,-,-,-,0
-,0.0,NC,V10,-,0.0,NC,-,-,-,-,-,-,-,-,-,-,-,-,-,-,-,N-ter,0
-,0.0,NC,-,-,0.0,NC,-,-,-,-,-,-,-,-,-,-,-,-,-,-,-,-,0
-,0.0,NC,-,-,0.0,NC,-,-,-,-,-,-,-,-,-,-,-,-,-,-,-,-,0
-,0.0,NC,-,-,0.0,NC,-,-,-,-,-,-,-,-,-,-,-,-,-,-,-,-,0
-,0.0,NC,-,-,0.0,NC,-,-,-,-,-,-,-,-,-,-,-,-,-,-,-,-,0
-,0.0,NC,-,-,0.0,NC,-,-,-,-,-,-,-,-,-,-,-,-,-,-,-,-,0
-,0.0,NC,-,-,0.0,NC,-,-,-,-,-,-,-,-,-,-,-,-,-,-,-,-,0
-,0.0,NC,-,-,0.0,NC,-,-,-,-,-,-,-,-,-,-,-,-,-,-,-,-,0
L,0.5614117647058824,NC,F11,L,0.6283783783783784,NC,-,-,-,-,-,-,-,-,-,-,-,-,-,-,-,N-ter,0
L,0.5155096011816839,NC,C12,C,0.5174825174825175,NC,-,-,-,-,-,-,-,-,-,-,-,-,-,-,-,N-ter,0
-,0.0,NC,-,-,0.0,NC,-,-,-,-,-,-,-,-,-,-,-,-,-,-,-,-,0
-,0.0,NC,-,-,0.0,NC,-,-,-,-,-,-,-,-,-,-,-,-,-,-,-,-,0
-,0.0,NC,-,-,0.0,NC,-,-,-,-,-,-,-,-,-,-,-,-,-,-,-,-,0
-,0.0,NC,V13,-,0.0,NC,-,-,-,-,-,-,-,-,-,-,-,-,-,-,-,N-ter,0
-,0.0,NC,-,-,0.0,NC,-,-,-,-,-,-,-,-,-,-,-,-,-,-,-,-,0
-,0.0,NC,-,-,0.0,NC,-,-,-,-,-,-,-,-,-,-,-,-,-,-,-,-,0
-,0.0,NC,-,-,0.0,NC,-,-,-,-,-,-,-,-,-,-,-,-,-,-,-,-,0
-,0.0,NC,-,-,0.0,NC,-,-,-,-,-,-,-,-,-,-,-,-,-,-,-,-,0
-,0.0,NC,-,-,0.0,NC,-,-,-,-,-,-,-,-,-,-,-,-,-,-,-,-,0
-,0.0,NC,-,-,0.0,NC,-,-,-,-,-,-,-,-,-,-,-,-,-,-,-,-,0
L,0.7147087857847977,NC,L14,L,0.8057553956834532,NC,-,-,-,-,-,-,-,-,-,-,-,-,-,-,-,N-ter,0
-,0.0,NC,S15,-,0.0,NC,-,-,-,-,-,-,-,-,-,-,-,-,-,-,-,N-ter,0
-,0.0,NC,P16,-,0.0,NC,-,-,-,-,-,-,-,-,-,-,-,-,-,-,-,N-ter,0
-,0.0,NC,-,-,0.0,NC,-,-,-,-,-,-,-,-,-,-,-,-,-,-,-,-,0
-,0.0,NC,-,-,0.0,NC,-,-,-,-,-,-,-,-,-,-,-,-,-,-,-,-,0
-,0.0,NC,L17,-,0.0,NC,-,-,-,-,-,-,-,-,-,-,-,-,-,-,-,N-ter,0
-,0.0,NC,-,-,0.0,NC,-,-,-,-,-,-,-,-,-,-,-,-,-,-,-,-,0
-,0.0,NC,P18,-,0.0,NC,-,-,-,-,-,-,-,-,-,-,-,-,-,-,-,N-ter,0
-,0.0,NC,-,-,0.0,NC,-,-,-,-,-,-,-,-,-,-,-,-,-,-,-,-,0
-,0.0,NC,-,-,0.0,NC,-,-,-,-,-,-,-,-,-,-,-,-,-,-,-,-,0
-,0.0,NC,-,-,0.0,NC,-,-,-,-,-,-,-,-,-,-,-,-,-,-,-,-,0
-,0.0,NC,-,-,0.0,NC,-,-,-,-,-,-,-,-,-,-,-,-,-,-,-,-,0
-,0.0,NC,-,-,0.0,NC,-,-,-,-,-,-,-,-,-,-,-,-,-,-,-,-,0
-,0.0,NC,-,-,0.0,NC,-,-,-,-,-,-,-,-,-,-,-,-,-,-,-,-,0
-,0.0,NC,T19,-,0.0,NC,-,-,-,-,-,-,-,-,-,-,-,-,-,-,-,N-ter,0
-,0.0,NC,-,-,0.0,NC,-,-,-,-,-,-,-,-,-,-,-,-,-,-,-,-,0
-,0.0,NC,-,-,0.0,NC,-,-,-,-,-,-,-,-,-,-,-,-,-,-,-,-,0
-,0.0,NC,V20,V,0.7307692307692307,NC,-,-,-,-,-,-,-,-,-,-,-,-,-,-,-,N-ter,0
-,0.0,NC,-,-,0.0,NC,-,-,-,-,-,-,-,-,-,-,-,-,-,-,-,-,0
-,0.0,NC,-,-,0.0,NC,-,-,-,-,-,-,-,-,-,-,-,-,-,-,-,-,0
-,0.0,NC,-,-,0.0,NC,-,-,-,-,-,-,-,-,-,-,-,-,-,-,-,-,0
-,0.0,NC,-,-,0.0,NC,-,-,-,-,-,-,-,-,-,-,-,-,-,-,-,-,0
-,0.0,NC,-,-,0.0,NC,-,-,-,-,-,-,-,-,-,-,-,-,-,-,-,-,0
-,0.0,NC,-,-,0.0,NC,-,-,-,-,-,-,-,-,-,-,-,-,-,-,-,-,0
-,0.0,NC,-,-,0.0,NC,-,-,-,-,-,-,-,-,-,-,-,-,-,-,-,-,0
-,0.0,NC,L21,L,0.5597826086956522,NC,-,-,-,-,-,-,-,-,-,-,-,-,-,-,-,N-ter,0
-,0.0,NC,-,-,0.0,NC,-,-,-,-,-,-,-,-,-,-,-,-,-,-,-,-,0
-,0.0,NC,-,-,0.0,NC,-,-,-,-,-,-,-,-,-,-,-,-,-,-,-,-,0
-,0.0,NC,G22,G,0.7043010752688172,NC,-,-,-,-,-,-,-,-,-,-,-,-,-,-,-,N-ter,0
-,0.0,NC,H23,-,0.0,NC,-,-,-,-,-,-,-,-,-,-,-,-,-,-,-,N-ter,0
-,0.0,NC,-,-,0.0,NC,-,-,-,-,-,-,-,-,-,-,-,-,-,-,-,-,0
-,0.0,NC,-,-,0.0,NC,-,-,-,-,-,-,-,-,-,-,-,-,-,-,-,-,0
-,0.0,NC,-,-,0.0,NC,-,-,-,-,-,-,-,-,-,-,-,-,-,-,-,-,0
-,0.0,NC,-,-,0.0,NC,-,-,-,-,-,-,-,-,-,-,-,-,-,-,-,-,0
-,0.0,NC,-,-,0.0,NC,-,-,-,-,-,-,-,-,-,-,-,-,-,-,-,-,0
-,0.0,NC,-,-,0.0,NC,-,-,-,-,-,-,-,-,-,-,-,-,-,-,-,-,0
-,0.0,NC,M24,V,0.5425531914893617,NC,-,-,-,-,-,-,-,-,-,-,-,-,-,-,-,N-ter,0
-,0.0,NC,H25,H,0.9259259259259259,C,-,-10,-,-3,-10,-,-10,-1,-10,-2,-10,-10,0,0,-3,N-ter,12
-,0.0,NC,P26,P,0.9788359788359788,C,-,-10,-,-10,-10,-1,-,-10,-2,-10,-2,-,-10,-10,-10,N-ter,11
-,0.0,NC,-,-,0.0,NC,-,-,-,-,-,-,-,-,-,-,-,-,-,-,-,-,0
-,0.0,NC,-,-,0.0,NC,-,-,-,-,-,-,-,-,-,-,-,-,-,-,-,-,0
-,0.0,NC,E27,E,0.9526315789473684,C,-,-10,-,-4,-,1,-10,-10,1,-10,-10,-,-10,2,-10,N-ter,11
-,0.0,NC,C28,C,0.9894736842105263,C,-,-10,-,-,-,-,-10,-10,-5,-10,-5,-10,-10,-10,-10,N-ter,10
-,0.0,NC,D29,D,0.6736842105263158,NC,-,-,-,-,-,-,-,-,-,-,-,-,-,-,-,N-ter,0
-,0.0,NC,F30,F,0.5947368421052631,NC,-,-,-,-,-,-,-,-,-,-,-,-,-,-,-,N-ter,0
-,0.0,NC,-,-,0.0,NC,-,-,-,-,-,-,-,-,-,-,-,-,-,-,-,-,0
-,0.0,NC,-,-,0.0,NC,-,-,-,-,-,-,-,-,-,-,-,-,-,-,-,-,0
-,0.0,NC,-,-,0.0,NC,-,-,-,-,-,-,-,-,-,-,-,-,-,-,-,-,0
-,0.0,NC,-,-,0.0,NC,-,-,-,-,-,-,-,-,-,-,-,-,-,-,-,-,0
-,0.0,NC,-,-,0.0,NC,-,-,-,-,-,-,-,-,-,-,-,-,-,-,-,-,0
-,0.0,NC,-,-,0.0,NC,-,-,-,-,-,-,-,-,-,-,-,-,-,-,-,-,0
-,0.0,NC,-,-,0.0,NC,-,-,-,-,-,-,-,-,-,-,-,-,-,-,-,-,0
-,0.0,NC,I31,I,0.6631578947368421,NC,-,-,-,-,-,-,-,-,-,-,-,-,-,-,-,N-ter,0
-,0.0,NC,-,-,0.0,NC,-,-,-,-,-,-,-,-,-,-,-,-,-,-,-,-,0
-,0.0,NC,-,-,0.0,NC,-,-,-,-,-,-,-,-,-,-,-,-,-,-,-,-,0
-,0.0,NC,T32,T,0.531578947368421,NC,-,-,-,-,-,-,-,-,-,-,-,-,-,-,-,N-ter,0
-,0.0,NC,Q33,Q,0.6595744680851063,NC,-,-,-,-,-,-,-,-,-,-,-,-,-,-,-,N-ter,0
-,0.0,NC,-,-,0.0,NC,-,-,-,-,-,-,-,-,-,-,-,-,-,-,-,-,0
-,0.0,NC,L34,L,0.9574468085106383,C,-,-10,1,-,1,-10,-10,-2,-,-2,-10,1,-2,1,-2,N-ter,12
-,0.0,NC,R35,-,0.0,NC,-,-,-,-,-,-,-,-,-,-,-,-,-,-,-,N-ter,0
-,0.0,NC,E36,-,0.0,NC,-,-,-,-,-,-,-,-,-,-,-,-,-,-,-,N-ter,0
-,0.0,NC,D37,-,0.0,NC,-,-,-,-,-,-,-,-,-,-,-,-,-,-,-,N-ter,0
-,0.0,NC,E38,E,0.9844559585492227,C,-,-,-,-10,-10,2,1,-1,-10,-10,1,2,1,2,-1,N-ter,12
-,0.0,NC,S39,-,0.0,NC,-,-,-,-,-,-,-,-,-,-,-,-,-,-,-,N-ter,0
-,0.0,NC,A40,-,0.0,NC,-,-,-,-,-,-,-,-,-,-,-,-,-,-,-,N-ter,0
C,0.9436349693251533,C,C41,C,1.0,C,-,-10,-,-,-,-,-,-,-,-,-,-,-,-,-,N-ter,1
-,0.0,NC,L42,L,0.9635416666666666,C,-,-10,-10,-,-,-,-10,-3,-4,-10,-4,-2,-,-2,-3,N-ter,10
-,0.0,NC,Q43,Q,0.59375,NC,-,-,-,-,-,-,-,-,-,-,-,-,-,-,-,N-ter,0
-,0.0,NC,A44,-,0.0,NC,-,-,-,-,-,-,-,-,-,-,-,-,-,-,-,N-ter,0
-,0.0,NC,A45,-,0.0,NC,-,-,-,-,-,-,-,-,-,-,-,-,-,-,-,N-ter,0
-,0.0,NC,E46,E,0.6302083333333334,NC,-,-,-,-,-,-,-,-,-,-,-,-,-,-,-,N-ter,0
-,0.0,NC,E47,E,0.53125,NC,-,-,-,-,-,-,-,-,-,-,-,-,-,-,-,N-ter,0
-,0.0,NC,M48,-,0.0,NC,-,-,-,-,-,-,-,-,-,-,-,-,-,-,-,N-ter,0
-,0.0,NC,-,-,0.0,NC,-,-,-,-,-,-,-,-,-,-,-,-,-,-,-,-,0
-,0.0,NC,-,-,0.0,NC,-,-,-,-,-,-,-,-,-,-,-,-,-,-,-,-,0
-,0.0,NC,-,-,0.0,NC,-,-,-,-,-,-,-,-,-,-,-,-,-,-,-,-,0
-,0.0,NC,-,-,0.0,NC,-,-,-,-,-,-,-,-,-,-,-,-,-,-,-,-,0
-,0.0,NC,-,-,0.0,NC,-,-,-,-,-,-,-,-,-,-,-,-,-,-,-,-,0
-,0.0,NC,-,-,0.0,NC,-,-,-,-,-,-,-,-,-,-,-,-,-,-,-,-,0
-,0.0,NC,-,-,0.0,NC,-,-,-,-,-,-,-,-,-,-,-,-,-,-,-,-,0
-,0.0,NC,-,-,0.0,NC,-,-,-,-,-,-,-,-,-,-,-,-,-,-,-,-,0
-,0.0,NC,-,-,0.0,NC,-,-,-,-,-,-,-,-,-,-,-,-,-,-,-,-,0
-,0.0,NC,-,-,0.0,NC,-,-,-,-,-,-,-,-,-,-,-,-,-,-,-,-,0
-,0.0,NC,-,-,0.0,NC,-,-,-,-,-,-,-,-,-,-,-,-,-,-,-,-,0
-,0.0,NC,-,-,0.0,NC,-,-,-,-,-,-,-,-,-,-,-,-,-,-,-,-,0
-,0.0,NC,-,-,0.0,NC,-,-,-,-,-,-,-,-,-,-,-,-,-,-,-,-,0
-,0.0,NC,-,-,0.0,NC,-,-,-,-,-,-,-,-,-,-,-,-,-,-,-,-,0
-,0.0,NC,-,-,0.0,NC,-,-,-,-,-,-,-,-,-,-,-,-,-,-,-,-,0
-,0.0,NC,-,-,0.0,NC,-,-,-,-,-,-,-,-,-,-,-,-,-,-,-,-,0
-,0.0,NC,-,-,0.0,NC,-,-,-,-,-,-,-,-,-,-,-,-,-,-,-,-,0
-,0.0,NC,-,-,0.0,NC,-,-,-,-,-,-,-,-,-,-,-,-,-,-,-,-,0
-,0.0,NC,-,-,0.0,NC,-,-,-,-,-,-,-,-,-,-,-,-,-,-,-,-,0
-,0.0,NC,-,-,0.0,NC,-,-,-,-,-,-,-,-,-,-,-,-,-,-,-,-,0
-,0.0,NC,-,-,0.0,NC,-,-,-,-,-,-,-,-,-,-,-,-,-,-,-,-,0
-,0.0,NC,-,-,0.0,NC,-,-,-,-,-,-,-,-,-,-,-,-,-,-,-,-,0
-,0.0,NC,-,-,0.0,NC,-,-,-,-,-,-,-,-,-,-,-,-,-,-,-,-,0
-,0.0,NC,-,-,0.0,NC,-,-,-,-,-,-,-,-,-,-,-,-,-,-,-,-,0
-,0.0,NC,-,-,0.0,NC,-,-,-,-,-,-,-,-,-,-,-,-,-,-,-,-,0
-,0.0,NC,-,-,0.0,NC,-,-,-,-,-,-,-,-,-,-,-,-,-,-,-,-,0
-,0.0,NC,-,-,0.0,NC,-,-,-,-,-,-,-,-,-,-,-,-,-,-,-,-,0
-,0.0,NC,-,-,0.0,NC,-,-,-,-,-,-,-,-,-,-,-,-,-,-,-,-,0
-,0.0,NC,-,-,0.0,NC,-,-,-,-,-,-,-,-,-,-,-,-,-,-,-,-,0
-,0.0,NC,-,-,0.0,NC,-,-,-,-,-,-,-,-,-,-,-,-,-,-,-,-,0
-,0.0,NC,-,-,0.0,NC,-,-,-,-,-,-,-,-,-,-,-,-,-,-,-,-,0
-,0.0,NC,-,-,0.0,NC,-,-,-,-,-,-,-,-,-,-,-,-,-,-,-,-,0
-,0.0,NC,-,-,0.0,NC,-,-,-,-,-,-,-,-,-,-,-,-,-,-,-,-,0
-,0.0,NC,-,-,0.0,NC,-,-,-,-,-,-,-,-,-,-,-,-,-,-,-,-,0
-,0.0,NC,-,-,0.0,NC,-,-,-,-,-,-,-,-,-,-,-,-,-,-,-,-,0
-,0.0,NC,-,-,0.0,NC,-,-,-,-,-,-,-,-,-,-,-,-,-,-,-,-,0
-,0.0,NC,-,-,0.0,NC,-,-,-,-,-,-,-,-,-,-,-,-,-,-,-,-,0
-,0.0,NC,-,-,0.0,NC,-,-,-,-,-,-,-,-,-,-,-,-,-,-,-,-,0
-,0.0,NC,-,-,0.0,NC,-,-,-,-,-,-,-,-,-,-,-,-,-,-,-,-,0
-,0.0,NC,-,-,0.0,NC,-,-,-,-,-,-,-,-,-,-,-,-,-,-,-,-,0
-,0.0,NC,-,-,0.0,NC,-,-,-,-,-,-,-,-,-,-,-,-,-,-,-,-,0
-,0.0,NC,-,-,0.0,NC,-,-,-,-,-,-,-,-,-,-,-,-,-,-,-,-,0
-,0.0,NC,-,-,0.0,NC,-,-,-,-,-,-,-,-,-,-,-,-,-,-,-,-,0
-,0.0,NC,-,-,0.0,NC,-,-,-,-,-,-,-,-,-,-,-,-,-,-,-,-,0
-,0.0,NC,-,-,0.0,NC,-,-,-,-,-,-,-,-,-,-,-,-,-,-,-,-,0
-,0.0,NC,-,-,0.0,NC,-,-,-,-,-,-,-,-,-,-,-,-,-,-,-,-,0
-,0.0,NC,P49,-,0.0,NC,-,-,-,-,-,-,-,-,-,-,-,-,-,-,-,N-ter,0
-,0.0,NC,N50,N,0.9791666666666666,C,-,-10,-10,-10,-,1,-10,-2,-10,-3,-1,-10,-10,-10,-3,N-ter,13
-,0.0,NC,T51,-,0.0,NC,-,-,-,-,-,-,-,-,-,-,-,-,-,-,-,N-ter,0
-,0.0,NC,T52,T,0.8,NC,-,-,-,-,-,-,-,-,-,-,-,-,-,-,-,N-ter,0
-,0.0,NC,L53,-,0.0,NC,-,-,-,-,-,-,-,-,-,-,-,-,-,-,-,N-ter,0
-,0.0,NC,-,-,0.0,NC,-,-,-,-,-,-,-,-,-,-,-,-,-,-,-,-,0
-,0.0,NC,-,-,0.0,NC,-,-,-,-,-,-,-,-,-,-,-,-,-,-,-,-,0
-,0.0,NC,G54,G,0.9180327868852459,C,-,-4,-,-,-,-,-2,-4,-10,-4,-10,-4,-10,-4,0,N-ter,10
C,0.9904187366926899,C,C55,C,1.0,C,-,-,-,-,-,-,-,-,-,-,-,-,-,-,-,N-ter,0
-,0.0,NC,P56,-,0.0,NC,-,-,-,-,-,-,-,-,-,-,-,-,-,-,-,N-ter,0
-,0.0,NC,A57,R,0.532967032967033,NC,-,-,-,-,-,-,-,-,-,-,-,-,-,-,-,N-ter,0
-,0.0,NC,T58,T,0.5869565217391305,NC,-,-,-,-,-,-,-,-,-,-,-,-,-,-,-,N-ter,0
W,0.6192498230714791,NC,W59,W,1.0,C,-,-10,-,-,-,-,-3,0,-,0,-,-,0,-,0,N-ter,6
D,0.9833863556026865,C,D60,D,0.9837837837837838,C,-,-,-,-,-,-,-,-,-,-,-,-,-,-,-,N-ter,0
-,0.0,NC,G61,-,0.0,NC,-,-,-,-,-,-,-,-,-,-,-,-,-,-,-,N-ter,0
-,0.0,NC,L62,L,0.7297297297297297,NC,-,-,-,-,-,-,-,-,-,-,-,-,-,-,-,N-ter,0
-,0.0,NC,-,-,0.0,NC,-,-,-,-,-,-,-,-,-,-,-,-,-,-,-,-,0
-,0.0,NC,L63,L,0.7243243243243244,NC,-,-,-,-,-,-,-,-,-,-,-,-,-,-,-,N-ter,0
C,0.9883638928067701,C,C64,C,0.9891891891891892,C,-,-,-,-,-,-,-,-,-,-,-,-,-,-,-,N-ter,0
W,0.9911816578483245,C,W65,W,0.9891891891891892,C,-,-,-,-,-,-,-,-,-,-,-,-,-,-,-,N-ter,0
P,0.647847565278758,NC,P66,P,0.9731182795698925,C,-,-,-2,-,-,-1,-,-,-,-,-,-2,-,-10,-2,N-ter,5
-,0.0,NC,T67,-,0.0,NC,-,-,-,-,-,-,-,-,-,-,-,-,-,-,-,N-ter,0
-,0.0,NC,A68,A,0.8494623655913979,NC,-,-,-,-,-,-,-,-,-,-,-,-,-,-,-,N-ter,0
-,0.0,NC,G69,-,0.0,NC,-,-,-,-,-,-,-,-,-,-,-,-,-,-,-,N-ter,0
-,0.0,NC,S70,-,0.0,NC,-,-,-,-,-,-,-,-,-,-,-,-,-,-,-,N-ter,0
G,0.8664081776524498,NC,G71,G,0.967741935483871,C,-,-,-,-,-,-,-,-,-,-1,-,-,-,-,-1,N-ter,2
-,0.0,NC,E72,E,0.8333333333333334,NC,-,-,-,-,-,-,-,-,-,-,-,-,-,-,-,N-ter,0
-,0.0,NC,W73,-,0.0,NC,-,-,-,-,-,-,-,-,-,-,-,-,-,-,-,N-ter,0
V,0.6686640817765245,NC,V74,V,0.6666666666666666,NC,-,-,-,-,-,-,-,-,-,-,-,-,-,-,-,N-ter,0
-,0.0,NC,T75,-,0.0,NC,-,-,-,-,-,-,-,-,-,-,-,-,-,-,-,N-ter,0
-,0.0,NC,L76,L,0.7119565217391305,NC,-,-,-,-,-,-,-,-,-,-,-,-,-,-,-,N-ter,0
-,0.0,NC,P77,P,0.6594594594594595,NC,-,-,-,-,-,-,-,-,-,-,-,-,-,-,-,N-ter,0
C,0.9915373765867419,C,C78,C,0.9945945945945946,C,-,-,-,-,-,-,-,-,-,-,-,-,-,-,-,N-ter,0
P,0.9929577464788732,C,P79,P,0.9946524064171123,C,-,-,-,-,-,-,-,-,-,-,-,-,-,-,-,N-ter,0
-,0.0,NC,D80,-,0.0,NC,-,-,-,-,-,-,-,-,-,-,-,-,-,-,-,N-ter,0
Y,0.6186770428015564,NC,F81,-,0.0,NC,-,-,-,-,-,-,-,-,-,-,-,-,-,-,-,N-ter,0
F,0.5307637906647807,NC,F82,F,0.7150537634408602,NC,-,-,-,-,-,-,-,-,-,-,-,-,-,-,-,N-ter,0
-,0.0,NC,S83,S,0.7419354838709677,NC,-,-,-,-,-,-,-,-,-,-,-,-,-,-,-,N-ter,0
-,0.0,NC,H84,H,0.6397849462365591,NC,-,-,-,-,-,-,-,-,-,-,-,-,-,-,-,N-ter,0
-,0.0,NC,F85,F,0.9251336898395722,C,-,-1,-,0,-,-,-1,-3,-,-2,-,-,-10,-,-2,N-ter,7
-,0.0,NC,S86,-,0.0,NC,-,-,-,-,-,-,-,-,-,-,-,-,-,-,-,N-ter,0
-,0.0,NC,S87,-,0.0,NC,-,-,-,-,-,-,-,-,-,-,-,-,-,-,-,N-ter,0
-,0.0,NC,-,-,0.0,NC,-,-,-,-,-,-,-,-,-,-,-,-,-,-,-,-,0
-,0.0,NC,-,-,0.0,NC,-,-,-,-,-,-,-,-,-,-,-,-,-,-,-,-,0
-,0.0,NC,-,-,0.0,NC,-,-,-,-,-,-,-,-,-,-,-,-,-,-,-,-,0
-,0.0,NC,-,-,0.0,NC,-,-,-,-,-,-,-,-,-,-,-,-,-,-,-,-,0
-,0.0,NC,-,-,0.0,NC,-,-,-,-,-,-,-,-,-,-,-,-,-,-,-,-,0
-,0.0,NC,-,-,0.0,NC,-,-,-,-,-,-,-,-,-,-,-,-,-,-,-,-,0
-,0.0,NC,-,-,0.0,NC,-,-,-,-,-,-,-,-,-,-,-,-,-,-,-,-,0
-,0.0,NC,-,-,0.0,NC,-,-,-,-,-,-,-,-,-,-,-,-,-,-,-,-,0
-,0.0,NC,-,-,0.0,NC,-,-,-,-,-,-,-,-,-,-,-,-,-,-,-,-,0
-,0.0,NC,-,-,0.0,NC,-,-,-,-,-,-,-,-,-,-,-,-,-,-,-,-,0
-,0.0,NC,-,-,0.0,NC,-,-,-,-,-,-,-,-,-,-,-,-,-,-,-,-,0
-,0.0,NC,-,-,0.0,NC,-,-,-,-,-,-,-,-,-,-,-,-,-,-,-,-,0
-,0.0,NC,-,-,0.0,NC,-,-,-,-,-,-,-,-,-,-,-,-,-,-,-,-,0
-,0.0,NC,-,-,0.0,NC,-,-,-,-,-,-,-,-,-,-,-,-,-,-,-,-,0
-,0.0,NC,-,-,0.0,NC,-,-,-,-,-,-,-,-,-,-,-,-,-,-,-,-,0
-,0.0,NC,-,-,0.0,NC,-,-,-,-,-,-,-,-,-,-,-,-,-,-,-,-,0
-,0.0,NC,-,-,0.0,NC,-,-,-,-,-,-,-,-,-,-,-,-,-,-,-,-,0
-,0.0,NC,-,-,0.0,NC,-,-,-,-,-,-,-,-,-,-,-,-,-,-,-,-,0
-,0.0,NC,-,-,0.0,NC,-,-,-,-,-,-,-,-,-,-,-,-,-,-,-,-,0
-,0.0,NC,-,-,0.0,NC,-,-,-,-,-,-,-,-,-,-,-,-,-,-,-,-,0
-,0.0,NC,-,-,0.0,NC,-,-,-,-,-,-,-,-,-,-,-,-,-,-,-,-,0
-,0.0,NC,-,-,0.0,NC,-,-,-,-,-,-,-,-,-,-,-,-,-,-,-,-,0
-,0.0,NC,-,-,0.0,NC,-,-,-,-,-,-,-,-,-,-,-,-,-,-,-,-,0
-,0.0,NC,E88,E,0.6256684491978609,NC,-,-,-,-,-,-,-,-,-,-,-,-,-,-,-,N-ter,0
-,0.0,NC,S89,P,0.531578947368421,NC,-,-,-,-,-,-,-,-,-,-,-,-,-,-,-,N-ter,0
G,0.5943886387253204,NC,G90,G,1.0,C,-,-3,-,-,-,-,-1,-,-,-3,-,-3,-,-3,-,N-ter,5
-,0.0,NC,A91,-,0.0,NC,-,-,-,-,-,-,-,-,-,-,-,-,-,-,-,N-ter,0
V,0.5132347885871433,NC,V92,V,0.9076923076923077,C,-,0,3,-,-,-,-4,-,0,-,0,0,0,-,-,N-ter,7
-,0.0,NC,K93,K,0.5487179487179488,NC,-,-,-,-,-,-,-,-,-,-,-,-,-,-,-,N-ter,0
R,0.7036782399449982,NC,R94,R,0.9948717948717949,C,-,-,2,-,-,-,-,-,-,2,-,2,-,2,-,N-ter,4
-,0.0,NC,D95,N,0.5333333333333333,NC,-,-,-,-,-,-,-,-,-,-,-,-,-,-,-,N-ter,0
C,0.9951923076923077,C,C96,C,0.9948717948717949,C,-,-,-,-,-,-,-,-,-,-,-,-,-,-,-,N-ter,0
-,0.0,NC,T97,T,0.9897435897435898,C,-,-2,-,-,-,-,-2,-,-1,-2,-10,-1,-2,-1,-2,N-ter,9
-,0.0,NC,I98,-,0.0,NC,-,-,-,-,-,-,-,-,-,-,-,-,-,-,-,N-ter,0
-,0.0,NC,T99,-,0.0,NC,-,-,-,-,-,-,-,-,-,-,-,-,-,-,-,N-ter,0
G,0.9938186813186813,C,G100,G,1.0,C,-,-,-,-,-,-,-,-,-,-,-,-,-,-,-,N-ter,0
-,0.0,NC,-,-,0.0,NC,-,-,-,-,-,-,-,-,-,-,-,-,-,-,-,-,0
W,0.9927909371781668,C,W101,W,1.0,C,-,-,-,-,-,-,-,-,-,-,-,-,-,-,-,N-ter,0
-,0.0,NC,S102,S,0.979381443298969,C,-,1,-,-,1,-,1,-3,0,-2,-1,-3,0,-3,-10,N-ter,11
-,0.0,NC,E103,-,0.0,NC,-,-,-,-,-,-,-,-,-,-,-,-,-,-,-,N-ter,0
-,0.0,NC,-,-,0.0,NC,-,-,-,-,-,-,-,-,-,-,-,-,-,-,-,-,0
-,0.0,NC,-,-,0.0,NC,-,-,-,-,-,-,-,-,-,-,-,-,-,-,-,-,0
-,0.0,NC,-,-,0.0,NC,-,-,-,-,-,-,-,-,-,-,-,-,-,-,-,-,0
-,0.0,NC,-,-,0.0,NC,-,-,-,-,-,-,-,-,-,-,-,-,-,-,-,-,0
-,0.0,NC,P104,P,0.9226804123711341,C,-,-10,-10,-10,-10,-,-10,-1,-3,-3,-3,-3,-2,-3,-10,N-ter,13
-,0.0,NC,F105,F,0.9076923076923077,C,-,-10,-,-,-10,-,-10,0,-4,-4,-4,-4,-4,-4,-4,N-ter,11
P,0.530234471410942,NC,P106,P,0.9897435897435898,C,-,-10,-,-,-,-,-10,-,-2,-,-2,-2,-4,-2,-,N-ter,7
W,0.6561469618464437,NC,-,-,0.0,NC,-,-,-,-,-,-,-,-,-,-,-,-,-,-,-,-,0
-,0.0,NC,P107,P,0.8769230769230769,NC,-,-,-,-,-,-,-,-,-,-,-,-,-,-,-,N-ter,0
-,0.0,NC,Y108,Y,0.9794871794871794,C,-,-3,-10,-4,-,-,-3,-3,-3,-3,-3,-3,-4,-3,-4,N-ter,12
-,0.0,NC,P109,-,0.0,NC,-,-,-,-,-,-,-,-,-,-,-,-,-,-,-,N-ter,0
-,0.0,NC,V110,-,0.0,NC,-,-,-,-,-,-,-,-,-,-,-,-,-,-,-,N-ter,0
-,0.0,NC,A111,A,0.9949494949494949,C,-,-1,-,-,-,-,-10,-1,-1,-1,-2,-2,-1,-1,-1,N-ter,10
C,0.9948647723382403,C,C112,C,0.9949494949494949,C,-,-,-,-,-,-,-,-,-,-,-,-,-,-,-,N-ter,0
-,0.0,NC,P113,P,0.7171717171717171,NC,-,-,-,-,-,-,-,-,-,-,-,-,-,-,-,N-ter,0
-,0.0,NC,V114,V,0.9390862944162437,C,-,-3,-2,-10,-2,-1,-3,-3,-3,-10,-3,-10,-3,-10,-4,N-ter,14
-,0.0,NC,P115,-,0.0,NC,-,-,-,-,-,-,-,-,-,-,-,-,-,-,-,N-ter,0
-,0.0,NC,L116,D,0.5230769230769231,NC,1.26,-,-,-,-,-,-,-,-,-,-,-,-,-,-,TM1,0
-,0.0,NC,E117,E,0.7282051282051282,NC,1.27,-,-,-,-,-,-,-,-,-,-,-,-,-,-,TM1,0
-,0.0,NC,L118,-,0.0,NC,1.28,-,-,-,-,-,-,-,-,-,-,-,-,-,-,TM1,0
-,0.0,NC,L119,P,0.5025641025641026,NC,1.29,-,-,-,-,-,-,-,-,-,-,-,-,-,-,TM1,0
-,0.0,NC,-,-,0.0,NC,-,-,-,-,-,-,-,-,-,-,-,-,-,-,-,-,0
-,0.0,NC,-,-,0.0,NC,-,-,-,-,-,-,-,-,-,-,-,-,-,-,-,-,0
-,0.0,NC,-,-,0.0,NC,-,-,-,-,-,-,-,-,-,-,-,-,-,-,-,-,0
-,0.0,NC,-,-,0.0,NC,-,-,-,-,-,-,-,-,-,-,-,-,-,-,-,-,0
-,0.0,NC,-,-,0.0,NC,-,-,-,-,-,-,-,-,-,-,-,-,-,-,-,-,0
-,0.0,NC,A120,-,0.0,NC,1.3,-,-,-,-,-,-,-,-,-,-,-,-,-,-,TM1,0
-,0.0,NC,E121,E,0.735632183908046,NC,1.31,-,-,-,-,-,-,-,-,-,-,-,-,-,-,TM1,0
-,0.0,NC,E122,E,0.9637305699481865,C,1.32,-3,1,-1,2,2,0,2,-,-10,1,1,-10,1,2,TM1,13
-,0.0,NC,E123,-,0.0,NC,1.33,-,-,-,-,-,-,-,-,-,-,-,-,-,-,TM1,0
-,0.0,NC,S124,S,0.9336734693877551,C,1.34,-3,-10,-10,-10,-2,-10,-10,0,-1,0,-1,-10,-1,-3,TM1,14
-,0.0,NC,Y125,Y,0.9848484848484849,C,1.35,2,3,-,3,-,2,-10,-2,-10,3,-10,-2,-2,-2,TM1,12
-,0.0,NC,-,-,0.0,NC,-,-,-,-,-,-,-,-,-,-,-,-,-,-,-,-,0
-,0.0,NC,F126,F,0.9696969696969697,C,1.36,3,3,-10,3,3,3,0,-,3,-,3,0,0,0,TM1,12
-,0.0,NC,S127,S,0.696969696969697,NC,1.37,-,-,-,-,-,-,-,-,-,-,-,-,-,-,TM1,0
-,0.0,NC,T128,T,0.8838383838383839,NC,1.38,-,-,-,-,-,-,-,-,-,-,-,-,-,-,TM1,0
-,0.0,NC,V129,V,0.7461928934010152,NC,1.39,-,-,-,-,-,-,-,-,-,-,-,-,-,-,TM1,0
-,0.0,NC,K130,K,0.8629441624365483,NC,1.4,-,-,-,-,-,-,-,-,-,-,-,-,-,-,TM1,0
-,0.0,NC,I131,I,0.6111111111111112,NC,1.41,-,-,-,-,-,-,-,-,-,-,-,-,-,-,TM1,0
-,0.0,NC,I132,I,0.8787878787878788,NC,1.42,-,-,-,-,-,-,-,-,-,-,-,-,-,-,TM1,0
Y,0.6710481968318166,NC,Y133,Y,1.0,C,1.43,-3,-,-,-,-,-3,-,-,-,-,-2,-,-2,-,TM1,4
T,0.6641942009440324,NC,T134,T,0.9746192893401016,C,1.44,-2,-,-,-,-,-2,-,-,-,-,-1,-,-1,-,TM1,4
-,0.0,NC,V135,-,0.0,NC,1.45,-,-,-,-,-,-,-,-,-,-,-,-,-,-,TM1,0
G,0.9905692152239811,C,G136,G,0.9949494949494949,C,1.46,-,-,-,-,-,-,-,-,-,-,-,-,-,-,TM1,0
Y,0.5783983849259757,NC,H137,Y,0.5505050505050505,NC,1.47,-,-,-,-,-,-,-,-,-,-,-,-,-,-,TM1,0
S,0.5843150454392461,NC,S138,S,0.9045226130653267,C,1.48,-2,-,-,-,-,-2,1,-,-,-,1,-,-1,-,TM1,5
-,0.0,NC,I139,I,0.507537688442211,NC,1.49,-,-,-,-,-,-,-,-,-,-,-,-,-,-,TM1,0
S,0.9882234185733513,C,S140,S,0.9899497487437185,C,1.5,-,-,-,-,-,-,-,-,-,-,-,-,-,-,TM1,0
L,0.6004712218108381,NC,I141,-,0.0,NC,1.51,-,-,-,-,-,-,-,-,-,-,-,-,-,-,TM1,0
-,0.0,NC,V142,-,0.0,NC,1.52,-,-,-,-,-,-,-,-,-,-,-,-,-,-,TM1,0
-,0.0,NC,A143,-,0.0,NC,1.53,-,-,-,-,-,-,-,-,-,-,-,-,-,-,TM1,0
L,0.9899159663865547,C,L144,L,0.9899497487437185,C,1.54,-,-,-,-,-,-,-,-,-,-,-,-,-,-,TM1,0
-,0.0,NC,F145,-,0.0,NC,1.55,-,-,-,-,-,-,-,-,-,-,-,-,-,-,TM1,0
-,0.0,NC,V146,V,0.5678391959798995,NC,1.56,-,-,-,-,-,-,-,-,-,-,-,-,-,-,TM1,0
A,0.7656145063801209,NC,A147,A,0.9849246231155779,C,1.57,-,0,-,-,-,-,-,-,-,-,1,-,1,-,TM1,3
-,0.0,NC,I148,V,0.5226130653266332,NC,1.58,-,-,-,-,-,-,-,-,-,-,-,-,-,-,TM1,0
-,0.0,NC,T149,-,0.0,NC,1.59,-,-,-,-,-,-,-,-,-,-,-,-,-,-,TM1,0
I,0.7158176943699732,NC,I150,I,0.6868686868686869,NC,1.6,-,-,-,-,-,-,-,-,-,-,-,-,-,-,TM1,0
L,0.6119103379056541,NC,L151,L,1.0,C,1.61,0,-,-,-,-,0,-,-,-,1,0,-,0,-,TM1,5
-,0.0,NC,V152,-,0.0,NC,1.62,-,-,-,-,-,-,-,-,-,-,-,-,-,-,TM1,0
-,0.0,NC,A153,A,0.6616161616161617,NC,1.63,-,-,-,-,-,-,-,-,-,-,-,-,-,-,TM1,0
F,0.7041499330655957,NC,L154,F,0.5404040404040404,NC,1.64,-,-,-,-,-,-,-,-,-,-,-,-,-,-,TM1,0
-,0.0,NC,-,-,0.0,NC,-,-,-,-,-,-,-,-,-,-,-,-,-,-,-,-,0
-,0.0,NC,-,-,0.0,NC,-,-,-,-,-,-,-,-,-,-,-,-,-,-,-,-,0
-,0.0,NC,-,-,0.0,NC,-,-,-,-,-,-,-,-,-,-,-,-,-,-,-,-,0
-,0.0,NC,-,-,0.0,NC,-,-,-,-,-,-,-,-,-,-,-,-,-,-,-,-,0
-,0.0,NC,-,-,0.0,NC,-,-,-,-,-,-,-,-,-,-,-,-,-,-,-,-,0
-,0.0,NC,-,-,0.0,NC,-,-,-,-,-,-,-,-,-,-,-,-,-,-,-,-,0
-,0.0,NC,-,-,0.0,NC,-,-,-,-,-,-,-,-,-,-,-,-,-,-,-,-,0
-,0.0,NC,-,-,0.0,NC,-,-,-,-,-,-,-,-,-,-,-,-,-,-,-,-,0
-,0.0,NC,-,-,0.0,NC,-,-,-,-,-,-,-,-,-,-,-,-,-,-,-,-,0
-,0.0,NC,-,-,0.0,NC,-,-,-,-,-,-,-,-,-,-,-,-,-,-,-,-,0
-,0.0,NC,-,-,0.0,NC,-,-,-,-,-,-,-,-,-,-,-,-,-,-,-,-,0
-,0.0,NC,-,-,0.0,NC,-,-,-,-,-,-,-,-,-,-,-,-,-,-,-,-,0
-,0.0,NC,-,-,0.0,NC,-,-,-,-,-,-,-,-,-,-,-,-,-,-,-,-,0
-,0.0,NC,-,-,0.0,NC,-,-,-,-,-,-,-,-,-,-,-,-,-,-,-,-,0
-,0.0,NC,-,-,0.0,NC,-,-,-,-,-,-,-,-,-,-,-,-,-,-,-,-,0
-,0.0,NC,-,-,0.0,NC,-,-,-,-,-,-,-,-,-,-,-,-,-,-,-,-,0
-,0.0,NC,-,-,0.0,NC,-,-,-,-,-,-,-,-,-,-,-,-,-,-,-,-,0
-,0.0,NC,-,-,0.0,NC,-,-,-,-,-,-,-,-,-,-,-,-,-,-,-,-,0
-,0.0,NC,-,-,0.0,NC,-,-,-,-,-,-,-,-,-,-,-,-,-,-,-,-,0
-,0.0,NC,-,-,0.0,NC,-,-,-,-,-,-,-,-,-,-,-,-,-,-,-,-,0
-,0.0,NC,-,-,0.0,NC,-,-,-,-,-,-,-,-,-,-,-,-,-,-,-,-,0
-,0.0,NC,-,-,0.0,NC,-,-,-,-,-,-,-,-,-,-,-,-,-,-,-,-,0
-,0.0,NC,-,-,0.0,NC,-,-,-,-,-,-,-,-,-,-,-,-,-,-,-,-,0
-,0.0,NC,-,-,0.0,NC,-,-,-,-,-,-,-,-,-,-,-,-,-,-,-,-,0
-,0.0,NC,-,-,0.0,NC,-,-,-,-,-,-,-,-,-,-,-,-,-,-,-,-,0
-,0.0,NC,-,-,0.0,NC,-,-,-,-,-,-,-,-,-,-,-,-,-,-,-,-,0
-,0.0,NC,-,-,0.0,NC,-,-,-,-,-,-,-,-,-,-,-,-,-,-,-,-,0
-,0.0,NC,-,-,0.0,NC,-,-,-,-,-,-,-,-,-,-,-,-,-,-,-,-,0
-,0.0,NC,-,-,0.0,NC,-,-,-,-,-,-,-,-,-,-,-,-,-,-,-,-,0
R,0.8292764254751583,NC,R155,R,1.0,C,12.48,-,-,-,-,-,-,-,-,-1,-,2,-,2,-,ICL1,3
-,0.0,NC,R156,R,0.9246231155778895,C,12.49,-1,2,-,2,2,-1,0,-,2,-,-1,2,-1,-,ICL1,10
L,0.8464606181455633,NC,L157,L,1.0,C,12.5,1,-,-,-,-,1,-,-,-,-,-,-,-,-,ICL1,2
H,0.6049833887043189,NC,H158,R,0.5125628140703518,NC,12.51,-,-,-,-,-,-,-,-,-,-,-,-,-,-,ICL1,0
C,0.994682618810236,C,C159,C,1.0,C,2.44,-,-,-,-,-,-,-,-,-,-,-,-,-,-,TM2,0
T,0.5938850116317713,NC,P160,P,0.7185929648241206,NC,2.45,-,-,-,-,-,-,-,-,-,-,-,-,-,-,TM2,0
R,0.9956781914893617,C,R161,R,1.0,C,2.46,-,-,-,-,-,-,-,-,-,-,-,-,-,-,TM2,0
N,0.8417553191489362,NC,N162,N,1.0,C,2.47,-,-,-,-,-,-,-,-,-,-,-4,-,-4,-,TM2,2
Y,0.5697171381031614,NC,Y163,Y,0.8040201005025126,NC,2.48,-,-,-,-,-,-,-,-,-,-,-,-,-,-,TM2,0
I,0.8330006653359947,NC,V164,I,0.8994974874371859,NC,2.49,-,-,-,-,-,-,-,-,-,-,-,-,-,-,TM2,0
H,0.9963418689723977,C,H165,H,1.0,C,2.5,-,-,-,-,-,-,-,-,-,-,-,-,-,-,TM2,0
-,0.0,NC,T166,-,0.0,NC,2.51,-,-,-,-,-,-,-,-,-,-,-,-,-,-,TM2,0
N,0.6677740863787376,NC,Q167,Q,0.9748743718592965,C,2.52,0,0,1,1,0,0,0,1,0,1,0,0,0,0,TM2,14
L,0.9634430043203722,C,L168,L,1.0,C,2.53,-,-,-,-,-,-,-,-,-,-,-,-,-,-,TM2,0
F,0.849351513136016,NC,F169,F,1.0,C,2.54,-1,-,-,-,-,-1,-,-,-,-,-,-,-,-,TM2,2
-,0.0,NC,T170,-,0.0,NC,2.55,-,-,-,-,-,-,-,-,-,-,-,-,-,-,TM2,0
S,0.757313829787234,NC,T171,T,0.9396984924623115,C,2.56,-,1,1,1,1,0,1,1,1,1,1,1,1,1,TM2,13
F,0.9048885932823412,C,F172,F,1.0,C,2.57,-,-,-,-,-,-,-,-,-,-,3,-,-,-,TM2,1
I,0.6311938809444629,NC,I173,I,0.964824120603015,C,2.58,-,-,-,-,-,-,-,1,-,1,3,-,3,1,TM2,5
L,0.9109930255728994,C,L174,L,0.9899497487437185,C,2.59,-,-,-,-,-,-,-,-,-,-,-,-,-2,-,TM2,1
R,0.7120557954168051,NC,K175,K,0.9949748743718593,C,2.6,2,2,2,2,2,2,2,2,-,2,0,2,0,2,TM2,13
A,0.6622384589837264,NC,A176,A,0.875,NC,2.61,-,-,-,-,-,-,-,-,-,-,-,-,-,-,TM2,0
-,0.0,NC,G177,-,0.0,NC,2.62,-,-,-,-,-,-,-,-,-,-,-,-,-,-,TM2,0
-,0.0,NC,A178,A,0.965,C,2.63,-1,1,1,-,1,0,1,1,1,1,-10,-,0,-,TM2,11
-,0.0,NC,V179,V,0.755,NC,2.64,-,-,-,-,-,-,-,-,-,-,-,-,-,-,TM2,0
F,0.5986733001658375,NC,F180,F,0.99,C,2.65,-,0,-,-,-,-,-,-,0,-,-1,0,-1,0,TM2,6
-,0.0,NC,L181,I,0.505,NC,2.66,-,-,-,-,-,-,-,-,-,-,-,-,-,-,TM2,0
K,0.5899137358991373,NC,K182,K,0.975,C,2.67,-3,-,-,-,-,-3,-,-,-3,-,-1,-,-10,2,TM2,6
D,0.6790450928381963,NC,D183,D,1.0,C,2.68,-1,-,-,-,-,-1,-,-,-,-,-5,-,-5,-,TM2,4
-,0.0,NC,A184,A,0.915,C,2.69,-2,-2,-,-10,-10,-2,-,-,-,-10,0,-10,0,-2,TM2,10
-,0.0,NC,A185,-,0.0,NC,2.7,-,-,-,-,-,-,-,-,-,-,-,-,-,-,TM2,0
L,0.5661252900232019,NC,L186,L,0.97,C,2.71,1,-,-,-,-,2,-,-,-,1,1,-10,1,-,TM2,6
-,0.0,NC,F187,F,0.97,C,2.72,-4,3,-,-,3,-3,-4,3,-10,-2,-1,3,-3,-4,TM2,12
-,0.0,NC,H188,-,0.0,NC,-,-,-,-,-,-,-,-,-,-,-,-,-,-,-,ECL1,0
-,0.0,NC,S189,-,0.0,NC,-,-,-,-,-,-,-,-,-,-,-,-,-,-,-,ECL1,0
-,0.0,NC,-,-,0.0,NC,-,-,-,-,-,-,-,-,-,-,-,-,-,-,-,-,0
-,0.0,NC,-,-,0.0,NC,-,-,-,-,-,-,-,-,-,-,-,-,-,-,-,-,0
-,0.0,NC,-,-,0.0,NC,-,-,-,-,-,-,-,-,-,-,-,-,-,-,-,-,0
-,0.0,NC,-,-,0.0,NC,-,-,-,-,-,-,-,-,-,-,-,-,-,-,-,-,0
-,0.0,NC,-,-,0.0,NC,-,-,-,-,-,-,-,-,-,-,-,-,-,-,-,-,0
-,0.0,NC,-,-,0.0,NC,-,-,-,-,-,-,-,-,-,-,-,-,-,-,-,-,0
-,0.0,NC,-,-,0.0,NC,-,-,-,-,-,-,-,-,-,-,-,-,-,-,-,-,0
-,0.0,NC,-,-,0.0,NC,-,-,-,-,-,-,-,-,-,-,-,-,-,-,-,-,0
-,0.0,NC,-,-,0.0,NC,-,-,-,-,-,-,-,-,-,-,-,-,-,-,-,-,0
-,0.0,NC,-,-,0.0,NC,-,-,-,-,-,-,-,-,-,-,-,-,-,-,-,-,0
-,0.0,NC,-,-,0.0,NC,-,-,-,-,-,-,-,-,-,-,-,-,-,-,-,-,0
-,0.0,NC,-,-,0.0,NC,-,-,-,-,-,-,-,-,-,-,-,-,-,-,-,-,0
-,0.0,NC,D190,E,0.535,NC,-,-,-,-,-,-,-,-,-,-,-,-,-,-,-,ECL1,0
-,0.0,NC,D191,D,0.635,NC,-,-,-,-,-,-,-,-,-,-,-,-,-,-,-,ECL1,0
-,0.0,NC,T192,T,0.625,NC,-,-,-,-,-,-,-,-,-,-,-,-,-,-,-,ECL1,0
-,0.0,NC,-,-,0.0,NC,-,-,-,-,-,-,-,-,-,-,-,-,-,-,-,-,0
-,0.0,NC,-,-,0.0,NC,-,-,-,-,-,-,-,-,-,-,-,-,-,-,-,-,0
-,0.0,NC,-,-,0.0,NC,-,-,-,-,-,-,-,-,-,-,-,-,-,-,-,-,0
-,0.0,NC,-,-,0.0,NC,-,-,-,-,-,-,-,-,-,-,-,-,-,-,-,-,0
-,0.0,NC,D193,D,0.76,NC,-,-,-,-,-,-,-,-,-,-,-,-,-,-,-,ECL1,0
-,0.0,NC,-,-,0.0,NC,-,-,-,-,-,-,-,-,-,-,-,-,-,-,-,-,0
-,0.0,NC,-,-,0.0,NC,-,-,-,-,-,-,-,-,-,-,-,-,-,-,-,-,0
-,0.0,NC,-,-,0.0,NC,-,-,-,-,-,-,-,-,-,-,-,-,-,-,-,-,0
-,0.0,NC,-,-,0.0,NC,-,-,-,-,-,-,-,-,-,-,-,-,-,-,-,-,0
-,0.0,NC,-,-,0.0,NC,-,-,-,-,-,-,-,-,-,-,-,-,-,-,-,-,0
-,0.0,NC,-,-,0.0,NC,-,-,-,-,-,-,-,-,-,-,-,-,-,-,-,-,0
-,0.0,NC,H194,H,0.915,C,-,-10,-,2,-10,-,-10,-3,-10,-3,-10,-10,2,-10,-10,ECL1,12
-,0.0,NC,-,-,0.0,NC,-,-,-,-,-,-,-,-,-,-,-,-,-,-,-,-,0
-,0.0,NC,C195,C,1.0,C,-,-4,-,-,-,-,-4,-2,-10,-2,-4,-1,-2,-1,-3,ECL1,10
-,0.0,NC,S196,S,0.68,NC,-,-,-,-,-,-,-,-,-,-,-,-,-,-,-,ECL1,0
-,0.0,NC,F197,F,0.685,NC,-,-,-,-,-,-,-,-,-,-,-,-,-,-,-,ECL1,0
-,0.0,NC,-,-,0.0,NC,-,-,-,-,-,-,-,-,-,-,-,-,-,-,-,-,0
-,0.0,NC,-,-,0.0,NC,-,-,-,-,-,-,-,-,-,-,-,-,-,-,-,-,0
-,0.0,NC,-,-,0.0,NC,-,-,-,-,-,-,-,-,-,-,-,-,-,-,-,-,0
-,0.0,NC,S198,S,1.0,C,-,0,-,-1,-1,-,0,-10,0,1,0,-1,-3,0,1,ECL1,12
-,0.0,NC,T199,T,0.99,C,3.26,-1,-4,-10,1,-,0,1,-2,-10,-2,-2,-10,-2,-2,TM3,13
-,0.0,NC,V200,-,0.0,NC,3.27,-,-,-,-,-,-,-,-,-,-,-,-,-,-,TM3,0
-,0.0,NC,L201,-,0.0,NC,3.28,-,-,-,-,-,-,-,-,-,-,-,-,-,-,TM3,0
C,0.9927440633245382,C,C202,C,0.9847715736040609,C,3.29,-,-,-,-,-,-,-,-,-,-,-,-,-,-,TM3,0
K,0.5877887788778878,NC,K203,K,0.9897959183673469,C,3.3,2,-,-,-,-,2,2,-,2,-,-,2,-,2,TM3,6
-,0.0,NC,V204,-,0.0,NC,3.31,-,-,-,-,-,-,-,-,-,-,-,-,-,-,TM3,0
-,0.0,NC,S205,S,0.9794871794871794,C,3.32,-3,-,-2,1,-2,-2,-2,1,1,1,-3,-10,-,1,TM3,12
-,0.0,NC,V206,V,0.9794871794871794,C,3.33,0,1,1,-10,1,0,-1,-,-10,-,-4,-3,-3,-3,TM3,12
-,0.0,NC,A207,V,0.5076923076923077,NC,3.34,-,-,-,-,-,-,-,-,-,-,-,-,-,-,TM3,0
-,0.0,NC,A208,F,0.558974358974359,NC,3.35,-,-,-,-,-,-,-,-,-,-,-,-,-,-,TM3,0
-,0.0,NC,S209,C,0.5282051282051282,NC,3.36,-,-,-,-,-,-,-,-,-,-,-,-,-,-,TM3,0
-,0.0,NC,H210,H,0.9540816326530612,C,3.37,0,1,1,1,-,0,1,-3,1,-4,1,-,-3,1,TM3,12
Y,0.9660737812911726,C,F211,Y,0.5612244897959183,NC,3.38,-,-,-,-,-,-,-,-,-,-,-,-,-,-,TM3,0
-,0.0,NC,A212,-,0.0,NC,3.39,-,-,-,-,-,-,-,-,-,-,-,-,-,-,TM3,0
-,0.0,NC,T213,-,0.0,NC,3.4,-,-,-,-,-,-,-,-,-,-,-,-,-,-,TM3,0
-,0.0,NC,M214,M,0.9746192893401016,C,3.41,1,-,-,-,-10,1,-1,-1,1,-1,-4,-4,-4,-4,TM3,11
-,0.0,NC,T215,T,0.7766497461928934,NC,3.42,-,-,-,-,-,-,-,-,-,-,-,-,-,-,TM3,0
N,0.9727153188691651,C,N216,N,0.9898477157360406,C,3.43,-,-,-,-,-,-,-,-,-,-,-,-,-,-,TM3,0
Y,0.6097961867192636,NC,F217,F,0.9949238578680203,C,3.44,-,-,3,-,3,-,3,3,3,3,3,3,3,3,TM3,10
F,0.5243421052631579,NC,S218,-,0.0,NC,3.45,-,-,-,-,-,-,-,-,-,-,-,-,-,-,TM3,0
W,0.9980263157894737,C,W219,W,0.9949238578680203,C,3.46,-,-,-,-,-,-,-,-,-,-,-,-,-,-,TM3,0
L,0.5623971024036879,NC,L220,L,0.9949238578680203,C,3.47,2,-,-,-,-,2,-,1,-,1,2,-,2,-,TM3,6
L,0.7721435627263747,NC,L221,L,0.9644670050761421,C,3.48,0,-,-,-,0,0,-,-,-,-,-,-,-,-,TM3,3
V,0.662936142198815,NC,A222,V,0.649746192893401,NC,3.49,-,-,-,-,-,-,-,-,-,-,-,-,-,-,TM3,0
E,0.9967083607636603,C,E223,E,0.9949238578680203,C,3.5,-,-,-,-,-,-,-,-,-,-,-,-,-,-,TM3,0
G,0.9138441302203223,C,A224,A,1.0,C,3.51,0,0,0,0,0,0,0,0,0,0,0,0,0,0,TM3,14
-,0.0,NC,V225,L,0.5230769230769231,NC,3.52,-,-,-,-,-,-,-,-,-,-,-,-,-,-,TM3,0
Y,0.9671052631578947,C,Y226,Y,0.9897435897435898,C,3.53,-,-,-,-,-,-,-,-,-,-,-,-,-,-,TM3,0
L,0.9970384995064165,C,L227,L,0.9948717948717949,C,3.54,-,-,-,-,-,-,-,-,-,-,-,-,-,-,TM3,0
H,0.7819796119697467,NC,N228,N,0.5561224489795918,NC,3.55,-,-,-,-,-,-,-,-,-,-,-,-,-,-,TM3,0
T,0.6219592373438527,NC,C229,C,0.6938775510204082,NC,3.56,-,-,-,-,-,-,-,-,-,-,-,-,-,-,TM3,0
L,0.8445101906640368,NC,L230,L,0.9948979591836735,C,3.57,-2,-,-,-,-,-2,-,-,-,-,-,-,-,-,TM3,2
L,0.5518262586377097,NC,L231,L,0.9897959183673469,C,3.58,1,-,-,-,-,1,-,1,-,1,1,-,1,-,TM3,6
V,0.5935441370223979,NC,A232,L,0.5025641025641026,NC,3.59,-,-,-,-,-,-,-,-,-,-,-,-,-,-,TM3,0
-,0.0,NC,S233,S,0.9641025641025641,C,3.6,-2,-10,-3,-2,0,-3,-3,-2,-10,-2,-2,1,-2,-3,TM3,14
-,0.0,NC,T234,S,0.5204081632653061,NC,-,-,-,-,-,-,-,-,-,-,-,-,-,-,-,ICL2,0
-,0.0,NC,S235,-,0.0,NC,-,-,-,-,-,-,-,-,-,-,-,-,-,-,-,ICL2,0
F,0.6327404479578392,NC,P236,P,0.5357142857142857,NC,-,-,-,-,-,-,-,-,-,-,-,-,-,-,-,ICL2,0
-,0.0,NC,S237,H,0.5051020408163265,NC,-,-,-,-,-,-,-,-,-,-,-,-,-,-,-,ICL2,0
E,0.6383957922419461,NC,S238,-,0.0,NC,-,-,-,-,-,-,-,-,-,-,-,-,-,-,-,ICL2,0
-,0.0,NC,R239,R,0.8666666666666667,NC,4.39,-,-,-,-,-,-,-,-,-,-,-,-,-,-,TM4,0
-,0.0,NC,R240,R,0.8469387755102041,NC,4.4,-,-,-,-,-,-,-,-,-,-,-,-,-,-,TM4,0
-,0.0,NC,A241,-,0.0,NC,4.41,-,-,-,-,-,-,-,-,-,-,-,-,-,-,TM4,0
-,0.0,NC,F242,F,0.7128205128205128,NC,4.42,-,-,-,-,-,-,-,-,-,-,-,-,-,-,TM4,0
-,0.0,NC,W243,W,0.9846153846153847,C,4.43,-,-10,-10,-,2,-,-4,-,-10,-,-3,-10,-2,-4,TM4,9
-,0.0,NC,W244,W,0.6923076923076923,NC,4.44,-,-,-,-,-,-,-,-,-,-,-,-,-,-,TM4,0
Y,0.5948616600790514,NC,L245,L,0.7461928934010152,NC,4.45,-,-,-,-,-,-,-,-,-,-,-,-,-,-,TM4,0
-,0.0,NC,V246,V,0.7157360406091371,NC,4.46,-,-,-,-,-,-,-,-,-,-,-,-,-,-,TM4,0
-,0.0,NC,L247,L,0.949238578680203,C,4.47,0,-,-2,-,1,-2,-3,-,-2,-,-,-,-,-,TM4,6
I,0.556507413509061,NC,A248,-,0.0,NC,4.48,-,-,-,-,-,-,-,-,-,-,-,-,-,-,TM4,0
G,0.9884754692130392,C,G249,G,0.9441624365482234,C,4.49,-,-,-,-,-,-,-,-,-,-,-,-,-,-,TM4,0
W,0.9944060546232313,C,W250,W,0.9797979797979798,C,4.5,-,-,-,-,-,-,-,-,-,-,-,-,-,-,TM4,0
G,0.8292682926829268,NC,G251,G,0.9949748743718593,C,4.51,-4,-,-,-,-,-4,-,-,-,-,-,-10,-,-,TM4,3
-,0.0,NC,L252,-,0.0,NC,4.52,-,-,-,-,-,-,-,-,-,-,-,-,-,-,TM4,0
P,0.9880676168379184,C,P253,P,0.9849246231155779,C,4.53,-,-,-,-,-,-,-,-,-,-,-,-,-,-,TM4,0
-,0.0,NC,V254,-,0.0,NC,4.54,-,-,-,-,-,-,-,-,-,-,-,-,-,-,TM4,0
-,0.0,NC,L255,L,0.7286432160804021,NC,4.55,-,-,-,-,-,-,-,-,-,-,-,-,-,-,TM4,0
F,0.5607569721115537,NC,F256,F,0.8894472361809045,NC,4.56,-,-,-,-,-,-,-,-,-,-,-,-,-,-,TM4,0
-,0.0,NC,T257,T,0.6934673366834171,NC,4.57,-,-,-,-,-,-,-,-,-,-,-,-,-,-,TM4,0
-,0.0,NC,G258,-,0.0,NC,4.58,-,-,-,-,-,-,-,-,-,-,-,-,-,-,TM4,0
-,0.0,NC,T259,-,0.0,NC,4.59,-,-,-,-,-,-,-,-,-,-,-,-,-,-,TM4,0
W,0.8368841544607191,NC,W260,W,0.9949238578680203,C,4.6,-,-,-,-,-,-,-,-,-,-,-3,-,-3,-,TM4,2
A,0.5457570715474209,NC,V261,I,0.5431472081218274,NC,4.61,-,-,-,-,-,-,-,-,-,-,-,-,-,-,TM4,0
-,0.0,NC,S262,G,0.5050505050505051,NC,4.62,-,-,-,-,-,-,-,-,-,-,-,-,-,-,TM4,0
-,0.0,NC,C263,-,0.0,NC,4.63,-,-,-,-,-,-,-,-,-,-,-,-,-,-,TM4,0
R,0.6268308921438083,NC,K264,K,0.7336683417085427,NC,4.64,-,-,-,-,-,-,-,-,-,-,-,-,-,-,TM4,0
-,0.0,NC,L265,-,0.0,NC,4.65,-,-,-,-,-,-,-,-,-,-,-,-,-,-,TM4,0
-,0.0,NC,A266,Y,0.5025125628140703,NC,4.66,-,-,-,-,-,-,-,-,-,-,-,-,-,-,TM4,0
-,0.0,NC,F267,F,0.9696969696969697,C,4.67,3,0,-10,-,-,3,3,0,3,0,3,0,3,3,TM4,12
E,0.5171381031613976,NC,E268,E,0.9849246231155779,C,4.68,-,-,-,-10,1,1,-,-1,-,-1,-4,-,-3,-,TM4,7
N,0.5123087159015303,NC,D269,D,0.9646464646464646,C,-,1,-,-,-,-,1,-,-,1,-,1,1,1,1,ECL2,7
-,0.0,NC,I270,T,0.5858585858585859,NC,-,-,-,-,-,-,-,-,-,-,-,-,-,-,-,ECL2,0
-,0.0,NC,A271,A,0.645,NC,-,-,-,-,-,-,-,-,-,-,-,-,-,-,-,ECL2,0
C,0.9923358880373209,C,C272,C,0.9949494949494949,C,45.5,-,-,-,-,-,-,-,-,-,-,-,-,-,-,ECL2,0
W,0.9936645548516172,C,W273,W,1.0,C,45.51,-,-,-,-,-,-,-,-,-,-,-,-,-,-,ECL2,0
-,0.0,NC,D274,D,0.98989898989899,C,45.52,-4,-,-,-,-,-4,-1,-,-10,1,-4,-10,-4,1,ECL2,9
-,0.0,NC,L275,-,0.0,NC,-,-,-,-,-,-,-,-,-,-,-,-,-,-,-,ECL2,0
-,0.0,NC,D276,N,0.5252525252525253,NC,-,-,-,-,-,-,-,-,-,-,-,-,-,-,-,ECL2,0
-,0.0,NC,D277,-,0.0,NC,-,-,-,-,-,-,-,-,-,-,-,-,-,-,-,ECL2,0
-,0.0,NC,-,-,0.0,NC,-,-,-,-,-,-,-,-,-,-,-,-,-,-,-,-,0
-,0.0,NC,T278,-,0.0,NC,-,-,-,-,-,-,-,-,-,-,-,-,-,-,-,ECL2,0
-,0.0,NC,S279,S,1.0,C,-,-1,-10,1,-10,1,-2,-2,0,-2,0,1,-10,1,-1,ECL2,14
-,0.0,NC,P280,P,0.9797979797979798,C,-,-4,-10,-10,-10,-1,-4,-3,-10,-3,-10,-3,-10,-3,-1,ECL2,14
-,0.0,NC,Y281,Y,0.9848484848484849,C,-,-10,-4,-2,-10,-2,-2,-,-2,3,-2,-2,-2,-2,-2,ECL2,13
W,0.543066178915863,NC,W282,W,0.9949494949494949,C,5.36,-6,-,-,-,-,-6,-,-4,-,-4,-2,-,-2,-,TM5,6
W,0.6299003322259136,NC,W283,W,1.0,C,5.37,2,-,-,-,-,2,-2,-,-,-,2,-,2,-,TM5,5
I,0.7877781467950847,NC,I284,I,0.7222222222222222,NC,5.38,-,-,-,-,-,-,-,-,-,-,-,-,-,-,TM5,0
I,0.6594756057085961,NC,I285,I,0.9646464646464646,C,5.39,-2,-,-,-,-,-2,-,-,1,-2,3,-,-,-,TM5,5
-,0.0,NC,K286,K,0.9646464646464646,C,5.4,1,2,2,-,-,1,2,1,2,1,-1,2,-1,2,TM5,12
G,0.5701958181214736,NC,G287,G,0.9949494949494949,C,5.41,-,-10,-,-10,-,-,-4,-4,-4,0,-,-,-,-2,TM5,7
P,0.9913707268503154,C,P288,P,0.9949494949494949,C,5.42,-,-,-,-,-,-,-,-,-,-,-,-,-,-,TM5,0
I,0.6064430421786782,NC,I289,I,0.98989898989899,C,5.43,3,-,3,-,3,1,-,-,3,-,3,1,-,-,TM5,7
-,0.0,NC,V290,V,0.6666666666666666,NC,5.44,-,-,-,-,-,-,-,-,-,-,-,-,-,-,TM5,0
-,0.0,NC,L291,-,0.0,NC,5.45,-,-,-,-,-,-,-,-,-,-,-,-,-,-,TM5,0
-,0.0,NC,S292,S,0.9949494949494949,C,5.46,-2,-,-,-,-,-2,1,1,1,1,1,-10,1,1,TM5,10
I,0.5476269498838368,NC,V293,V,0.7222222222222222,NC,5.47,-,-,-,-,-,-,-,-,-,-,-,-,-,-,TM5,0
-,0.0,NC,G294,G,0.7676767676767676,NC,5.48,-,-,-,-,-,-,-,-,-,-,-,-,-,-,TM5,0
V,0.5397296406198483,NC,V295,V,0.9796954314720813,C,5.49,3,-,3,-,3,3,-,-,3,1,-,-,-,3,TM5,7
N,0.9709379128137384,C,N296,N,0.9695431472081218,C,5.5,-,-,-,-,-,-,-,-,-,-,-,-,-,-,TM5,0
F,0.8776455026455027,NC,F297,F,1.0,C,5.51,-,-,-,-,-,-,-,-,-,-,-,-,0,-,TM5,1
-,0.0,NC,G298,-,0.0,NC,5.52,-,-,-,-,-,-,-,-,-,-,-,-,-,-,TM5,0
-,0.0,NC,L299,L,1.0,C,5.53,0,-,-,-,-,0,1,-,1,-,0,1,0,1,TM5,8
F,0.6938099966898378,NC,F300,F,0.9847715736040609,C,5.54,0,-,-,-,-,0,-,-,-,-,0,-,0,-,TM5,4
-,0.0,NC,L301,-,0.0,NC,5.55,-,-,-,-,-,-,-,-,-,-,-,-,-,-,TM5,0
N,0.5483764082173624,NC,N302,N,1.0,C,5.56,-,0,-,-3,-1,-,-1,-,-1,-,-,0,-,-1,TM5,7
I,0.8996356409407088,NC,I303,I,1.0,C,5.57,-,-,-,-,-,-,3,-,-,-1,-,-,-,-,TM5,2
-,0.0,NC,I304,I,0.9390862944162437,C,5.58,3,-,1,-,-,3,-,-,-,3,3,1,3,1,TM5,8
R,0.7015568068896986,NC,R305,R,0.9494949494949495,C,5.59,-,-,-,-,-3,-,-4,-,-10,-,-,2,-,-3,TM5,5
I,0.6176275679257787,NC,I306,I,0.9848484848484849,C,5.6,-,-,-,-,-,-,-,3,-,3,3,1,3,-,TM5,5
L,0.941351888667992,C,L307,L,0.98989898989899,C,5.61,-,-,-,-,-,-,1,-,-,-,-,-,-,-,TM5,1
-,0.0,NC,V308,L,0.6515151515151515,NC,5.62,-,-,-,-,-,-,-,-,-,-,-,-,-,-,TM5,0
-,0.0,NC,R309,-,0.0,NC,5.63,-,-,-,-,-,-,-,-,-,-,-,-,-,-,TM5,0
K,0.9960264900662251,C,K310,K,1.0,C,5.64,-,-,-,-,-,-,-,-,-,-,-,-,-,-,TM5,0
L,0.8951025810721377,NC,L311,L,0.9949748743718593,C,5.65,-,-,-,-,-,-,-,-,-,1,-,-,-,-,TM5,1
R,0.5066137566137566,NC,E312,-,0.0,NC,-,-,-,-,-,-,-,-,-,-,-,-,-,-,-,ICL3,0
-,0.0,NC,P313,P,0.9547738693467337,C,-,-1,-1,-2,-10,-1,-1,-1,-2,-1,-2,-2,-1,-3,-2,ICL3,14
-,0.0,NC,A314,R,0.5477386934673367,NC,-,-,-,-,-,-,-,-,-,-,-,-,-,-,-,ICL3,0
-,0.0,NC,Q315,Q,0.7236180904522613,NC,-,-,-,-,-,-,-,-,-,-,-,-,-,-,-,ICL3,0
-,0.0,NC,G316,I,0.5376884422110553,NC,-,-,-,-,-,-,-,-,-,-,-,-,-,-,-,ICL3,0
-,0.0,NC,S317,-,0.0,NC,-,-,-,-,-,-,-,-,-,-,-,-,-,-,-,ICL3,0
-,0.0,NC,L318,F,0.5628140703517588,NC,-,-,-,-,-,-,-,-,-,-,-,-,-,-,-,ICL3,0
-,0.0,NC,H319,N,0.5527638190954773,NC,6.3,-,-,-,-,-,-,-,-,-,-,-,-,-,-,TM6,0
-,0.0,NC,T320,N,0.5628140703517588,NC,6.31,-,-,-,-,-,-,-,-,-,-,-,-,-,-,TM6,0
-,0.0,NC,Q321,S,0.5477386934673367,NC,6.32,-,-,-,-,-,-,-,-,-,-,-,-,-,-,TM6,0
-,0.0,NC,-,-,0.0,NC,-,-,-,-,-,-,-,-,-,-,-,-,-,-,-,-,0
-,0.0,NC,S322,S,0.7386934673366834,NC,6.33,-,-,-,-,-,-,-,-,-,-,-,-,-,-,TM6,0
Q,0.6215292609995728,NC,Q323,Q,0.9547738693467337,C,6.34,-,-,-,-,-3,-,-10,-,-10,-,0,-10,-3,-10,TM6,7
Y,0.9319907560250907,C,Y324,Y,0.9849246231155779,C,6.35,-,-,-,-,-,-,-2,-,-,-,-,-,-,-,TM6,1
-,0.0,NC,W325,R,0.5888324873096447,NC,6.36,-,-,-,-,-,-,-,-,-,-,-,-,-,-,TM6,0
-,0.0,NC,-,-,0.0,NC,-,-,-,-,-,-,-,-,-,-,-,-,-,-,-,-,0
R,0.537951607557176,NC,R326,R,0.9848484848484849,C,6.37,2,-,-,-,-,2,-,2,-,2,2,-,2,-,TM6,6
L,0.692154915590864,NC,L327,L,0.9797979797979798,C,6.38,-2,-,-,-,-,-2,-,-,-,-,-2,-,-2,-,TM6,4
A,0.5418735518040384,NC,S328,S,0.7085427135678392,NC,6.39,-,-,-,-,-,-,-,-,-,-,-,-,-,-,TM6,0
K,0.6773659827928524,NC,K329,K,0.7587939698492462,NC,6.4,-,-,-,-,-,-,-,-,-,-,-,-,-,-,TM6,0
S,0.6751571286801191,NC,S330,S,0.9798994974874372,C,6.41,1,-,-,-,-,1,-,-,-,-,1,-,1,-,TM6,4
T,0.9897520661157024,C,T331,T,0.9798994974874372,C,6.42,-,-,-,-,-,-,-,-,-,-,-,-,-,-,TM6,0
L,0.9702380952380952,C,L332,L,0.9849246231155779,C,6.43,-,-,-,-,-,-,-,-,-,-,-,-,-,-,TM6,0
-,0.0,NC,F333,L,0.8592964824120602,NC,6.44,-,-,-,-,-,-,-,-,-,-,-,-,-,-,TM6,0
L,0.9953719008264463,C,L334,L,0.9848484848484849,C,6.45,-,-,-,-,-,-,-,-,-,-,-,-,-,-,TM6,0
I,0.5213364207740655,NC,I335,I,0.9747474747474747,C,6.46,1,-,-,-,-,1,-,1,-,3,3,-,3,3,TM6,7
P,0.9292328042328042,C,P336,P,0.9949494949494949,C,6.47,-,-,-,-,-,-,-,-,-,-3,-,-,-,-,TM6,1
L,0.9404565001653986,C,L337,L,0.9848484848484849,C,6.48,-,-,-,-,-,-,-,-,-,1,-,-,-,-,TM6,1
L,0.5312810327706058,NC,F338,F,0.9797979797979798,C,6.49,0,-,-,-,-,0,0,-,0,-,0,0,0,0,TM6,8
G,0.9980145598941098,C,G339,G,0.9899497487437185,C,6.5,-,-,-,-,-,-,-,-,-,-,-,-,-,-,TM6,0
I,0.5539021164021164,NC,I340,T,0.5527638190954773,NC,6.51,-,-,-,-,-,-,-,-,-,-,-,-,-,-,TM6,0
H,0.6635792259345021,NC,H341,H,0.9597989949748744,C,6.52,-2,-,-,-,-,-2,-,-,-,-,1,-,0,-,TM6,4
Y,0.6142904399603043,NC,Y342,Y,0.9849246231155779,C,6.53,-,-,-,-,-,-,-3,-,-3,-,3,-3,3,-3,TM6,6
-,0.0,NC,I343,I,0.5829145728643216,NC,6.54,-,-,-,-,-,-,-,-,-,-,-,-,-,-,TM6,0
-,0.0,NC,I344,-,0.0,NC,6.55,-,-,-,-,-,-,-,-,-,-,-,-,-,-,TM6,0
F,0.9050611974859412,C,F345,F,0.9747474747474747,C,6.56,-,-,-,-,-,-,-,-,-,-,-,-,-10,-,TM6,1
-,0.0,NC,N346,N,0.9393939393939394,C,6.57,-4,-2,-2,-2,-2,-4,-2,-3,-2,-4,-3,-10,-3,-2,TM6,14
-,0.0,NC,F347,F,0.9949494949494949,C,6.58,-1,-10,-,-,-,-1,-,-3,-,-3,0,-,0,-4,TM6,8
-,0.0,NC,L348,L,0.9797979797979798,C,6.59,-4,0,-10,0,-3,-4,1,2,1,-,-3,1,-3,1,TM6,13
P,0.7536472148541115,NC,P349,P,0.9949494949494949,C,-,-,-,-,-,-,-,-3,-,-2,-,-,-2,-,-2,ECL3,4
-,0.0,NC,-,-,0.0,NC,-,-,-,-,-,-,-,-,-,-,-,-,-,-,-,-,0
-,0.0,NC,-,-,0.0,NC,-,-,-,-,-,-,-,-,-,-,-,-,-,-,-,-,0
-,0.0,NC,D350,D,0.7193877551020408,NC,-,-,-,-,-,-,-,-,-,-,-,-,-,-,-,ECL3,0
-,0.0,NC,N351,Y,0.5151515151515151,NC,-,-,-,-,-,-,-,-,-,-,-,-,-,-,-,ECL3,0
-,0.0,NC,A352,-,0.0,NC,-,-,-,-,-,-,-,-,-,-,-,-,-,-,-,ECL3,0
-,0.0,NC,G353,-,0.0,NC,7.34,-,-,-,-,-,-,-,-,-,-,-,-,-,-,TM7,0
-,0.0,NC,-,-,0.0,NC,-,-,-,-,-,-,-,-,-,-,-,-,-,-,-,-,0
G,0.7931858936043037,NC,-,-,0.0,NC,-,-,-,-,-,-,-,-,-,-,-,-,-,-,-,-,0
-,0.0,NC,-,-,0.0,NC,-,-,-,-,-,-,-,-,-,-,-,-,-,-,-,-,0
-,0.0,NC,-,-,0.0,NC,-,-,-,-,-,-,-,-,-,-,-,-,-,-,-,-,0
-,0.0,NC,L354,L,0.7061855670103093,NC,7.35,-,-,-,-,-,-,-,-,-,-,-,-,-,-,TM7,0
-,0.0,NC,G355,G,0.6432160804020101,NC,7.36,-,-,-,-,-,-,-,-,-,-,-,-,-,-,TM7,0
-,0.0,NC,I356,-,0.0,NC,7.37,-,-,-,-,-,-,-,-,-,-,-,-,-,-,TM7,0
-,0.0,NC,R357,R,0.9849246231155779,C,7.38,-4,-10,1,2,-,-4,2,1,2,-,-3,-,-3,2,TM7,11
-,0.0,NC,L358,L,0.8994974874371859,NC,7.39,-,-,-,-,-,-,-,-,-,-,-,-,-,-,TM7,0
-,0.0,NC,P359,-,0.0,NC,7.4,-,-,-,-,-,-,-,-,-,-,-,-,-,-,TM7,0
F,0.5039735099337749,NC,L360,L,0.7575757575757576,NC,7.41,-,-,-,-,-,-,-,-,-,-,-,-,-,-,TM7,0
E,0.5168986083499006,NC,E361,E,0.98989898989899,C,7.42,-1,-,-,-,-,-1,-,-,1,-,-2,2,-2,-,TM7,6
L,0.5847121111846459,NC,L362,L,0.9949748743718593,C,7.43,-3,-,-,-,-,-3,-,2,-,-,-3,-,-3,1,TM7,6
-,0.0,NC,G363,C,0.542713567839196,NC,7.44,-,-,-,-,-,-,-,-,-,-,-,-,-,-,TM7,0
L,0.657606894265827,NC,L364,L,0.5226130653266332,NC,7.45,-,-,-,-,-,-,-,-,-,-,-,-,-,-,TM7,0
-,0.0,NC,G365,G,0.9849246231155779,C,7.46,-2,-,-,-,-,-3,-2,-1,-1,-1,-4,-1,-4,-1,TM7,10
S,0.8386883073865519,NC,S366,S,0.9899497487437185,C,7.47,-,-,-,-,-,-,-,-,-,-,-1,-,-1,-,TM7,2
F,0.8639523336643495,NC,F367,F,0.9849246231155779,C,7.48,-,-,-,-,-,-,-,-,-,-,3,-,3,-,TM7,2
Q,0.949685534591195,C,Q368,Q,0.9899497487437185,C,7.49,-,-,-,-,-,-,-,-,-,-,-,1,-,-,TM7,1
G,0.9897854954034729,C,G369,G,0.9844559585492227,C,7.5,-,-,-,-,-,-,-,-,-,-,-,-,-,-,TM7,0
F,0.5939414567733152,NC,F370,F,0.7202072538860104,NC,7.51,-,-,-,-,-,-,-,-,-,-,-,-,-,-,TM7,0
-,0.0,NC,I371,I,0.7589743589743589,NC,7.52,-,-,-,-,-,-,-,-,-,-,-,-,-,-,TM7,0
V,0.9805924412665986,C,V372,V,0.9690721649484536,C,7.53,-,-,-,-,-,-,-,-,-,-,-,-,-,-,TM7,0
A,0.7105978260869565,NC,A373,A,0.9690721649484536,C,7.54,1,-,-,-,-,1,-,-,-,1,-,-,-,1,TM7,4
-,0.0,NC,I374,I,0.520618556701031,NC,7.55,-,-,-,-,-,-,-,-,-,-,-,-,-,-,TM7,0
L,0.5295717199184229,NC,L375,L,0.9690721649484536,C,7.56,0,-,-,-,-,0,-,1,-,1,1,-,1,-,TM7,6
Y,0.8653519211152669,NC,Y376,Y,0.9740932642487047,C,7.57,-,-,-,-,-,-,-,-,-,-,3,-,3,-,TM7,2
C,0.9758749575263337,C,C377,C,0.9740932642487047,C,7.58,-,-,-,-,-,-,-,-,-,-,-,-,-,-,TM7,0
F,0.9371389738362216,C,F378,F,0.9844559585492227,C,7.59,-,-,-,-,-,-,-,-,-,3,-,-,-,-,TM7,1
-,0.0,NC,L379,L,0.9738219895287958,C,7.6,-,-,-,-,-,-,1,-2,1,-2,0,-2,0,1,TM7,8
N,0.9819482288828338,C,N380,N,0.9738219895287958,C,8.47,-,-,-,-,-,-,-,-,-,-,-,-,-,-,H8,0
G,0.5814032697547684,NC,Q381,Q,0.9427083333333334,C,8.48,-2,0,-2,-2,-2,0,0,-2,1,-2,-2,-2,-2,1,H8,14
E,0.9806320081549439,C,E382,E,0.9740932642487047,C,8.49,-,-,-,-,-,-,-,-,-,-,-,-,-,-,H8,0
V,0.982573726541555,C,V383,V,0.9692307692307692,C,8.5,-,-,-,-,-,-,-,-,-,-,-,-,-,-,H8,0
Q,0.7400539447066756,NC,R384,Q,0.5230769230769231,NC,8.51,-,-,-,-,-,-,-,-,-,-,-,-,-,-,H8,0
-,0.0,NC,T385,T,0.5989583333333334,NC,8.52,-,-,-,-,-,-,-,-,-,-,-,-,-,-,H8,0
E,0.6762809636918901,NC,E386,E,0.9585492227979274,C,8.53,-1,-,-,-,-,-1,-,-,-,-,-1,-,-3,-,H8,4
-,0.0,NC,I387,I,0.7329842931937173,NC,8.54,-,-,-,-,-,-,-,-,-,-,-,-,-,-,H8,0
-,0.0,NC,S388,-,0.0,NC,8.55,-,-,-,-,-,-,-,-,-,-,-,-,-,-,H8,0
-,0.0,NC,R389,R,0.7172774869109948,NC,8.56,-,-,-,-,-,-,-,-,-,-,-,-,-,-,H8,0
-,0.0,NC,-,-,0.0,NC,-,-,-,-,-,-,-,-,-,-,-,-,-,-,-,-,0
W,0.9691645751165292,C,-,-,0.0,NC,-,-,-,-,-,-,-,-,-,-,-,-,-,-,-,-,0
-,0.0,NC,-,-,0.0,NC,-,-,-,-,-,-,-,-,-,-,-,-,-,-,-,-,0
R,0.5877732240437158,NC,K390,R,0.7578947368421053,NC,8.57,-,-,-,-,-,-,-,-,-,-,-,-,-,-,H8,0
W,0.6375128117526477,NC,W391,W,0.9526315789473684,C,8.58,-,-2,-,-,-,-,-,-,-,-,2,0,2,-3,H8,5
-,0.0,NC,H392,H,0.5625,NC,8.59,-,-,-,-,-,-,-,-,-,-,-,-,-,-,H8,0
L,0.5832610581092801,NC,-,-,0.0,NC,-,-,-,-,-,-,-,-,-,-,-,-,-,-,-,-,0
-,0.0,NC,G393,G,0.6910994764397905,NC,8.6,-,-,-,-,-,-,-,-,-,-,-,-,-,-,H8,0
-,0.0,NC,H394,-,0.0,NC,8.61,-,-,-,-,-,-,-,-,-,-,-,-,-,-,H8,0
-,0.0,NC,-,-,0.0,NC,-,-,-,-,-,-,-,-,-,-,-,-,-,-,-,-,0
-,0.0,NC,-,-,0.0,NC,-,-,-,-,-,-,-,-,-,-,-,-,-,-,-,-,0
-,0.0,NC,D395,-,0.0,NC,8.62,-,-,-,-,-,-,-,-,-,-,-,-,-,-,H8,0
-,0.0,NC,P396,Y,0.5103092783505154,NC,8.63,-,-,-,-,-,-,-,-,-,-,-,-,-,-,H8,0
-,0.0,NC,E397,-,0.0,NC,8.64,-,-,-,-,-,-,-,-,-,-,-,-,-,-,H8,0
-,0.0,NC,L398,L,0.6580310880829016,NC,8.65,-,-,-,-,-,-,-,-,-,-,-,-,-,-,H8,0
-,0.0,NC,L399,-,0.0,NC,8.66,-,-,-,-,-,-,-,-,-,-,-,-,-,-,H8,0
-,0.0,NC,P400,P,0.7105263157894737,NC,8.67,-,-,-,-,-,-,-,-,-,-,-,-,-,-,H8,0
-,0.0,NC,-,-,0.0,NC,-,-,-,-,-,-,-,-,-,-,-,-,-,-,-,-,0
-,0.0,NC,A401,A,0.5642857142857143,NC,8.68,-,-,-,-,-,-,-,-,-,-,-,-,-,-,H8,0
-,0.0,NC,W402,W,0.55,NC,8.69,-,-,-,-,-,-,-,-,-,-,-,-,-,-,H8,0
-,0.0,NC,-,-,0.0,NC,-,-,-,-,-,-,-,-,-,-,-,-,-,-,-,-,0
-,0.0,NC,-,-,0.0,NC,-,-,-,-,-,-,-,-,-,-,-,-,-,-,-,-,0
-,0.0,NC,-,-,0.0,NC,-,-,-,-,-,-,-,-,-,-,-,-,-,-,-,-,0
-,0.0,NC,-,-,0.0,NC,-,-,-,-,-,-,-,-,-,-,-,-,-,-,-,-,0
-,0.0,NC,-,-,0.0,NC,-,-,-,-,-,-,-,-,-,-,-,-,-,-,-,-,0
-,0.0,NC,-,-,0.0,NC,-,-,-,-,-,-,-,-,-,-,-,-,-,-,-,-,0
R,0.6095238095238096,NC,R403,R,0.8723404255319149,NC,8.7,-,-,-,-,-,-,-,-,-,-,-,-,-,-,H8,0
-,0.0,NC,-,-,0.0,NC,-,-,-,-,-,-,-,-,-,-,-,-,-,-,-,-,0
-,0.0,NC,-,-,0.0,NC,-,-,-,-,-,-,-,-,-,-,-,-,-,-,-,-,0
-,0.0,NC,T404,-,0.0,NC,8.71,-,-,-,-,-,-,-,-,-,-,-,-,-,-,H8,0
-,0.0,NC,R405,R,0.5428571428571428,NC,8.72,-,-,-,-,-,-,-,-,-,-,-,-,-,-,H8,0
-,0.0,NC,-,-,0.0,NC,-,-,-,-,-,-,-,-,-,-,-,-,-,-,-,-,0
-,0.0,NC,A406,T,0.572463768115942,NC,-,-,-,-,-,-,-,-,-,-,-,-,-,-,-,C-ter,0
-,0.0,NC,-,-,0.0,NC,-,-,-,-,-,-,-,-,-,-,-,-,-,-,-,-,0
-,0.0,NC,-,-,0.0,NC,-,-,-,-,-,-,-,-,-,-,-,-,-,-,-,-,0
-,0.0,NC,-,-,0.0,NC,-,-,-,-,-,-,-,-,-,-,-,-,-,-,-,-,0
-,0.0,NC,K407,-,0.0,NC,-,-,-,-,-,-,-,-,-,-,-,-,-,-,-,C-ter,0
-,0.0,NC,W408,W,0.9632352941176471,C,-,-10,-10,-10,-10,-10,-10,-3,2,-10,2,-10,-3,-10,-10,C-ter,14
-,0.0,NC,T409,T,0.9037037037037037,C,-,-10,-10,-10,-10,-10,-10,-10,-10,-10,-10,-10,-10,-10,-10,C-ter,14
-,0.0,NC,T410,-,0.0,NC,-,-,-,-,-,-,-,-,-,-,-,-,-,-,-,C-ter,0
-,0.0,NC,-,-,0.0,NC,-,-,-,-,-,-,-,-,-,-,-,-,-,-,-,-,0
P,0.5123639960435212,NC,P411,P,0.9197860962566845,C,-,-10,-1,-1,-,-,-10,-,-,-1,-1,-10,-10,-10,-2,C-ter,10
-,0.0,NC,-,-,0.0,NC,-,-,-,-,-,-,-,-,-,-,-,-,-,-,-,-,0
-,0.0,NC,-,-,0.0,NC,-,-,-,-,-,-,-,-,-,-,-,-,-,-,-,-,0
-,0.0,NC,-,-,0.0,NC,-,-,-,-,-,-,-,-,-,-,-,-,-,-,-,-,0
-,0.0,NC,-,-,0.0,NC,-,-,-,-,-,-,-,-,-,-,-,-,-,-,-,-,0
-,0.0,NC,-,-,0.0,NC,-,-,-,-,-,-,-,-,-,-,-,-,-,-,-,-,0
-,0.0,NC,-,-,0.0,NC,-,-,-,-,-,-,-,-,-,-,-,-,-,-,-,-,0
-,0.0,NC,-,-,0.0,NC,-,-,-,-,-,-,-,-,-,-,-,-,-,-,-,-,0
-,0.0,NC,-,-,0.0,NC,-,-,-,-,-,-,-,-,-,-,-,-,-,-,-,-,0
-,0.0,NC,-,-,0.0,NC,-,-,-,-,-,-,-,-,-,-,-,-,-,-,-,-,0
-,0.0,NC,-,-,0.0,NC,-,-,-,-,-,-,-,-,-,-,-,-,-,-,-,-,0
-,0.0,NC,-,-,0.0,NC,-,-,-,-,-,-,-,-,-,-,-,-,-,-,-,-,0
-,0.0,NC,-,-,0.0,NC,-,-,-,-,-,-,-,-,-,-,-,-,-,-,-,-,0
-,0.0,NC,-,-,0.0,NC,-,-,-,-,-,-,-,-,-,-,-,-,-,-,-,-,0
-,0.0,NC,-,-,0.0,NC,-,-,-,-,-,-,-,-,-,-,-,-,-,-,-,-,0
S,0.74812734082397,NC,-,-,0.0,NC,-,-,-,-,-,-,-,-,-,-,-,-,-,-,-,-,0
-,0.0,NC,-,-,0.0,NC,-,-,-,-,-,-,-,-,-,-,-,-,-,-,-,-,0
-,0.0,NC,-,-,0.0,NC,-,-,-,-,-,-,-,-,-,-,-,-,-,-,-,-,0
-,0.0,NC,-,-,0.0,NC,-,-,-,-,-,-,-,-,-,-,-,-,-,-,-,-,0
-,0.0,NC,-,-,0.0,NC,-,-,-,-,-,-,-,-,-,-,-,-,-,-,-,-,0
-,0.0,NC,-,-,0.0,NC,-,-,-,-,-,-,-,-,-,-,-,-,-,-,-,-,0
-,0.0,NC,-,-,0.0,NC,-,-,-,-,-,-,-,-,-,-,-,-,-,-,-,-,0
-,0.0,NC,-,-,0.0,NC,-,-,-,-,-,-,-,-,-,-,-,-,-,-,-,-,0
-,0.0,NC,-,-,0.0,NC,-,-,-,-,-,-,-,-,-,-,-,-,-,-,-,-,0
-,0.0,NC,-,-,0.0,NC,-,-,-,-,-,-,-,-,-,-,-,-,-,-,-,-,0
-,0.0,NC,-,-,0.0,NC,-,-,-,-,-,-,-,-,-,-,-,-,-,-,-,-,0
-,0.0,NC,-,-,0.0,NC,-,-,-,-,-,-,-,-,-,-,-,-,-,-,-,-,0
-,0.0,NC,-,-,0.0,NC,-,-,-,-,-,-,-,-,-,-,-,-,-,-,-,-,0
-,0.0,NC,-,-,0.0,NC,-,-,-,-,-,-,-,-,-,-,-,-,-,-,-,-,0
-,0.0,NC,-,-,0.0,NC,-,-,-,-,-,-,-,-,-,-,-,-,-,-,-,-,0
-,0.0,NC,-,-,0.0,NC,-,-,-,-,-,-,-,-,-,-,-,-,-,-,-,-,0
-,0.0,NC,-,-,0.0,NC,-,-,-,-,-,-,-,-,-,-,-,-,-,-,-,-,0
-,0.0,NC,-,-,0.0,NC,-,-,-,-,-,-,-,-,-,-,-,-,-,-,-,-,0
L,0.5905612244897959,NC,-,-,0.0,NC,-,-,-,-,-,-,-,-,-,-,-,-,-,-,-,-,0
-,0.0,NC,-,-,0.0,NC,-,-,-,-,-,-,-,-,-,-,-,-,-,-,-,-,0
-,0.0,NC,-,-,0.0,NC,-,-,-,-,-,-,-,-,-,-,-,-,-,-,-,-,0
-,0.0,NC,S412,S,0.6170212765957447,NC,-,-,-,-,-,-,-,-,-,-,-,-,-,-,-,C-ter,0
-,0.0,NC,-,-,0.0,NC,-,-,-,-,-,-,-,-,-,-,-,-,-,-,-,-,0
-,0.0,NC,-,-,0.0,NC,-,-,-,-,-,-,-,-,-,-,-,-,-,-,-,-,0
-,0.0,NC,-,-,0.0,NC,-,-,-,-,-,-,-,-,-,-,-,-,-,-,-,-,0
-,0.0,NC,-,-,0.0,NC,-,-,-,-,-,-,-,-,-,-,-,-,-,-,-,-,0
-,0.0,NC,-,-,0.0,NC,-,-,-,-,-,-,-,-,-,-,-,-,-,-,-,-,0
-,0.0,NC,-,-,0.0,NC,-,-,-,-,-,-,-,-,-,-,-,-,-,-,-,-,0
-,0.0,NC,-,-,0.0,NC,-,-,-,-,-,-,-,-,-,-,-,-,-,-,-,-,0
-,0.0,NC,-,-,0.0,NC,-,-,-,-,-,-,-,-,-,-,-,-,-,-,-,-,0
-,0.0,NC,-,-,0.0,NC,-,-,-,-,-,-,-,-,-,-,-,-,-,-,-,-,0
-,0.0,NC,R413,-,0.0,NC,-,-,-,-,-,-,-,-,-,-,-,-,-,-,-,C-ter,0
-,0.0,NC,-,-,0.0,NC,-,-,-,-,-,-,-,-,-,-,-,-,-,-,-,-,0
-,0.0,NC,-,-,0.0,NC,-,-,-,-,-,-,-,-,-,-,-,-,-,-,-,-,0
-,0.0,NC,-,-,0.0,NC,-,-,-,-,-,-,-,-,-,-,-,-,-,-,-,-,0
-,0.0,NC,S414,S,0.6595744680851063,NC,-,-,-,-,-,-,-,-,-,-,-,-,-,-,-,C-ter,0
-,0.0,NC,-,-,0.0,NC,-,-,-,-,-,-,-,-,-,-,-,-,-,-,-,-,0
-,0.0,NC,-,-,0.0,NC,-,-,-,-,-,-,-,-,-,-,-,-,-,-,-,-,0
-,0.0,NC,-,-,0.0,NC,-,-,-,-,-,-,-,-,-,-,-,-,-,-,-,-,0
-,0.0,NC,-,-,0.0,NC,-,-,-,-,-,-,-,-,-,-,-,-,-,-,-,-,0
-,0.0,NC,-,-,0.0,NC,-,-,-,-,-,-,-,-,-,-,-,-,-,-,-,-,0
-,0.0,NC,-,-,0.0,NC,-,-,-,-,-,-,-,-,-,-,-,-,-,-,-,-,0
-,0.0,NC,-,-,0.0,NC,-,-,-,-,-,-,-,-,-,-,-,-,-,-,-,-,0
-,0.0,NC,-,-,0.0,NC,-,-,-,-,-,-,-,-,-,-,-,-,-,-,-,-,0
-,0.0,NC,-,-,0.0,NC,-,-,-,-,-,-,-,-,-,-,-,-,-,-,-,-,0
-,0.0,NC,-,-,0.0,NC,-,-,-,-,-,-,-,-,-,-,-,-,-,-,-,-,0
-,0.0,NC,-,-,0.0,NC,-,-,-,-,-,-,-,-,-,-,-,-,-,-,-,-,0
G,0.7981651376146789,NC,A415,G,0.6984126984126984,NC,-,-,-,-,-,-,-,-,-,-,-,-,-,-,-,C-ter,0
-,0.0,NC,-,-,0.0,NC,-,-,-,-,-,-,-,-,-,-,-,-,-,-,-,-,0
-,0.0,NC,A416,-,0.0,NC,-,-,-,-,-,-,-,-,-,-,-,-,-,-,-,C-ter,0
-,0.0,NC,-,-,0.0,NC,-,-,-,-,-,-,-,-,-,-,-,-,-,-,-,-,0
-,0.0,NC,-,-,0.0,NC,-,-,-,-,-,-,-,-,-,-,-,-,-,-,-,-,0
-,0.0,NC,-,-,0.0,NC,-,-,-,-,-,-,-,-,-,-,-,-,-,-,-,-,0
-,0.0,NC,-,-,0.0,NC,-,-,-,-,-,-,-,-,-,-,-,-,-,-,-,-,0
-,0.0,NC,-,-,0.0,NC,-,-,-,-,-,-,-,-,-,-,-,-,-,-,-,-,0
-,0.0,NC,-,-,0.0,NC,-,-,-,-,-,-,-,-,-,-,-,-,-,-,-,-,0
-,0.0,NC,-,-,0.0,NC,-,-,-,-,-,-,-,-,-,-,-,-,-,-,-,-,0
-,0.0,NC,-,-,0.0,NC,-,-,-,-,-,-,-,-,-,-,-,-,-,-,-,-,0
-,0.0,NC,-,-,0.0,NC,-,-,-,-,-,-,-,-,-,-,-,-,-,-,-,-,0
-,0.0,NC,K417,K,0.6595744680851063,NC,-,-,-,-,-,-,-,-,-,-,-,-,-,-,-,C-ter,0
-,0.0,NC,-,-,0.0,NC,-,-,-,-,-,-,-,-,-,-,-,-,-,-,-,-,0
-,0.0,NC,-,-,0.0,NC,-,-,-,-,-,-,-,-,-,-,-,-,-,-,-,-,0
-,0.0,NC,-,-,0.0,NC,-,-,-,-,-,-,-,-,-,-,-,-,-,-,-,-,0
-,0.0,NC,-,-,0.0,NC,-,-,-,-,-,-,-,-,-,-,-,-,-,-,-,-,0
-,0.0,NC,-,-,0.0,NC,-,-,-,-,-,-,-,-,-,-,-,-,-,-,-,-,0
S,0.5689823874755382,NC,-,-,0.0,NC,-,-,-,-,-,-,-,-,-,-,-,-,-,-,-,-,0
-,0.0,NC,-,-,0.0,NC,-,-,-,-,-,-,-,-,-,-,-,-,-,-,-,-,0
-,0.0,NC,-,-,0.0,NC,-,-,-,-,-,-,-,-,-,-,-,-,-,-,-,-,0
-,0.0,NC,-,-,0.0,NC,-,-,-,-,-,-,-,-,-,-,-,-,-,-,-,-,0
-,0.0,NC,-,-,0.0,NC,-,-,-,-,-,-,-,-,-,-,-,-,-,-,-,-,0
-,0.0,NC,-,-,0.0,NC,-,-,-,-,-,-,-,-,-,-,-,-,-,-,-,-,0
-,0.0,NC,-,-,0.0,NC,-,-,-,-,-,-,-,-,-,-,-,-,-,-,-,-,0
-,0.0,NC,-,-,0.0,NC,-,-,-,-,-,-,-,-,-,-,-,-,-,-,-,-,0
S,0.7429028388644542,NC,-,-,0.0,NC,-,-,-,-,-,-,-,-,-,-,-,-,-,-,-,-,0
-,0.0,NC,-,-,0.0,NC,-,-,-,-,-,-,-,-,-,-,-,-,-,-,-,-,0
P,0.5084449621432732,NC,-,-,0.0,NC,-,-,-,-,-,-,-,-,-,-,-,-,-,-,-,-,0
-,0.0,NC,-,-,0.0,NC,-,-,-,-,-,-,-,-,-,-,-,-,-,-,-,-,0
-,0.0,NC,-,-,0.0,NC,-,-,-,-,-,-,-,-,-,-,-,-,-,-,-,-,0
-,0.0,NC,-,-,0.0,NC,-,-,-,-,-,-,-,-,-,-,-,-,-,-,-,-,0
-,0.0,NC,-,-,0.0,NC,-,-,-,-,-,-,-,-,-,-,-,-,-,-,-,-,0
-,0.0,NC,-,-,0.0,NC,-,-,-,-,-,-,-,-,-,-,-,-,-,-,-,-,0
-,0.0,NC,-,-,0.0,NC,-,-,-,-,-,-,-,-,-,-,-,-,-,-,-,-,0
-,0.0,NC,-,-,0.0,NC,-,-,-,-,-,-,-,-,-,-,-,-,-,-,-,-,0
-,0.0,NC,-,-,0.0,NC,-,-,-,-,-,-,-,-,-,-,-,-,-,-,-,-,0
-,0.0,NC,-,-,0.0,NC,-,-,-,-,-,-,-,-,-,-,-,-,-,-,-,-,0
-,0.0,NC,-,-,0.0,NC,-,-,-,-,-,-,-,-,-,-,-,-,-,-,-,-,0
-,0.0,NC,-,-,0.0,NC,-,-,-,-,-,-,-,-,-,-,-,-,-,-,-,-,0
-,0.0,NC,-,-,0.0,NC,-,-,-,-,-,-,-,-,-,-,-,-,-,-,-,-,0
-,0.0,NC,-,-,0.0,NC,-,-,-,-,-,-,-,-,-,-,-,-,-,-,-,-,0
-,0.0,NC,-,-,0.0,NC,-,-,-,-,-,-,-,-,-,-,-,-,-,-,-,-,0
-,0.0,NC,-,-,0.0,NC,-,-,-,-,-,-,-,-,-,-,-,-,-,-,-,-,0
-,0.0,NC,-,-,0.0,NC,-,-,-,-,-,-,-,-,-,-,-,-,-,-,-,-,0
-,0.0,NC,-,-,0.0,NC,-,-,-,-,-,-,-,-,-,-,-,-,-,-,-,-,0
-,0.0,NC,-,-,0.0,NC,-,-,-,-,-,-,-,-,-,-,-,-,-,-,-,-,0
-,0.0,NC,-,-,0.0,NC,-,-,-,-,-,-,-,-,-,-,-,-,-,-,-,-,0
-,0.0,NC,-,-,0.0,NC,-,-,-,-,-,-,-,-,-,-,-,-,-,-,-,-,0
-,0.0,NC,-,-,0.0,NC,-,-,-,-,-,-,-,-,-,-,-,-,-,-,-,-,0
-,0.0,NC,-,-,0.0,NC,-,-,-,-,-,-,-,-,-,-,-,-,-,-,-,-,0
-,0.0,NC,-,-,0.0,NC,-,-,-,-,-,-,-,-,-,-,-,-,-,-,-,-,0
-,0.0,NC,-,-,0.0,NC,-,-,-,-,-,-,-,-,-,-,-,-,-,-,-,-,0
-,0.0,NC,-,-,0.0,NC,-,-,-,-,-,-,-,-,-,-,-,-,-,-,-,-,0
-,0.0,NC,-,-,0.0,NC,-,-,-,-,-,-,-,-,-,-,-,-,-,-,-,-,0
-,0.0,NC,-,-,0.0,NC,-,-,-,-,-,-,-,-,-,-,-,-,-,-,-,-,0
-,0.0,NC,-,-,0.0,NC,-,-,-,-,-,-,-,-,-,-,-,-,-,-,-,-,0
-,0.0,NC,-,-,0.0,NC,-,-,-,-,-,-,-,-,-,-,-,-,-,-,-,-,0
-,0.0,NC,-,-,0.0,NC,-,-,-,-,-,-,-,-,-,-,-,-,-,-,-,-,0
-,0.0,NC,-,-,0.0,NC,-,-,-,-,-,-,-,-,-,-,-,-,-,-,-,-,0
-,0.0,NC,-,-,0.0,NC,-,-,-,-,-,-,-,-,-,-,-,-,-,-,-,-,0
-,0.0,NC,-,-,0.0,NC,-,-,-,-,-,-,-,-,-,-,-,-,-,-,-,-,0
-,0.0,NC,-,-,0.0,NC,-,-,-,-,-,-,-,-,-,-,-,-,-,-,-,-,0
-,0.0,NC,-,-,0.0,NC,-,-,-,-,-,-,-,-,-,-,-,-,-,-,-,-,0
-,0.0,NC,-,-,0.0,NC,-,-,-,-,-,-,-,-,-,-,-,-,-,-,-,-,0
-,0.0,NC,-,-,0.0,NC,-,-,-,-,-,-,-,-,-,-,-,-,-,-,-,-,0
-,0.0,NC,-,-,0.0,NC,-,-,-,-,-,-,-,-,-,-,-,-,-,-,-,-,0
-,0.0,NC,-,-,0.0,NC,-,-,-,-,-,-,-,-,-,-,-,-,-,-,-,-,0
-,0.0,NC,-,-,0.0,NC,-,-,-,-,-,-,-,-,-,-,-,-,-,-,-,-,0
-,0.0,NC,-,-,0.0,NC,-,-,-,-,-,-,-,-,-,-,-,-,-,-,-,-,0
-,0.0,NC,V418,M,0.5053763440860215,NC,-,-,-,-,-,-,-,-,-,-,-,-,-,-,-,C-ter,0
-,0.0,NC,-,-,0.0,NC,-,-,-,-,-,-,-,-,-,-,-,-,-,-,-,-,0
-,0.0,NC,-,-,0.0,NC,-,-,-,-,-,-,-,-,-,-,-,-,-,-,-,-,0
-,0.0,NC,-,-,0.0,NC,-,-,-,-,-,-,-,-,-,-,-,-,-,-,-,-,0
-,0.0,NC,-,-,0.0,NC,-,-,-,-,-,-,-,-,-,-,-,-,-,-,-,-,0
-,0.0,NC,-,-,0.0,NC,-,-,-,-,-,-,-,-,-,-,-,-,-,-,-,-,0
-,0.0,NC,-,-,0.0,NC,-,-,-,-,-,-,-,-,-,-,-,-,-,-,-,-,0
-,0.0,NC,-,-,0.0,NC,-,-,-,-,-,-,-,-,-,-,-,-,-,-,-,-,0
-,0.0,NC,-,-,0.0,NC,-,-,-,-,-,-,-,-,-,-,-,-,-,-,-,-,0
E,0.5042926465098917,NC,L419,-,0.0,NC,-,-,-,-,-,-,-,-,-,-,-,-,-,-,-,C-ter,0
-,0.0,NC,T420,T,0.8709677419354839,NC,-,-,-,-,-,-,-,-,-,-,-,-,-,-,-,C-ter,0
-,0.0,NC,-,-,0.0,NC,-,-,-,-,-,-,-,-,-,-,-,-,-,-,-,-,0
-,0.0,NC,-,-,0.0,NC,-,-,-,-,-,-,-,-,-,-,-,-,-,-,-,-,0
-,0.0,NC,-,-,0.0,NC,-,-,-,-,-,-,-,-,-,-,-,-,-,-,-,-,0
-,0.0,NC,S421,S,0.6417112299465241,NC,-,-,-,-,-,-,-,-,-,-,-,-,-,-,-,C-ter,0
-,0.0,NC,M422,-,0.0,NC,-,-,-,-,-,-,-,-,-,-,-,-,-,-,-,C-ter,0
-,0.0,NC,-,-,0.0,NC,-,-,-,-,-,-,-,-,-,-,-,-,-,-,-,-,0
-,0.0,NC,C423,C,0.9411764705882353,C,-,-10,-10,-10,-10,-10,-10,-10,-10,-10,-10,-10,-10,-10,-10,C-ter,14
