global_residue,global_frequency,global_status,gipr_seq,gipr_residue,gipr_frequency,gipr_status,Wootten,crfr2_blosum80,vipr2_blosum80,sctr_blosum80,vipr1_blosum80,pacr_blosum80,crfr1_blosum80,glp1r_blosum80,pth1r_blosum80,gcgr_blosum80,pth2r_blosum80,calcr_blosum80,glp2r_blosum80,calrl_blosum80,ghrhr_blosum80,Domain,count
M,0.8711590296495957,NC,M1,M,0.990909090909091,C,-,-10,-,-,-,-,-10,-,-,-,-,-,-10,-,-,N-ter,3
-,0.0,NC,T2,-,0.0,NC,-,-,-,-,-,-,-,-,-,-,-,-,-,-,-,N-ter,0
-,0.0,NC,-,-,0.0,NC,-,-,-,-,-,-,-,-,-,-,-,-,-,-,-,-,0
-,0.0,NC,-,-,0.0,NC,-,-,-,-,-,-,-,-,-,-,-,-,-,-,-,-,0
-,0.0,NC,-,-,0.0,NC,-,-,-,-,-,-,-,-,-,-,-,-,-,-,-,-,0
-,0.0,NC,T3,-,0.0,NC,-,-,-,-,-,-,-,-,-,-,-,-,-,-,-,N-ter,0
-,0.0,NC,-,-,0.0,NC,-,-,-,-,-,-,-,-,-,-,-,-,-,-,-,-,0
-,0.0,NC,-,-,0.0,NC,-,-,-,-,-,-,-,-,-,-,-,-,-,-,-,-,0
-,0.0,NC,-,-,0.0,NC,-,-,-,-,-,-,-,-,-,-,-,-,-,-,-,-,0
-,0.0,NC,-,-,0.0,NC,-,-,-,-,-,-,-,-,-,-,-,-,-,-,-,-,0
-,0.0,NC,S4,-,0.0,NC,-,-,-,-,-,-,-,-,-,-,-,-,-,-,-,N-ter,0
-,0.0,NC,P5,P,0.7058823529411765,NC,-,-,-,-,-,-,-,-,-,-,-,-,-,-,-,N-ter,0
-,0.0,NC,-,-,0.0,NC,-,-,-,-,-,-,-,-,-,-,-,-,-,-,-,-,0
-,0.0,NC,-,-,0.0,NC,-,-,-,-,-,-,-,-,-,-,-,-,-,-,-,-,0
-,0.0,NC,-,-,0.0,NC,-,-,-,-,-,-,-,-,-,-,-,-,-,-,-,-,0
-,0.0,NC,-,-,0.0,NC,-,-,-,-,-,-,-,-,-,-,-,-,-,-,-,-,0
-,0.0,NC,-,-,0.0,NC,-,-,-,-,-,-,-,-,-,-,-,-,-,-,-,-,0
-,0.0,NC,-,-,0.0,NC,-,-,-,-,-,-,-,-,-,-,-,-,-,-,-,-,0
-,0.0,NC,-,-,0.0,NC,-,-,-,-,-,-,-,-,-,-,-,-,-,-,-,-,0
-,0.0,NC,-,-,0.0,NC,-,-,-,-,-,-,-,-,-,-,-,-,-,-,-,-,0
-,0.0,NC,-,-,0.0,NC,-,-,-,-,-,-,-,-,-,-,-,-,-,-,-,-,0
-,0.0,NC,-,-,0.0,NC,-,-,-,-,-,-,-,-,-,-,-,-,-,-,-,-,0
-,0.0,NC,-,-,0.0,NC,-,-,-,-,-,-,-,-,-,-,-,-,-,-,-,-,0
-,0.0,NC,-,-,0.0,NC,-,-,-,-,-,-,-,-,-,-,-,-,-,-,-,-,0
-,0.0,NC,-,-,0.0,NC,-,-,-,-,-,-,-,-,-,-,-,-,-,-,-,-,0
-,0.0,NC,-,-,0.0,NC,-,-,-,-,-,-,-,-,-,-,-,-,-,-,-,-,0
-,0.0,NC,I6,P,0.5411764705882353,NC,-,-,-,-,-,-,-,-,-,-,-,-,-,-,-,N-ter,0
-,0.0,NC,-,-,0.0,NC,-,-,-,-,-,-,-,-,-,-,-,-,-,-,-,-,0
-,0.0,NC,-,-,0.0,NC,-,-,-,-,-,-,-,-,-,-,-,-,-,-,-,-,0
-,0.0,NC,-,-,0.0,NC,-,-,-,-,-,-,-,-,-,-,-,-,-,-,-,-,0
-,0.0,NC,-,-,0.0,NC,-,-,-,-,-,-,-,-,-,-,-,-,-,-,-,-,0
-,0.0,NC,-,-,0.0,NC,-,-,-,-,-,-,-,-,-,-,-,-,-,-,-,-,0
-,0.0,NC,-,-,0.0,NC,-,-,-,-,-,-,-,-,-,-,-,-,-,-,-,-,0
-,0.0,NC,-,-,0.0,NC,-,-,-,-,-,-,-,-,-,-,-,-,-,-,-,-,0
-,0.0,NC,-,-,0.0,NC,-,-,-,-,-,-,-,-,-,-,-,-,-,-,-,-,0
-,0.0,NC,-,-,0.0,NC,-,-,-,-,-,-,-,-,-,-,-,-,-,-,-,-,0
-,0.0,NC,-,-,0.0,NC,-,-,-,-,-,-,-,-,-,-,-,-,-,-,-,-,0
-,0.0,NC,-,-,0.0,NC,-,-,-,-,-,-,-,-,-,-,-,-,-,-,-,-,0
-,0.0,NC,-,-,0.0,NC,-,-,-,-,-,-,-,-,-,-,-,-,-,-,-,-,0
-,0.0,NC,-,-,0.0,NC,-,-,-,-,-,-,-,-,-,-,-,-,-,-,-,-,0
-,0.0,NC,-,-,0.0,NC,-,-,-,-,-,-,-,-,-,-,-,-,-,-,-,-,0
-,0.0,NC,-,-,0.0,NC,-,-,-,-,-,-,-,-,-,-,-,-,-,-,-,-,0
-,0.0,NC,-,-,0.0,NC,-,-,-,-,-,-,-,-,-,-,-,-,-,-,-,-,0
-,0.0,NC,-,-,0.0,NC,-,-,-,-,-,-,-,-,-,-,-,-,-,-,-,-,0
-,0.0,NC,-,-,0.0,NC,-,-,-,-,-,-,-,-,-,-,-,-,-,-,-,-,0
-,0.0,NC,-,-,0.0,NC,-,-,-,-,-,-,-,-,-,-,-,-,-,-,-,-,0
-,0.0,NC,-,-,0.0,NC,-,-,-,-,-,-,-,-,-,-,-,-,-,-,-,-,0
-,0.0,NC,-,-,0.0,NC,-,-,-,-,-,-,-,-,-,-,-,-,-,-,-,-,0
-,0.0,NC,-,-,0.0,NC,-,-,-,-,-,-,-,-,-,-,-,-,-,-,-,-,0
-,0.0,NC,-,-,0.0,NC,-,-,-,-,-,-,-,-,-,-,-,-,-,-,-,-,0
-,0.0,NC,-,-,0.0,NC,-,-,-,-,-,-,-,-,-,-,-,-,-,-,-,-,0
-,0.0,NC,-,-,0.0,NC,-,-,-,-,-,-,-,-,-,-,-,-,-,-,-,-,0
-,0.0,NC,-,-,0.0,NC,-,-,-,-,-,-,-,-,-,-,-,-,-,-,-,-,0
-,0.0,NC,-,-,0.0,NC,-,-,-,-,-,-,-,-,-,-,-,-,-,-,-,-,0
-,0.0,NC,-,-,0.0,NC,-,-,-,-,-,-,-,-,-,-,-,-,-,-,-,-,0
-,0.0,NC,-,-,0.0,NC,-,-,-,-,-,-,-,-,-,-,-,-,-,-,-,-,0
-,0.0,NC,-,-,0.0,NC,-,-,-,-,-,-,-,-,-,-,-,-,-,-,-,-,0
-,0.0,NC,-,-,0.0,NC,-,-,-,-,-,-,-,-,-,-,-,-,-,-,-,-,0
-,0.0,NC,-,-,0.0,NC,-,-,-,-,-,-,-,-,-,-,-,-,-,-,-,-,0
-,0.0,NC,-,-,0.0,NC,-,-,-,-,-,-,-,-,-,-,-,-,-,-,-,-,0
-,0.0,NC,-,-,0.0,NC,-,-,-,-,-,-,-,-,-,-,-,-,-,-,-,-,0
-,0.0,NC,-,-,0.0,NC,-,-,-,-,-,-,-,-,-,-,-,-,-,-,-,-,0
-,0.0,NC,L7,-,0.0,NC,-,-,-,-,-,-,-,-,-,-,-,-,-,-,-,N-ter,0
-,0.0,NC,Q8,-,0.0,NC,-,-,-,-,-,-,-,-,-,-,-,-,-,-,-,N-ter,0
-,0.0,NC,L9,L,0.6759259259259259,NC,-,-,-,-,-,-,-,-,-,-,-,-,-,-,-,N-ter,0
-,0.0,NC,-,-,0.0,NC,-,-,-,-,-,-,-,-,-,-,-,-,-,-,-,-,0
-,0.0,NC,L10,L,0.8849557522123894,NC,-,-,-,-,-,-,-,-,-,-,-,-,-,-,-,N-ter,0
-,0.0,NC,-,-,0.0,NC,-,-,-,-,-,-,-,-,-,-,-,-,-,-,-,-,0
-,0.0,NC,-,-,0.0,NC,-,-,-,-,-,-,-,-,-,-,-,-,-,-,-,-,0
-,0.0,NC,-,-,0.0,NC,-,-,-,-,-,-,-,-,-,-,-,-,-,-,-,-,0
-,0.0,NC,-,-,0.0,NC,-,-,-,-,-,-,-,-,-,-,-,-,-,-,-,-,0
-,0.0,NC,-,-,0.0,NC,-,-,-,-,-,-,-,-,-,-,-,-,-,-,-,-,0
-,0.0,NC,-,-,0.0,NC,-,-,-,-,-,-,-,-,-,-,-,-,-,-,-,-,0
-,0.0,NC,-,-,0.0,NC,-,-,-,-,-,-,-,-,-,-,-,-,-,-,-,-,0
-,0.0,NC,L11,L,0.9099099099099099,C,-,-10,-,-10,-10,-,-,-2,-,-,-10,-10,-10,-10,-10,N-ter,9
-,0.0,NC,-,-,0.0,NC,-,-,-,-,-,-,-,-,-,-,-,-,-,-,-,-,0
-,0.0,NC,-,-,0.0,NC,-,-,-,-,-,-,-,-,-,-,-,-,-,-,-,-,0
-,0.0,NC,-,-,0.0,NC,-,-,-,-,-,-,-,-,-,-,-,-,-,-,-,-,0
-,0.0,NC,-,-,0.0,NC,-,-,-,-,-,-,-,-,-,-,-,-,-,-,-,-,0
-,0.0,NC,-,-,0.0,NC,-,-,-,-,-,-,-,-,-,-,-,-,-,-,-,-,0
-,0.0,NC,-,-,0.0,NC,-,-,-,-,-,-,-,-,-,-,-,-,-,-,-,-,0
-,0.0,NC,-,-,0.0,NC,-,-,-,-,-,-,-,-,-,-,-,-,-,-,-,-,0
L,0.5614117647058824,NC,R12,L,0.5181818181818182,NC,-,-,-,-,-,-,-,-,-,-,-,-,-,-,-,N-ter,0
L,0.5155096011816839,NC,L13,L,0.8584070796460177,NC,-,-,-,-,-,-,-,-,-,-,-,-,-,-,-,N-ter,0
-,0.0,NC,-,-,0.0,NC,-,-,-,-,-,-,-,-,-,-,-,-,-,-,-,-,0
-,0.0,NC,-,-,0.0,NC,-,-,-,-,-,-,-,-,-,-,-,-,-,-,-,-,0
-,0.0,NC,-,-,0.0,NC,-,-,-,-,-,-,-,-,-,-,-,-,-,-,-,-,0
-,0.0,NC,S14,S,0.5647058823529412,NC,-,-,-,-,-,-,-,-,-,-,-,-,-,-,-,N-ter,0
-,0.0,NC,L15,L,0.75,NC,-,-,-,-,-,-,-,-,-,-,-,-,-,-,-,N-ter,0
-,0.0,NC,C16,W,0.8125,NC,-,-,-,-,-,-,-,-,-,-,-,-,-,-,-,N-ter,0
-,0.0,NC,G17,G,0.675,NC,-,-,-,-,-,-,-,-,-,-,-,-,-,-,-,N-ter,0
-,0.0,NC,-,-,0.0,NC,-,-,-,-,-,-,-,-,-,-,-,-,-,-,-,-,0
-,0.0,NC,-,-,0.0,NC,-,-,-,-,-,-,-,-,-,-,-,-,-,-,-,-,0
-,0.0,NC,L18,-,0.0,NC,-,-,-,-,-,-,-,-,-,-,-,-,-,-,-,N-ter,0
L,0.7147087857847977,NC,L19,L,0.6666666666666666,NC,-,-,-,-,-,-,-,-,-,-,-,-,-,-,-,N-ter,0
-,0.0,NC,L20,L,0.8275862068965517,NC,-,-,-,-,-,-,-,-,-,-,-,-,-,-,-,N-ter,0
-,0.0,NC,Q21,R,0.5087719298245614,NC,-,-,-,-,-,-,-,-,-,-,-,-,-,-,-,N-ter,0
-,0.0,NC,-,-,0.0,NC,-,-,-,-,-,-,-,-,-,-,-,-,-,-,-,-,0
-,0.0,NC,-,-,0.0,NC,-,-,-,-,-,-,-,-,-,-,-,-,-,-,-,-,0
-,0.0,NC,R22,R,0.6754385964912281,NC,-,-,-,-,-,-,-,-,-,-,-,-,-,-,-,N-ter,0
-,0.0,NC,-,-,0.0,NC,-,-,-,-,-,-,-,-,-,-,-,-,-,-,-,-,0
-,0.0,NC,A23,A,0.7767857142857143,NC,-,-,-,-,-,-,-,-,-,-,-,-,-,-,-,N-ter,0
-,0.0,NC,-,-,0.0,NC,-,-,-,-,-,-,-,-,-,-,-,-,-,-,-,-,0
-,0.0,NC,-,-,0.0,NC,-,-,-,-,-,-,-,-,-,-,-,-,-,-,-,-,0
-,0.0,NC,-,-,0.0,NC,-,-,-,-,-,-,-,-,-,-,-,-,-,-,-,-,0
-,0.0,NC,-,-,0.0,NC,-,-,-,-,-,-,-,-,-,-,-,-,-,-,-,-,0
-,0.0,NC,-,-,0.0,NC,-,-,-,-,-,-,-,-,-,-,-,-,-,-,-,-,0
-,0.0,NC,-,-,0.0,NC,-,-,-,-,-,-,-,-,-,-,-,-,-,-,-,-,0
-,0.0,NC,E24,E,0.7456140350877193,NC,-,-,-,-,-,-,-,-,-,-,-,-,-,-,-,N-ter,0
-,0.0,NC,T25,T,0.6444444444444445,NC,-,-,-,-,-,-,-,-,-,-,-,-,-,-,-,N-ter,0
-,0.0,NC,G26,G,0.5862068965517241,NC,-,-,-,-,-,-,-,-,-,-,-,-,-,-,-,N-ter,0
-,0.0,NC,S27,S,0.6776859504132231,NC,-,-,-,-,-,-,-,-,-,-,-,-,-,-,-,N-ter,0
-,0.0,NC,-,-,0.0,NC,-,-,-,-,-,-,-,-,-,-,-,-,-,-,-,-,0
-,0.0,NC,-,-,0.0,NC,-,-,-,-,-,-,-,-,-,-,-,-,-,-,-,-,0
-,0.0,NC,-,-,0.0,NC,-,-,-,-,-,-,-,-,-,-,-,-,-,-,-,-,0
-,0.0,NC,-,-,0.0,NC,-,-,-,-,-,-,-,-,-,-,-,-,-,-,-,-,0
-,0.0,NC,-,-,0.0,NC,-,-,-,-,-,-,-,-,-,-,-,-,-,-,-,-,0
-,0.0,NC,-,-,0.0,NC,-,-,-,-,-,-,-,-,-,-,-,-,-,-,-,-,0
-,0.0,NC,-,-,0.0,NC,-,-,-,-,-,-,-,-,-,-,-,-,-,-,-,-,0
-,0.0,NC,K28,-,0.0,NC,-,-,-,-,-,-,-,-,-,-,-,-,-,-,-,N-ter,0
-,0.0,NC,-,-,0.0,NC,-,-,-,-,-,-,-,-,-,-,-,-,-,-,-,-,0
-,0.0,NC,-,-,0.0,NC,-,-,-,-,-,-,-,-,-,-,-,-,-,-,-,-,0
-,0.0,NC,G29,G,0.7622950819672131,NC,-,-,-,-,-,-,-,-,-,-,-,-,-,-,-,N-ter,0
-,0.0,NC,Q30,Q,0.5887096774193549,NC,-,-,-,-,-,-,-,-,-,-,-,-,-,-,-,N-ter,0
-,0.0,NC,-,-,0.0,NC,-,-,-,-,-,-,-,-,-,-,-,-,-,-,-,-,0
-,0.0,NC,-,-,0.0,NC,-,-,-,-,-,-,-,-,-,-,-,-,-,-,-,-,0
-,0.0,NC,T31,T,0.8387096774193549,NC,-,-,-,-,-,-,-,-,-,-,-,-,-,-,-,N-ter,0
-,0.0,NC,-,-,0.0,NC,-,-,-,-,-,-,-,-,-,-,-,-,-,-,-,-,0
-,0.0,NC,-,-,0.0,NC,-,-,-,-,-,-,-,-,-,-,-,-,-,-,-,-,0
-,0.0,NC,-,-,0.0,NC,-,-,-,-,-,-,-,-,-,-,-,-,-,-,-,-,0
-,0.0,NC,A32,A,0.6825396825396826,NC,-,-,-,-,-,-,-,-,-,-,-,-,-,-,-,N-ter,0
-,0.0,NC,G33,G,0.5772357723577236,NC,-,-,-,-,-,-,-,-,-,-,-,-,-,-,-,N-ter,0
-,0.0,NC,-,-,0.0,NC,-,-,-,-,-,-,-,-,-,-,-,-,-,-,-,-,0
-,0.0,NC,-,-,0.0,NC,-,-,-,-,-,-,-,-,-,-,-,-,-,-,-,-,0
-,0.0,NC,-,-,0.0,NC,-,-,-,-,-,-,-,-,-,-,-,-,-,-,-,-,0
-,0.0,NC,-,-,0.0,NC,-,-,-,-,-,-,-,-,-,-,-,-,-,-,-,-,0
-,0.0,NC,-,-,0.0,NC,-,-,-,-,-,-,-,-,-,-,-,-,-,-,-,-,0
-,0.0,NC,E34,E,0.6692913385826772,NC,-,-,-,-,-,-,-,-,-,-,-,-,-,-,-,N-ter,0
-,0.0,NC,L35,L,0.627906976744186,NC,-,-,-,-,-,-,-,-,-,-,-,-,-,-,-,N-ter,0
-,0.0,NC,-,-,0.0,NC,-,-,-,-,-,-,-,-,-,-,-,-,-,-,-,-,0
-,0.0,NC,-,-,0.0,NC,-,-,-,-,-,-,-,-,-,-,-,-,-,-,-,-,0
-,0.0,NC,-,-,0.0,NC,-,-,-,-,-,-,-,-,-,-,-,-,-,-,-,-,0
-,0.0,NC,-,-,0.0,NC,-,-,-,-,-,-,-,-,-,-,-,-,-,-,-,-,0
-,0.0,NC,-,-,0.0,NC,-,-,-,-,-,-,-,-,-,-,-,-,-,-,-,-,0
-,0.0,NC,-,-,0.0,NC,-,-,-,-,-,-,-,-,-,-,-,-,-,-,-,-,0
-,0.0,NC,-,-,0.0,NC,-,-,-,-,-,-,-,-,-,-,-,-,-,-,-,-,0
-,0.0,NC,Y36,Y,0.6412213740458015,NC,-,-,-,-,-,-,-,-,-,-,-,-,-,-,-,N-ter,0
-,0.0,NC,-,-,0.0,NC,-,-,-,-,-,-,-,-,-,-,-,-,-,-,-,-,0
-,0.0,NC,-,-,0.0,NC,-,-,-,-,-,-,-,-,-,-,-,-,-,-,-,-,0
-,0.0,NC,Q37,Q,0.6870229007633588,NC,-,-,-,-,-,-,-,-,-,-,-,-,-,-,-,N-ter,0
-,0.0,NC,R38,R,0.6335877862595419,NC,-,-,-,-,-,-,-,-,-,-,-,-,-,-,-,N-ter,0
-,0.0,NC,-,-,0.0,NC,-,-,-,-,-,-,-,-,-,-,-,-,-,-,-,-,0
-,0.0,NC,W39,W,0.9923664122137404,C,-,-10,-3,-2,-3,-10,-10,-,-2,-,-10,-3,-,-3,-2,N-ter,11
-,0.0,NC,E40,E,0.6259541984732825,NC,-,-,-,-,-,-,-,-,-,-,-,-,-,-,-,N-ter,0
-,0.0,NC,R41,R,0.7846153846153846,NC,-,-,-,-,-,-,-,-,-,-,-,-,-,-,-,N-ter,0
-,0.0,NC,Y42,Y,0.9847328244274809,C,-,-10,-3,-3,-10,-3,-2,-,-2,-,-2,-10,-,-2,-10,N-ter,11
-,0.0,NC,R43,R,0.8396946564885496,NC,-,-,-,-,-,-,-,-,-,-,-,-,-,-,-,N-ter,0
-,0.0,NC,R44,R,0.5343511450381679,NC,-,-,-,-,-,-,-,-,-,-,-,-,-,-,-,N-ter,0
-,0.0,NC,E45,E,0.8396946564885496,NC,-,-,-,-,-,-,-,-,-,-,-,-,-,-,-,N-ter,0
C,0.9436349693251533,C,C46,C,0.9847328244274809,C,-,-10,-,-,-,-,-,-,-,-,-,-,-,-,-,N-ter,1
-,0.0,NC,Q47,Q,0.5877862595419847,NC,-,-,-,-,-,-,-,-,-,-,-,-,-,-,-,N-ter,0
-,0.0,NC,E48,E,0.5267175572519084,NC,-,-,-,-,-,-,-,-,-,-,-,-,-,-,-,N-ter,0
-,0.0,NC,T49,T,0.5725190839694656,NC,-,-,-,-,-,-,-,-,-,-,-,-,-,-,-,N-ter,0
-,0.0,NC,L50,L,0.6888888888888889,NC,-,-,-,-,-,-,-,-,-,-,-,-,-,-,-,N-ter,0
-,0.0,NC,A51,-,0.0,NC,-,-,-,-,-,-,-,-,-,-,-,-,-,-,-,N-ter,0
-,0.0,NC,A52,A,0.5447761194029851,NC,-,-,-,-,-,-,-,-,-,-,-,-,-,-,-,N-ter,0
-,0.0,NC,A53,-,0.0,NC,-,-,-,-,-,-,-,-,-,-,-,-,-,-,-,N-ter,0
-,0.0,NC,E54,-,0.0,NC,-,-,-,-,-,-,-,-,-,-,-,-,-,-,-,N-ter,0
-,0.0,NC,-,-,0.0,NC,-,-,-,-,-,-,-,-,-,-,-,-,-,-,-,-,0
-,0.0,NC,-,-,0.0,NC,-,-,-,-,-,-,-,-,-,-,-,-,-,-,-,-,0
-,0.0,NC,-,-,0.0,NC,-,-,-,-,-,-,-,-,-,-,-,-,-,-,-,-,0
-,0.0,NC,-,-,0.0,NC,-,-,-,-,-,-,-,-,-,-,-,-,-,-,-,-,0
-,0.0,NC,-,-,0.0,NC,-,-,-,-,-,-,-,-,-,-,-,-,-,-,-,-,0
-,0.0,NC,-,-,0.0,NC,-,-,-,-,-,-,-,-,-,-,-,-,-,-,-,-,0
-,0.0,NC,-,-,0.0,NC,-,-,-,-,-,-,-,-,-,-,-,-,-,-,-,-,0
-,0.0,NC,-,-,0.0,NC,-,-,-,-,-,-,-,-,-,-,-,-,-,-,-,-,0
-,0.0,NC,-,-,0.0,NC,-,-,-,-,-,-,-,-,-,-,-,-,-,-,-,-,0
-,0.0,NC,-,-,0.0,NC,-,-,-,-,-,-,-,-,-,-,-,-,-,-,-,-,0
-,0.0,NC,-,-,0.0,NC,-,-,-,-,-,-,-,-,-,-,-,-,-,-,-,-,0
-,0.0,NC,-,-,0.0,NC,-,-,-,-,-,-,-,-,-,-,-,-,-,-,-,-,0
-,0.0,NC,-,-,0.0,NC,-,-,-,-,-,-,-,-,-,-,-,-,-,-,-,-,0
-,0.0,NC,-,-,0.0,NC,-,-,-,-,-,-,-,-,-,-,-,-,-,-,-,-,0
-,0.0,NC,-,-,0.0,NC,-,-,-,-,-,-,-,-,-,-,-,-,-,-,-,-,0
-,0.0,NC,-,-,0.0,NC,-,-,-,-,-,-,-,-,-,-,-,-,-,-,-,-,0
-,0.0,NC,-,-,0.0,NC,-,-,-,-,-,-,-,-,-,-,-,-,-,-,-,-,0
-,0.0,NC,-,-,0.0,NC,-,-,-,-,-,-,-,-,-,-,-,-,-,-,-,-,0
-,0.0,NC,-,-,0.0,NC,-,-,-,-,-,-,-,-,-,-,-,-,-,-,-,-,0
-,0.0,NC,-,-,0.0,NC,-,-,-,-,-,-,-,-,-,-,-,-,-,-,-,-,0
-,0.0,NC,-,-,0.0,NC,-,-,-,-,-,-,-,-,-,-,-,-,-,-,-,-,0
-,0.0,NC,-,-,0.0,NC,-,-,-,-,-,-,-,-,-,-,-,-,-,-,-,-,0
-,0.0,NC,-,-,0.0,NC,-,-,-,-,-,-,-,-,-,-,-,-,-,-,-,-,0
-,0.0,NC,-,-,0.0,NC,-,-,-,-,-,-,-,-,-,-,-,-,-,-,-,-,0
-,0.0,NC,-,-,0.0,NC,-,-,-,-,-,-,-,-,-,-,-,-,-,-,-,-,0
-,0.0,NC,-,-,0.0,NC,-,-,-,-,-,-,-,-,-,-,-,-,-,-,-,-,0
-,0.0,NC,-,-,0.0,NC,-,-,-,-,-,-,-,-,-,-,-,-,-,-,-,-,0
-,0.0,NC,-,-,0.0,NC,-,-,-,-,-,-,-,-,-,-,-,-,-,-,-,-,0
-,0.0,NC,-,-,0.0,NC,-,-,-,-,-,-,-,-,-,-,-,-,-,-,-,-,0
-,0.0,NC,-,-,0.0,NC,-,-,-,-,-,-,-,-,-,-,-,-,-,-,-,-,0
-,0.0,NC,-,-,0.0,NC,-,-,-,-,-,-,-,-,-,-,-,-,-,-,-,-,0
-,0.0,NC,-,-,0.0,NC,-,-,-,-,-,-,-,-,-,-,-,-,-,-,-,-,0
-,0.0,NC,-,-,0.0,NC,-,-,-,-,-,-,-,-,-,-,-,-,-,-,-,-,0
-,0.0,NC,-,-,0.0,NC,-,-,-,-,-,-,-,-,-,-,-,-,-,-,-,-,0
-,0.0,NC,-,-,0.0,NC,-,-,-,-,-,-,-,-,-,-,-,-,-,-,-,-,0
-,0.0,NC,-,-,0.0,NC,-,-,-,-,-,-,-,-,-,-,-,-,-,-,-,-,0
-,0.0,NC,-,-,0.0,NC,-,-,-,-,-,-,-,-,-,-,-,-,-,-,-,-,0
-,0.0,NC,-,-,0.0,NC,-,-,-,-,-,-,-,-,-,-,-,-,-,-,-,-,0
-,0.0,NC,-,-,0.0,NC,-,-,-,-,-,-,-,-,-,-,-,-,-,-,-,-,0
-,0.0,NC,-,-,0.0,NC,-,-,-,-,-,-,-,-,-,-,-,-,-,-,-,-,0
-,0.0,NC,-,-,0.0,NC,-,-,-,-,-,-,-,-,-,-,-,-,-,-,-,-,0
-,0.0,NC,-,-,0.0,NC,-,-,-,-,-,-,-,-,-,-,-,-,-,-,-,-,0
-,0.0,NC,-,-,0.0,NC,-,-,-,-,-,-,-,-,-,-,-,-,-,-,-,-,0
-,0.0,NC,-,-,0.0,NC,-,-,-,-,-,-,-,-,-,-,-,-,-,-,-,-,0
-,0.0,NC,-,-,0.0,NC,-,-,-,-,-,-,-,-,-,-,-,-,-,-,-,-,0
-,0.0,NC,P55,P,0.6592592592592592,NC,-,-,-,-,-,-,-,-,-,-,-,-,-,-,-,N-ter,0
-,0.0,NC,P56,P,0.837037037037037,NC,-,-,-,-,-,-,-,-,-,-,-,-,-,-,-,N-ter,0
-,0.0,NC,S57,-,0.0,NC,-,-,-,-,-,-,-,-,-,-,-,-,-,-,-,N-ter,0
-,0.0,NC,G58,G,0.9402985074626866,C,-,-,-10,-10,-2,-1,-,-,-10,-3,-3,-,-,-,-2,N-ter,8
-,0.0,NC,L59,L,0.8296296296296296,NC,-,-,-,-,-,-,-,-,-,-,-,-,-,-,-,N-ter,0
-,0.0,NC,-,-,0.0,NC,-,-,-,-,-,-,-,-,-,-,-,-,-,-,-,-,0
-,0.0,NC,-,-,0.0,NC,-,-,-,-,-,-,-,-,-,-,-,-,-,-,-,-,0
-,0.0,NC,A60,A,0.5925925925925926,NC,-,-,-,-,-,-,-,-,-,-,-,-,-,-,-,N-ter,0
C,0.9904187366926899,C,C61,C,0.9925925925925926,C,-,-,-,-,-,-,-,-,-,-,-,-,-,-,-,N-ter,0
-,0.0,NC,N62,N,0.762962962962963,NC,-,-,-,-,-,-,-,-,-,-,-,-,-,-,-,N-ter,0
-,0.0,NC,G63,G,0.5481481481481482,NC,-,-,-,-,-,-,-,-,-,-,-,-,-,-,-,N-ter,0
-,0.0,NC,S64,S,0.6277372262773723,NC,-,-,-,-,-,-,-,-,-,-,-,-,-,-,-,N-ter,0
W,0.6192498230714791,NC,F65,F,1.0,C,-,-10,0,0,0,0,-1,-,0,-,0,0,-,0,0,N-ter,11
D,0.9833863556026865,C,D66,D,0.9927007299270073,C,-,-,-,-,-,-,-,-,-,-,-,-,-,-,-,N-ter,0
-,0.0,NC,M67,M,0.8873239436619719,NC,-,-,-,-,-,-,-,-,-,-,-,-,-,-,-,N-ter,0
-,0.0,NC,Y68,Y,0.9859154929577465,C,-,-2,-2,-2,-2,-2,-2,-,-2,-,-2,2,3,2,-2,N-ter,12
-,0.0,NC,-,-,0.0,NC,-,-,-,-,-,-,-,-,-,-,-,-,-,-,-,-,0
-,0.0,NC,V69,V,0.5874125874125874,NC,-,-,-,-,-,-,-,-,-,-,-,-,-,-,-,N-ter,0
C,0.9883638928067701,C,C70,C,0.9929577464788732,C,-,-,-,-,-,-,-,-,-,-,-,-,-,-,-,N-ter,0
W,0.9911816578483245,C,W71,W,1.0,C,-,-,-,-,-,-,-,-,-,-,-,-,-,-,-,N-ter,0
P,0.647847565278758,NC,D72,D,0.5460992907801419,NC,-,-,-,-,-,-,-,-,-,-,-,-,-,-,-,N-ter,0
-,0.0,NC,Y73,Y,0.528169014084507,NC,-,-,-,-,-,-,-,-,-,-,-,-,-,-,-,N-ter,0
-,0.0,NC,A74,-,0.0,NC,-,-,-,-,-,-,-,-,-,-,-,-,-,-,-,N-ter,0
-,0.0,NC,A75,A,0.6223776223776224,NC,-,-,-,-,-,-,-,-,-,-,-,-,-,-,-,N-ter,0
-,0.0,NC,P76,P,0.9440559440559441,C,-,-1,-10,-10,-10,-3,-1,-,-,-,-10,-1,-,-1,-10,N-ter,10
G,0.8664081776524498,NC,N77,N,1.0,C,-,-1,-1,-1,-1,-1,-1,-1,-1,-,-1,-1,-1,-1,-1,N-ter,13
-,0.0,NC,A78,-,0.0,NC,-,-,-,-,-,-,-,-,-,-,-,-,-,-,-,N-ter,0
-,0.0,NC,T79,T,0.971830985915493,C,-,-2,-,-,0,-10,-2,-2,0,-,-10,-10,-10,-10,-10,N-ter,11
V,0.6686640817765245,NC,A80,A,0.704225352112676,NC,-,-,-,-,-,-,-,-,-,-,-,-,-,-,-,N-ter,0
-,0.0,NC,R81,R,0.6083916083916084,NC,-,-,-,-,-,-,-,-,-,-,-,-,-,-,-,N-ter,0
-,0.0,NC,A82,A,0.5874125874125874,NC,-,-,-,-,-,-,-,-,-,-,-,-,-,-,-,N-ter,0
-,0.0,NC,S83,S,0.6013986013986014,NC,-,-,-,-,-,-,-,-,-,-,-,-,-,-,-,N-ter,0
C,0.9915373765867419,C,C84,C,0.993006993006993,C,-,-,-,-,-,-,-,-,-,-,-,-,-,-,-,N-ter,0
P,0.9929577464788732,C,P85,P,1.0,C,-,-,-,-,-,-,-,-,-,-,-,-,-,-,-,N-ter,0
-,0.0,NC,W86,W,0.9577464788732394,C,-,-4,-4,-10,-10,-4,-4,-,-6,-,-10,-6,-4,-6,-10,N-ter,12
Y,0.6186770428015564,NC,Y87,Y,0.9859154929577465,C,-,-,-2,3,-,-2,-,-,-,-,-,-,-,-,-10,N-ter,4
F,0.5307637906647807,NC,L88,L,0.9929577464788732,C,-,0,0,-,0,0,0,-,1,-,1,0,-,0,0,N-ter,10
-,0.0,NC,P89,P,0.9929577464788732,C,-,-3,-1,-2,-10,-2,-4,-,-4,-,-4,-,-,-2,-1,N-ter,10
-,0.0,NC,W90,W,1.0,C,-,-4,-10,-2,-10,-3,-4,-,-6,-,-6,-6,-,-6,-3,N-ter,11
-,0.0,NC,H91,H,0.5774647887323944,NC,-,-,-,-,-,-,-,-,-,-,-,-,-,-,-,N-ter,0
-,0.0,NC,H92,-,0.0,NC,-,-,-,-,-,-,-,-,-,-,-,-,-,-,-,N-ter,0
-,0.0,NC,H93,H,0.5314685314685315,NC,-,-,-,-,-,-,-,-,-,-,-,-,-,-,-,N-ter,0
-,0.0,NC,-,-,0.0,NC,-,-,-,-,-,-,-,-,-,-,-,-,-,-,-,-,0
-,0.0,NC,-,-,0.0,NC,-,-,-,-,-,-,-,-,-,-,-,-,-,-,-,-,0
-,0.0,NC,-,-,0.0,NC,-,-,-,-,-,-,-,-,-,-,-,-,-,-,-,-,0
-,0.0,NC,-,-,0.0,NC,-,-,-,-,-,-,-,-,-,-,-,-,-,-,-,-,0
-,0.0,NC,-,-,0.0,NC,-,-,-,-,-,-,-,-,-,-,-,-,-,-,-,-,0
-,0.0,NC,-,-,0.0,NC,-,-,-,-,-,-,-,-,-,-,-,-,-,-,-,-,0
-,0.0,NC,-,-,0.0,NC,-,-,-,-,-,-,-,-,-,-,-,-,-,-,-,-,0
-,0.0,NC,-,-,0.0,NC,-,-,-,-,-,-,-,-,-,-,-,-,-,-,-,-,0
-,0.0,NC,-,-,0.0,NC,-,-,-,-,-,-,-,-,-,-,-,-,-,-,-,-,0
-,0.0,NC,-,-,0.0,NC,-,-,-,-,-,-,-,-,-,-,-,-,-,-,-,-,0
-,0.0,NC,-,-,0.0,NC,-,-,-,-,-,-,-,-,-,-,-,-,-,-,-,-,0
-,0.0,NC,-,-,0.0,NC,-,-,-,-,-,-,-,-,-,-,-,-,-,-,-,-,0
-,0.0,NC,-,-,0.0,NC,-,-,-,-,-,-,-,-,-,-,-,-,-,-,-,-,0
-,0.0,NC,-,-,0.0,NC,-,-,-,-,-,-,-,-,-,-,-,-,-,-,-,-,0
-,0.0,NC,-,-,0.0,NC,-,-,-,-,-,-,-,-,-,-,-,-,-,-,-,-,0
-,0.0,NC,-,-,0.0,NC,-,-,-,-,-,-,-,-,-,-,-,-,-,-,-,-,0
-,0.0,NC,-,-,0.0,NC,-,-,-,-,-,-,-,-,-,-,-,-,-,-,-,-,0
-,0.0,NC,-,-,0.0,NC,-,-,-,-,-,-,-,-,-,-,-,-,-,-,-,-,0
-,0.0,NC,-,-,0.0,NC,-,-,-,-,-,-,-,-,-,-,-,-,-,-,-,-,0
-,0.0,NC,-,-,0.0,NC,-,-,-,-,-,-,-,-,-,-,-,-,-,-,-,-,0
-,0.0,NC,-,-,0.0,NC,-,-,-,-,-,-,-,-,-,-,-,-,-,-,-,-,0
-,0.0,NC,-,-,0.0,NC,-,-,-,-,-,-,-,-,-,-,-,-,-,-,-,-,0
-,0.0,NC,V94,V,0.9857142857142858,C,-,-4,-10,-10,-10,-2,-4,-,-10,-,-10,-10,-10,-10,-10,N-ter,12
-,0.0,NC,A95,A,0.574468085106383,NC,-,-,-,-,-,-,-,-,-,-,-,-,-,-,-,N-ter,0
-,0.0,NC,A96,-,0.0,NC,-,-,-,-,-,-,-,-,-,-,-,-,-,-,-,N-ter,0
G,0.5943886387253204,NC,G97,G,0.9929078014184397,C,-,-3,-,-,-,-,-1,-,-,-3,-,-3,-,-3,-,N-ter,5
-,0.0,NC,F98,F,0.8226950354609929,NC,-,-,-,-,-,-,-,-,-,-,-,-,-,-,-,N-ter,0
V,0.5132347885871433,NC,V99,V,0.9929078014184397,C,-,0,3,-,-,-,-4,-,0,-,0,0,0,-,-,N-ter,7
-,0.0,NC,L100,L,0.7801418439716312,NC,-,-,-,-,-,-,-,-,-,-,-,-,-,-,-,N-ter,0
R,0.7036782399449982,NC,R101,R,0.950354609929078,C,-,-,2,-,-,-,-,-,-,2,-,2,-,2,-,N-ter,4
-,0.0,NC,Q102,-,0.0,NC,-,-,-,-,-,-,-,-,-,-,-,-,-,-,-,N-ter,0
C,0.9951923076923077,C,C103,C,0.9858156028368794,C,-,-,-,-,-,-,-,-,-,-,-,-,-,-,-,N-ter,0
-,0.0,NC,G104,G,0.9574468085106383,C,-,-4,-2,-2,-2,-2,-4,-2,-2,-,-10,-2,-4,-2,-2,N-ter,13
-,0.0,NC,S105,S,0.5886524822695035,NC,-,-,-,-,-,-,-,-,-,-,-,-,-,-,-,N-ter,0
-,0.0,NC,D106,D,0.950354609929078,C,-,1,-10,-10,-10,-,1,1,1,-,1,-10,-10,-10,-10,N-ter,12
G,0.9938186813186813,C,G107,G,0.9928571428571429,C,-,-,-,-,-,-,-,-,-,-,-,-,-,-,-,N-ter,0
-,0.0,NC,Q108,Q,0.8992805755395683,NC,-,-,-,-,-,-,-,-,-,-,-,-,-,-,-,N-ter,0
W,0.9927909371781668,C,W109,W,0.9857142857142858,C,-,-,-,-,-,-,-,-,-,-,-,-,-,-,-,N-ter,0
-,0.0,NC,-,-,0.0,NC,-,-,-,-,-,-,-,-,-,-,-,-,-,-,-,-,0
-,0.0,NC,-,-,0.0,NC,-,-,-,-,-,-,-,-,-,-,-,-,-,-,-,-,0
-,0.0,NC,-,-,0.0,NC,-,-,-,-,-,-,-,-,-,-,-,-,-,-,-,-,0
-,0.0,NC,-,-,0.0,NC,-,-,-,-,-,-,-,-,-,-,-,-,-,-,-,-,0
-,0.0,NC,-,-,0.0,NC,-,-,-,-,-,-,-,-,-,-,-,-,-,-,-,-,0
-,0.0,NC,-,-,0.0,NC,-,-,-,-,-,-,-,-,-,-,-,-,-,-,-,-,0
-,0.0,NC,-,-,0.0,NC,-,-,-,-,-,-,-,-,-,-,-,-,-,-,-,-,0
-,0.0,NC,G110,G,0.6258992805755396,NC,-,-,-,-,-,-,-,-,-,-,-,-,-,-,-,N-ter,0
P,0.530234471410942,NC,L111,P,0.5642857142857143,NC,-,-,-,-,-,-,-,-,-,-,-,-,-,-,-,N-ter,0
W,0.6561469618464437,NC,W112,W,0.9857142857142858,C,-,-4,-10,-10,-10,-10,-4,-,-,-10,-,-,-,-,-10,N-ter,8
-,0.0,NC,R113,R,0.9710144927536232,C,-,-3,-2,-,-2,0,-3,-,-2,-,-10,-1,-,-1,-2,N-ter,10
-,0.0,NC,D114,D,0.9927536231884058,C,-,1,-10,-2,-4,-4,1,1,1,1,1,1,-,1,-4,N-ter,13
-,0.0,NC,H115,H,0.9420289855072463,C,-,2,-10,-2,-10,-10,2,-3,2,-2,2,2,-10,2,-10,N-ter,14
-,0.0,NC,T116,S,0.7608695652173914,NC,-,-,-,-,-,-,-,-,-,-,-,-,-,-,-,N-ter,0
-,0.0,NC,Q117,Q,0.9927536231884058,C,-,-,-1,-1,-1,-1,-10,2,2,-,-1,-3,2,-,-1,N-ter,11
C,0.9948647723382403,C,C118,C,1.0,C,-,-,-,-,-,-,-,-,-,-,-,-,-,-,-,N-ter,0
-,0.0,NC,E119,E,0.7299270072992701,NC,-,-,-,-,-,-,-,-,-,-,-,-,-,-,-,N-ter,0
-,0.0,NC,N120,N,0.5555555555555556,NC,-,-,-,-,-,-,-,-,-,-,-,-,-,-,-,N-ter,0
-,0.0,NC,P121,P,0.6764705882352942,NC,-,-,-,-,-,-,-,-,-,-,-,-,-,-,-,N-ter,0
-,0.0,NC,E122,E,0.6642335766423357,NC,-,-,-,-,-,-,-,-,-,-,-,-,-,-,-,N-ter,0
-,0.0,NC,K123,K,0.5985401459854015,NC,-,-,-,-,-,-,-,-,-,-,-,-,-,-,-,N-ter,0
-,0.0,NC,N124,N,0.5912408759124088,NC,-,-,-,-,-,-,-,-,-,-,-,-,-,-,-,N-ter,0
-,0.0,NC,E125,-,0.0,NC,-,-,-,-,-,-,-,-,-,-,-,-,-,-,-,N-ter,0
-,0.0,NC,A126,-,0.0,NC,-,-,-,-,-,-,-,-,-,-,-,-,-,-,-,N-ter,0
-,0.0,NC,-,-,0.0,NC,-,-,-,-,-,-,-,-,-,-,-,-,-,-,-,-,0
-,0.0,NC,F127,F,0.6716417910447762,NC,1.29,-,-,-,-,-,-,-,-,-,-,-,-,-,-,TM1,0
-,0.0,NC,-,-,0.0,NC,-,-,-,-,-,-,-,-,-,-,-,-,-,-,-,-,0
-,0.0,NC,-,-,0.0,NC,-,-,-,-,-,-,-,-,-,-,-,-,-,-,-,-,0
-,0.0,NC,L128,Q,0.5971223021582733,NC,1.3,-,-,-,-,-,-,-,-,-,-,-,-,-,-,TM1,0
-,0.0,NC,D129,D,0.5755395683453237,NC,1.31,-,-,-,-,-,-,-,-,-,-,-,-,-,-,TM1,0
-,0.0,NC,Q130,Q,0.9136690647482014,C,1.32,-2,1,1,-,-,0,-,2,-10,1,1,-10,1,2,TM1,11
-,0.0,NC,R131,R,0.5357142857142857,NC,1.33,-,-,-,-,-,-,-,-,-,-,-,-,-,-,TM1,0
-,0.0,NC,L132,L,0.6546762589928058,NC,1.34,-,-,-,-,-,-,-,-,-,-,-,-,-,-,TM1,0
-,0.0,NC,I133,I,0.7071428571428572,NC,1.35,-,-,-,-,-,-,-,-,-,-,-,-,-,-,TM1,0
-,0.0,NC,-,-,0.0,NC,-,-,-,-,-,-,-,-,-,-,-,-,-,-,-,-,0
-,0.0,NC,L134,L,0.9280575539568345,C,1.36,-2,-2,-10,-2,-2,-2,-,0,-2,0,-2,-,-,0,TM1,11
-,0.0,NC,E135,E,0.7285714285714285,NC,1.37,-,-,-,-,-,-,-,-,-,-,-,-,-,-,TM1,0
-,0.0,NC,R136,R,0.6056338028169014,NC,1.38,-,-,-,-,-,-,-,-,-,-,-,-,-,-,TM1,0
-,0.0,NC,L137,L,0.6180555555555556,NC,1.39,-,-,-,-,-,-,-,-,-,-,-,-,-,-,TM1,0
-,0.0,NC,Q138,Q,0.6344827586206897,NC,1.4,-,-,-,-,-,-,-,-,-,-,-,-,-,-,TM1,0
-,0.0,NC,V139,V,0.7793103448275862,NC,1.41,-,-,-,-,-,-,-,-,-,-,-,-,-,-,TM1,0
-,0.0,NC,M140,M,0.6095890410958904,NC,1.42,-,-,-,-,-,-,-,-,-,-,-,-,-,-,TM1,0
Y,0.6710481968318166,NC,Y141,Y,0.9931506849315068,C,1.43,-3,-,-,-,-,-3,-,-,-,-,-2,-,-2,-,TM1,4
T,0.6641942009440324,NC,T142,T,0.9794520547945206,C,1.44,-2,-,-,-,-,-2,-,-,-,-,-1,-,-1,-,TM1,4
-,0.0,NC,V143,V,0.8835616438356164,NC,1.45,-,-,-,-,-,-,-,-,-,-,-,-,-,-,TM1,0
G,0.9905692152239811,C,G144,G,0.9931506849315068,C,1.46,-,-,-,-,-,-,-,-,-,-,-,-,-,-,TM1,0
Y,0.5783983849259757,NC,Y145,Y,0.9931506849315068,C,1.47,2,2,-,2,-,2,-,-,-,-,2,-,2,-,TM1,6
S,0.5843150454392461,NC,S146,S,0.910958904109589,C,1.48,-2,-,-,-,-,-2,1,-,-,-,1,-,-1,-,TM1,5
-,0.0,NC,L147,L,0.815068493150685,NC,1.49,-,-,-,-,-,-,-,-,-,-,-,-,-,-,TM1,0
S,0.9882234185733513,C,S148,S,0.9931506849315068,C,1.5,-,-,-,-,-,-,-,-,-,-,-,-,-,-,TM1,0
L,0.6004712218108381,NC,L149,L,0.9383561643835616,C,1.51,1,-,-,-,-,-,0,-,-,0,1,-,1,-10,TM1,6
-,0.0,NC,A150,A,0.7328767123287672,NC,1.52,-,-,-,-,-,-,-,-,-,-,-,-,-,-,TM1,0
-,0.0,NC,T151,T,0.5616438356164384,NC,1.53,-,-,-,-,-,-,-,-,-,-,-,-,-,-,TM1,0
L,0.9899159663865547,C,L152,L,0.9794520547945206,C,1.54,-,-,-,-,-,-,-,-,-,-,-,-,-,-,TM1,0
-,0.0,NC,L153,L,0.7123287671232876,NC,1.55,-,-,-,-,-,-,-,-,-,-,-,-,-,-,TM1,0
-,0.0,NC,L154,L,0.815068493150685,NC,1.56,-,-,-,-,-,-,-,-,-,-,-,-,-,-,TM1,0
A,0.7656145063801209,NC,A155,A,0.9931506849315068,C,1.57,-,0,-,-,-,-,-,-,-,-,1,-,1,-,TM1,3
-,0.0,NC,L156,L,0.9246575342465754,C,1.58,0,-3,-,-10,2,0,-3,1,-,1,-,-,-,1,TM1,9
-,0.0,NC,L157,L,0.6643835616438356,NC,1.59,-,-,-,-,-,-,-,-,-,-,-,-,-,-,TM1,0
I,0.7158176943699732,NC,I158,I,0.8287671232876712,NC,1.6,-,-,-,-,-,-,-,-,-,-,-,-,-,-,TM1,0
L,0.6119103379056541,NC,L159,L,1.0,C,1.61,0,-,-,-,-,0,-,-,-,1,0,-,0,-,TM1,5
-,0.0,NC,S160,S,0.5517241379310345,NC,1.62,-,-,-,-,-,-,-,-,-,-,-,-,-,-,TM1,0
-,0.0,NC,L161,-,0.0,NC,1.63,-,-,-,-,-,-,-,-,-,-,-,-,-,-,TM1,0
F,0.7041499330655957,NC,F162,F,0.9583333333333334,C,1.64,0,-,-,-,-,0,-,-,-,-,-,0,-,-,TM1,3
-,0.0,NC,-,-,0.0,NC,-,-,-,-,-,-,-,-,-,-,-,-,-,-,-,-,0
-,0.0,NC,-,-,0.0,NC,-,-,-,-,-,-,-,-,-,-,-,-,-,-,-,-,0
-,0.0,NC,-,-,0.0,NC,-,-,-,-,-,-,-,-,-,-,-,-,-,-,-,-,0
-,0.0,NC,-,-,0.0,NC,-,-,-,-,-,-,-,-,-,-,-,-,-,-,-,-,0
-,0.0,NC,-,-,0.0,NC,-,-,-,-,-,-,-,-,-,-,-,-,-,-,-,-,0
-,0.0,NC,-,-,0.0,NC,-,-,-,-,-,-,-,-,-,-,-,-,-,-,-,-,0
-,0.0,NC,-,-,0.0,NC,-,-,-,-,-,-,-,-,-,-,-,-,-,-,-,-,0
-,0.0,NC,-,-,0.0,NC,-,-,-,-,-,-,-,-,-,-,-,-,-,-,-,-,0
-,0.0,NC,-,-,0.0,NC,-,-,-,-,-,-,-,-,-,-,-,-,-,-,-,-,0
-,0.0,NC,-,-,0.0,NC,-,-,-,-,-,-,-,-,-,-,-,-,-,-,-,-,0
-,0.0,NC,-,-,0.0,NC,-,-,-,-,-,-,-,-,-,-,-,-,-,-,-,-,0
-,0.0,NC,-,-,0.0,NC,-,-,-,-,-,-,-,-,-,-,-,-,-,-,-,-,0
-,0.0,NC,-,-,0.0,NC,-,-,-,-,-,-,-,-,-,-,-,-,-,-,-,-,0
-,0.0,NC,-,-,0.0,NC,-,-,-,-,-,-,-,-,-,-,-,-,-,-,-,-,0
-,0.0,NC,-,-,0.0,NC,-,-,-,-,-,-,-,-,-,-,-,-,-,-,-,-,0
-,0.0,NC,-,-,0.0,NC,-,-,-,-,-,-,-,-,-,-,-,-,-,-,-,-,0
-,0.0,NC,-,-,0.0,NC,-,-,-,-,-,-,-,-,-,-,-,-,-,-,-,-,0
-,0.0,NC,-,-,0.0,NC,-,-,-,-,-,-,-,-,-,-,-,-,-,-,-,-,0
-,0.0,NC,-,-,0.0,NC,-,-,-,-,-,-,-,-,-,-,-,-,-,-,-,-,0
-,0.0,NC,-,-,0.0,NC,-,-,-,-,-,-,-,-,-,-,-,-,-,-,-,-,0
-,0.0,NC,-,-,0.0,NC,-,-,-,-,-,-,-,-,-,-,-,-,-,-,-,-,0
-,0.0,NC,-,-,0.0,NC,-,-,-,-,-,-,-,-,-,-,-,-,-,-,-,-,0
-,0.0,NC,-,-,0.0,NC,-,-,-,-,-,-,-,-,-,-,-,-,-,-,-,-,0
-,0.0,NC,-,-,0.0,NC,-,-,-,-,-,-,-,-,-,-,-,-,-,-,-,-,0
-,0.0,NC,-,-,0.0,NC,-,-,-,-,-,-,-,-,-,-,-,-,-,-,-,-,0
-,0.0,NC,-,-,0.0,NC,-,-,-,-,-,-,-,-,-,-,-,-,-,-,-,-,0
-,0.0,NC,-,-,0.0,NC,-,-,-,-,-,-,-,-,-,-,-,-,-,-,-,-,0
-,0.0,NC,-,-,0.0,NC,-,-,-,-,-,-,-,-,-,-,-,-,-,-,-,-,0
-,0.0,NC,-,-,0.0,NC,-,-,-,-,-,-,-,-,-,-,-,-,-,-,-,-,0
R,0.8292764254751583,NC,R163,R,0.9172413793103448,C,12.48,-,-,-,-,-,-,-,-,-1,-,2,-,2,-,ICL1,3
-,0.0,NC,R164,R,0.6506849315068494,NC,12.49,-,-,-,-,-,-,-,-,-,-,-,-,-,-,ICL1,0
L,0.8464606181455633,NC,L165,L,1.0,C,12.5,1,-,-,-,-,1,-,-,-,-,-,-,-,-,ICL1,2
H,0.6049833887043189,NC,H166,R,0.6506849315068494,NC,12.51,-,-,-,-,-,-,-,-,-,-,-,-,-,-,ICL1,0
C,0.994682618810236,C,C167,C,1.0,C,2.44,-,-,-,-,-,-,-,-,-,-,-,-,-,-,TM2,0
T,0.5938850116317713,NC,T168,T,0.9657534246575342,C,2.45,-2,-,-,-,-,-2,-,-,-1,-,-1,-,-1,-2,TM2,6
R,0.9956781914893617,C,R169,R,1.0,C,2.46,-,-,-,-,-,-,-,-,-,-,-,-,-,-,TM2,0
N,0.8417553191489362,NC,N170,N,1.0,C,2.47,-,-,-,-,-,-,-,-,-,-,-4,-,-4,-,TM2,2
Y,0.5697171381031614,NC,Y171,Y,0.9383561643835616,C,2.48,-2,-,-,-,3,-2,-,-,-,-,-2,-,-2,-,TM2,5
I,0.8330006653359947,NC,I172,I,0.9794520547945206,C,2.49,-,-,-,-,-,-,-,-,-,-,1,-,1,-,TM2,2
H,0.9963418689723977,C,H173,H,1.0,C,2.5,-,-,-,-,-,-,-,-,-,-,-,-,-,-,TM2,0
-,0.0,NC,I174,I,0.5547945205479452,NC,2.51,-,-,-,-,-,-,-,-,-,-,-,-,-,-,TM2,0
N,0.6677740863787376,NC,N175,N,0.9931506849315068,C,2.52,-,-,0,0,-,-,-,0,-,0,-,-,-,0,TM2,5
L,0.9634430043203722,C,L176,L,0.9931506849315068,C,2.53,-,-,-,-,-,-,-,-,-,-,-,-,-,-,TM2,0
F,0.849351513136016,NC,F177,F,1.0,C,2.54,-1,-,-,-,-,-1,-,-,-,-,-,-,-,-,TM2,2
-,0.0,NC,T178,-,0.0,NC,2.55,-,-,-,-,-,-,-,-,-,-,-,-,-,-,TM2,0
S,0.757313829787234,NC,S179,S,0.9931506849315068,C,2.56,1,-,-,-,-,1,-,-,-,-,-,-,-,1,TM2,3
F,0.9048885932823412,C,F180,F,0.9246575342465754,C,2.57,-,-,-,-,-,-,-,-,-,-,3,-,-,-,TM2,1
I,0.6311938809444629,NC,M181,M,0.5753424657534246,NC,2.58,-,-,-,-,-,-,-,-,-,-,-,-,-,-,TM2,0
L,0.9109930255728994,C,L182,L,0.958904109589041,C,2.59,-,-,-,-,-,-,-,-,-,-,-,-,-2,-,TM2,1
R,0.7120557954168051,NC,R183,R,1.0,C,2.6,-,-,-,-,-,-,-,-,2,-,-1,-,-1,2,TM2,4
A,0.6622384589837264,NC,A184,A,0.9931506849315068,C,2.61,-2,-,-,-,-,-2,-,-,-,-,1,-,1,-,TM2,4
-,0.0,NC,A185,A,0.6095890410958904,NC,2.62,-,-,-,-,-,-,-,-,-,-,-,-,-,-,TM2,0
-,0.0,NC,A186,A,0.678082191780822,NC,2.63,-,-,-,-,-,-,-,-,-,-,-,-,-,-,TM2,0
-,0.0,NC,I187,I,0.9794520547945206,C,2.64,-3,3,-4,3,3,-3,3,-,3,-,-1,3,-1,3,TM2,12
F,0.5986733001658375,NC,L188,L,0.9931506849315068,C,2.65,0,-,0,0,0,0,0,0,-,0,1,-,1,0,TM2,11
-,0.0,NC,S189,T,0.8013698630136986,NC,2.66,-,-,-,-,-,-,-,-,-,-,-,-,-,-,TM2,0
K,0.5899137358991373,NC,R190,R,0.9657534246575342,C,2.67,-3,2,2,2,2,-3,2,2,-3,2,0,2,-10,2,TM2,14
D,0.6790450928381963,NC,D191,D,1.0,C,2.68,-1,-,-,-,-,-1,-,-,-,-,-5,-,-5,-,TM2,4
-,0.0,NC,R192,R,0.5821917808219178,NC,2.69,-,-,-,-,-,-,-,-,-,-,-,-,-,-,TM2,0
-,0.0,NC,L193,L,0.9452054794520548,C,2.7,-10,1,1,-10,1,-2,1,1,-,1,-10,-10,-2,-10,TM2,13
L,0.5661252900232019,NC,L194,L,1.0,C,2.71,1,-,-,-,-,2,-,-,-,1,1,-10,1,-,TM2,6
-,0.0,NC,P195,P,0.6232876712328768,NC,-,-,-,-,-,-,-,-,-,-,-,-,-,-,-,ECL1,0
-,0.0,NC,R196,-,0.0,NC,-,-,-,-,-,-,-,-,-,-,-,-,-,-,-,ECL1,0
-,0.0,NC,P197,P,0.5068493150684932,NC,-,-,-,-,-,-,-,-,-,-,-,-,-,-,-,ECL1,0
-,0.0,NC,G198,G,0.5684931506849316,NC,-,-,-,-,-,-,-,-,-,-,-,-,-,-,-,ECL1,0
-,0.0,NC,P199,P,0.7945205479452054,NC,-,-,-,-,-,-,-,-,-,-,-,-,-,-,-,ECL1,0
-,0.0,NC,-,-,0.0,NC,-,-,-,-,-,-,-,-,-,-,-,-,-,-,-,-,0
-,0.0,NC,-,-,0.0,NC,-,-,-,-,-,-,-,-,-,-,-,-,-,-,-,-,0
-,0.0,NC,-,-,0.0,NC,-,-,-,-,-,-,-,-,-,-,-,-,-,-,-,-,0
-,0.0,NC,-,-,0.0,NC,-,-,-,-,-,-,-,-,-,-,-,-,-,-,-,-,0
-,0.0,NC,-,-,0.0,NC,-,-,-,-,-,-,-,-,-,-,-,-,-,-,-,-,0
-,0.0,NC,-,-,0.0,NC,-,-,-,-,-,-,-,-,-,-,-,-,-,-,-,-,0
-,0.0,NC,-,-,0.0,NC,-,-,-,-,-,-,-,-,-,-,-,-,-,-,-,-,0
-,0.0,NC,-,-,0.0,NC,-,-,-,-,-,-,-,-,-,-,-,-,-,-,-,-,0
-,0.0,NC,-,-,0.0,NC,-,-,-,-,-,-,-,-,-,-,-,-,-,-,-,-,0
-,0.0,NC,-,-,0.0,NC,-,-,-,-,-,-,-,-,-,-,-,-,-,-,-,-,0
-,0.0,NC,Y200,Y,0.5474452554744526,NC,-,-,-,-,-,-,-,-,-,-,-,-,-,-,-,ECL1,0
-,0.0,NC,L201,-,0.0,NC,-,-,-,-,-,-,-,-,-,-,-,-,-,-,-,ECL1,0
-,0.0,NC,G202,G,0.7394366197183099,NC,-,-,-,-,-,-,-,-,-,-,-,-,-,-,-,ECL1,0
-,0.0,NC,-,-,0.0,NC,-,-,-,-,-,-,-,-,-,-,-,-,-,-,-,-,0
-,0.0,NC,-,-,0.0,NC,-,-,-,-,-,-,-,-,-,-,-,-,-,-,-,-,0
-,0.0,NC,-,-,0.0,NC,-,-,-,-,-,-,-,-,-,-,-,-,-,-,-,-,0
-,0.0,NC,-,-,0.0,NC,-,-,-,-,-,-,-,-,-,-,-,-,-,-,-,-,0
-,0.0,NC,D203,D,0.8601398601398601,NC,-,-,-,-,-,-,-,-,-,-,-,-,-,-,-,ECL1,0
-,0.0,NC,Q204,Q,0.5422535211267606,NC,-,-,-,-,-,-,-,-,-,-,-,-,-,-,-,ECL1,0
-,0.0,NC,A205,-,0.0,NC,-,-,-,-,-,-,-,-,-,-,-,-,-,-,-,ECL1,0
-,0.0,NC,L206,-,0.0,NC,-,-,-,-,-,-,-,-,-,-,-,-,-,-,-,ECL1,0
-,0.0,NC,-,-,0.0,NC,-,-,-,-,-,-,-,-,-,-,-,-,-,-,-,-,0
-,0.0,NC,-,-,0.0,NC,-,-,-,-,-,-,-,-,-,-,-,-,-,-,-,-,0
-,0.0,NC,-,-,0.0,NC,-,-,-,-,-,-,-,-,-,-,-,-,-,-,-,-,0
-,0.0,NC,A207,-,0.0,NC,-,-,-,-,-,-,-,-,-,-,-,-,-,-,-,ECL1,0
-,0.0,NC,L208,L,0.8357142857142857,NC,-,-,-,-,-,-,-,-,-,-,-,-,-,-,-,ECL1,0
-,0.0,NC,W209,W,0.6,NC,-,-,-,-,-,-,-,-,-,-,-,-,-,-,-,ECL1,0
-,0.0,NC,N210,N,0.5642857142857143,NC,-,-,-,-,-,-,-,-,-,-,-,-,-,-,-,ECL1,0
-,0.0,NC,Q211,Q,0.7361111111111112,NC,-,-,-,-,-,-,-,-,-,-,-,-,-,-,-,ECL1,0
-,0.0,NC,-,-,0.0,NC,-,-,-,-,-,-,-,-,-,-,-,-,-,-,-,-,0
-,0.0,NC,-,-,0.0,NC,-,-,-,-,-,-,-,-,-,-,-,-,-,-,-,-,0
-,0.0,NC,-,-,0.0,NC,-,-,-,-,-,-,-,-,-,-,-,-,-,-,-,-,0
-,0.0,NC,A212,A,0.8082191780821918,NC,-,-,-,-,-,-,-,-,-,-,-,-,-,-,-,ECL1,0
-,0.0,NC,L213,L,0.7310344827586207,NC,-,-,-,-,-,-,-,-,-,-,-,-,-,-,-,ECL1,0
-,0.0,NC,A214,A,0.6275862068965518,NC,3.27,-,-,-,-,-,-,-,-,-,-,-,-,-,-,TM3,0
-,0.0,NC,A215,A,0.5448275862068965,NC,3.28,-,-,-,-,-,-,-,-,-,-,-,-,-,-,TM3,0
C,0.9927440633245382,C,C216,C,0.9862068965517241,C,3.29,-,-,-,-,-,-,-,-,-,-,-,-,-,-,TM3,0
K,0.5877887788778878,NC,R217,R,0.9444444444444444,C,3.3,-,2,2,2,2,-,-,2,-,2,2,-,2,2,TM3,9
-,0.0,NC,T218,T,0.5517241379310345,NC,3.31,-,-,-,-,-,-,-,-,-,-,-,-,-,-,TM3,0
-,0.0,NC,A219,A,0.9793103448275862,C,3.32,-2,1,0,-,0,0,0,-,-,-,-2,-10,1,1,TM3,10
-,0.0,NC,Q220,Q,1.0,C,3.33,-1,-3,0,-10,0,-1,-4,-3,-10,-3,1,-,-,-3,TM3,12
-,0.0,NC,I221,I,0.5655172413793104,NC,3.34,-,-,-,-,-,-,-,-,-,-,-,-,-,-,TM3,0
-,0.0,NC,V222,-,0.0,NC,3.35,-,-,-,-,-,-,-,-,-,-,-,-,-,-,TM3,0
-,0.0,NC,T223,T,0.7272727272727273,NC,3.36,-,-,-,-,-,-,-,-,-,-,-,-,-,-,TM3,0
-,0.0,NC,Q224,Q,0.9440559440559441,C,3.37,0,-,-,-,1,0,-,-3,-,-3,-,1,-3,1,TM3,8
Y,0.9660737812911726,C,Y225,Y,1.0,C,3.38,-,-,-,-,-,-,-,-,-,-,-,-,-,-,TM3,0
-,0.0,NC,C226,C,0.986013986013986,C,3.39,-3,-10,-,-,-,-3,-,-3,-4,-3,-2,-3,-2,-10,TM3,10
-,0.0,NC,V227,V,0.993006993006993,C,3.4,-,3,3,-,-,-4,-,1,3,1,1,-,1,-10,TM3,9
-,0.0,NC,G228,G,0.9027777777777778,C,3.41,-4,-4,-4,-4,-10,-4,0,0,-4,0,-,-,-,-4,TM3,11
-,0.0,NC,A229,A,0.9513888888888888,C,3.42,0,-,-,-,1,0,-,0,-,0,-1,-,-1,0,TM3,8
N,0.9727153188691651,C,N230,N,0.9791666666666666,C,3.43,-,-,-,-,-,-,-,-,-,-,-,-,-,-,TM3,0
Y,0.6097961867192636,NC,Y231,Y,0.9513888888888888,C,3.44,3,3,-,3,-,3,-,-,-,-,-,-,-,3,TM3,5
F,0.5243421052631579,NC,T232,T,0.5972222222222222,NC,3.45,-,-,-,-,-,-,-,-,-,-,-,-,-,-,TM3,0
W,0.9980263157894737,C,W233,W,1.0,C,3.46,-,-,-,-,-,-,-,-,-,-,-,-,-,-,TM3,0
L,0.5623971024036879,NC,L234,L,0.9861111111111112,C,3.47,2,-,-,-,-,2,-,1,-,1,2,-,2,-,TM3,6
L,0.7721435627263747,NC,L235,L,0.9791666666666666,C,3.48,0,-,-,-,0,0,-,-,-,-,-,-,-,-,TM3,3
V,0.662936142198815,NC,V236,V,0.9375,C,3.49,-,-,-,-,3,-4,-,-,-,-,-1,-,-1,-,TM3,4
E,0.9967083607636603,C,E237,E,1.0,C,3.5,-,-,-,-,-,-,-,-,-,-,-,-,-,-,TM3,0
G,0.9138441302203223,C,G238,G,1.0,C,3.51,-,-,-,-,-,-,-,-,-,-,-,-,-,0,TM3,1
-,0.0,NC,V239,-,0.0,NC,3.52,-,-,-,-,-,-,-,-,-,-,-,-,-,-,TM3,0
Y,0.9671052631578947,C,Y240,Y,0.9383561643835616,C,3.53,-,-,-,-,-,-,-,-,-,-,-,-,-,-,TM3,0
L,0.9970384995064165,C,L241,L,1.0,C,3.54,-,-,-,-,-,-,-,-,-,-,-,-,-,-,TM3,0
H,0.7819796119697467,NC,H242,H,0.952054794520548,C,3.55,-,-,-,-,-2,-,2,-,-,-,-,-,-,0,TM3,3
T,0.6219592373438527,NC,S243,S,0.541095890410959,NC,3.56,-,-,-,-,-,-,-,-,-,-,-,-,-,-,TM3,0
L,0.8445101906640368,NC,L244,L,0.9931506849315068,C,3.57,-2,-,-,-,-,-2,-,-,-,-,-,-,-,-,TM3,2
L,0.5518262586377097,NC,L245,L,0.9862068965517241,C,3.58,1,-,-,-,-,1,-,1,-,1,1,-,1,-,TM3,6
V,0.5935441370223979,NC,V246,V,0.8333333333333334,NC,3.59,-,-,-,-,-,-,-,-,-,-,-,-,-,-,TM3,0
-,0.0,NC,L247,L,0.8413793103448276,NC,3.6,-,-,-,-,-,-,-,-,-,-,-,-,-,-,TM3,0
-,0.0,NC,V248,V,0.5763888888888888,NC,-,-,-,-,-,-,-,-,-,-,-,-,-,-,-,ICL2,0
-,0.0,NC,G249,G,0.5874125874125874,NC,-,-,-,-,-,-,-,-,-,-,-,-,-,-,-,ICL2,0
F,0.6327404479578392,NC,G250,G,0.5602836879432624,NC,-,-,-,-,-,-,-,-,-,-,-,-,-,-,-,ICL2,0
-,0.0,NC,S251,S,0.9241379310344827,C,-,1,-,-,-,-1,1,-,-,-10,-,1,-,1,-1,ICL2,7
E,0.6383957922419461,NC,E252,E,0.9166666666666666,C,-,1,-2,-,-,-,1,-,-,-,1,-,-,-,-10,ICL2,5
-,0.0,NC,E253,-,0.0,NC,-,-,-,-,-,-,-,-,-,-,-,-,-,-,-,ICL2,0
-,0.0,NC,G254,G,0.5664335664335665,NC,4.4,-,-,-,-,-,-,-,-,-,-,-,-,-,-,TM4,0
-,0.0,NC,H255,H,0.5902777777777778,NC,4.41,-,-,-,-,-,-,-,-,-,-,-,-,-,-,TM4,0
-,0.0,NC,F256,F,0.8888888888888888,NC,4.42,-,-,-,-,-,-,-,-,-,-,-,-,-,-,TM4,0
-,0.0,NC,R257,R,0.5694444444444444,NC,4.43,-,-,-,-,-,-,-,-,-,-,-,-,-,-,TM4,0
-,0.0,NC,Y258,-,0.0,NC,4.44,-,-,-,-,-,-,-,-,-,-,-,-,-,-,TM4,0
Y,0.5948616600790514,NC,Y259,Y,0.9652777777777778,C,4.45,3,-,3,-,-,3,-,3,-,3,-,-,-,-2,TM4,6
-,0.0,NC,L260,L,0.8125,NC,4.46,-,-,-,-,-,-,-,-,-,-,-,-,-,-,TM4,0
-,0.0,NC,L261,L,0.7569444444444444,NC,4.47,-,-,-,-,-,-,-,-,-,-,-,-,-,-,TM4,0
I,0.556507413509061,NC,L262,L,0.6482758620689655,NC,4.48,-,-,-,-,-,-,-,-,-,-,-,-,-,-,TM4,0
G,0.9884754692130392,C,G263,G,0.9930555555555556,C,4.49,-,-,-,-,-,-,-,-,-,-,-,-,-,-,TM4,0
W,0.9944060546232313,C,W264,W,0.9930555555555556,C,4.5,-,-,-,-,-,-,-,-,-,-,-,-,-,-,TM4,0
G,0.8292682926829268,NC,G265,G,0.9790209790209791,C,4.51,-4,-,-,-,-,-4,-,-,-,-,-,-10,-,-,TM4,3
-,0.0,NC,A266,A,0.6433566433566433,NC,4.52,-,-,-,-,-,-,-,-,-,-,-,-,-,-,TM4,0
P,0.9880676168379184,C,P267,P,0.9861111111111112,C,4.53,-,-,-,-,-,-,-,-,-,-,-,-,-,-,TM4,0
-,0.0,NC,A268,A,0.5070422535211268,NC,4.54,-,-,-,-,-,-,-,-,-,-,-,-,-,-,TM4,0
-,0.0,NC,L269,L,0.9084507042253521,C,4.55,-3,1,-10,-10,1,-3,-,1,-,-10,1,-,1,-,TM4,10
F,0.5607569721115537,NC,F270,F,0.9574468085106383,C,4.56,-1,-,-,-,-3,-1,-,-,-,-,-4,-,-4,-,TM4,5
-,0.0,NC,V271,V,0.9714285714285714,C,4.57,3,3,-,3,-,3,-,-,-10,-,0,-,0,0,TM4,8
-,0.0,NC,I272,I,0.6524822695035462,NC,4.58,-,-,-,-,-,-,-,-,-,-,-,-,-,-,TM4,0
-,0.0,NC,P273,P,0.9859154929577465,C,4.59,-1,-10,-10,-1,-3,-1,-,-3,-,-1,-4,-,-4,-10,TM4,11
W,0.8368841544607191,NC,W274,W,0.9855072463768116,C,4.6,-,-,-,-,-,-,-,-,-,-,-3,-,-3,-,TM4,2
A,0.5457570715474209,NC,V275,V,0.7299270072992701,NC,4.61,-,-,-,-,-,-,-,-,-,-,-,-,-,-,TM4,0
-,0.0,NC,I276,I,0.7956204379562044,NC,4.62,-,-,-,-,-,-,-,-,-,-,-,-,-,-,TM4,0
-,0.0,NC,V277,V,0.8489208633093526,NC,4.63,-,-,-,-,-,-,-,-,-,-,-,-,-,-,TM4,0
R,0.6268308921438083,NC,R278,R,0.9640287769784173,C,4.64,2,-,-,-,-,2,2,-,2,-,-,-,-,2,TM4,5
-,0.0,NC,Y279,Y,0.9071428571428571,C,4.65,-2,-2,-10,-2,-2,-2,-,-2,-10,-2,-2,-10,-2,-10,TM4,13
-,0.0,NC,L280,L,0.9432624113475178,C,4.66,-2,-10,0,-10,-3,-2,-,-2,-,-2,-10,-10,-,-2,TM4,11
-,0.0,NC,Y281,Y,0.75177304964539,NC,4.67,-,-,-,-,-,-,-,-,-,-,-,-,-,-,TM4,0
E,0.5171381031613976,NC,E282,E,0.951048951048951,C,4.68,-,-,-,-10,1,1,-,-1,-,-1,-4,-,-3,-,TM4,7
N,0.5123087159015303,NC,N283,N,0.9300699300699301,C,-,-,1,1,1,1,-,1,1,-,1,-,-,-,1,ECL2,8
-,0.0,NC,T284,T,0.8391608391608392,NC,-,-,-,-,-,-,-,-,-,-,-,-,-,-,-,ECL2,0
-,0.0,NC,Q285,Q,0.6137931034482759,NC,-,-,-,-,-,-,-,-,-,-,-,-,-,-,-,ECL2,0
C,0.9923358880373209,C,C286,C,0.9647887323943662,C,45.5,-,-,-,-,-,-,-,-,-,-,-,-,-,-,ECL2,0
W,0.9936645548516172,C,W287,W,0.9858156028368794,C,45.51,-,-,-,-,-,-,-,-,-,-,-,-,-,-,ECL2,0
-,0.0,NC,E288,E,0.9858156028368794,C,45.52,-4,1,1,1,1,-4,-1,1,-10,-,-2,-10,-4,1,ECL2,13
-,0.0,NC,R289,R,0.7304964539007093,NC,-,-,-,-,-,-,-,-,-,-,-,-,-,-,-,ECL2,0
-,0.0,NC,N290,N,0.9716312056737588,C,-,0,-,-,-4,-,0,-,0,-,0,-4,-,0,-,ECL2,7
-,0.0,NC,E291,E,0.5357142857142857,NC,-,-,-,-,-,-,-,-,-,-,-,-,-,-,-,ECL2,0
-,0.0,NC,-,-,0.0,NC,-,-,-,-,-,-,-,-,-,-,-,-,-,-,-,-,0
-,0.0,NC,V292,-,0.0,NC,-,-,-,-,-,-,-,-,-,-,-,-,-,-,-,ECL2,0
-,0.0,NC,K293,K,0.6357142857142857,NC,-,-,-,-,-,-,-,-,-,-,-,-,-,-,-,ECL2,0
-,0.0,NC,A294,A,0.851063829787234,NC,-,-,-,-,-,-,-,-,-,-,-,-,-,-,-,ECL2,0
-,0.0,NC,I295,I,0.6056338028169014,NC,-,-,-,-,-,-,-,-,-,-,-,-,-,-,-,ECL2,0
W,0.543066178915863,NC,W296,W,0.9787234042553191,C,5.36,-6,-,-,-,-,-6,-,-4,-,-4,-2,-,-2,-,TM5,6
W,0.6299003322259136,NC,W297,W,0.9716312056737588,C,5.37,2,-,-,-,-,2,-2,-,-,-,2,-,2,-,TM5,5
I,0.7877781467950847,NC,I298,I,0.9714285714285714,C,5.38,-,3,-,-,3,-,-,-,-,-,-,-,-,-,TM5,2
I,0.6594756057085961,NC,I299,I,0.9714285714285714,C,5.39,-2,-,-,-,-,-2,-,-,1,-2,3,-,-,-,TM5,5
-,0.0,NC,R300,R,0.9716312056737588,C,5.4,1,-,-,2,2,1,-,1,-,1,0,-,0,2,TM5,9
G,0.5701958181214736,NC,T301,T,0.7801418439716312,NC,5.41,-,-,-,-,-,-,-,-,-,-,-,-,-,-,TM5,0
P,0.9913707268503154,C,P302,P,0.9858156028368794,C,5.42,-,-,-,-,-,-,-,-,-,-,-,-,-,-,TM5,0
I,0.6064430421786782,NC,I303,I,0.9574468085106383,C,5.43,3,-,3,-,3,1,-,-,3,-,3,1,-,-,TM5,7
-,0.0,NC,L304,L,0.9507042253521126,C,5.44,1,-,1,-,1,1,-,-,0,-,2,-,-2,1,TM5,8
-,0.0,NC,M305,-,0.0,NC,5.45,-,-,-,-,-,-,-,-,-,-,-,-,-,-,TM5,0
-,0.0,NC,T306,T,0.6126760563380281,NC,5.46,-,-,-,-,-,-,-,-,-,-,-,-,-,-,TM5,0
I,0.5476269498838368,NC,I307,I,0.8943661971830986,NC,5.47,-,-,-,-,-,-,-,-,-,-,-,-,-,-,TM5,0
-,0.0,NC,L308,L,0.8391608391608392,NC,5.48,-,-,-,-,-,-,-,-,-,-,-,-,-,-,TM5,0
V,0.5397296406198483,NC,I309,I,0.6433566433566433,NC,5.49,-,-,-,-,-,-,-,-,-,-,-,-,-,-,TM5,0
N,0.9709379128137384,C,N310,N,0.9929577464788732,C,5.5,-,-,-,-,-,-,-,-,-,-,-,-,-,-,TM5,0
F,0.8776455026455027,NC,F311,F,0.9929577464788732,C,5.51,-,-,-,-,-,-,-,-,-,-,-,-,0,-,TM5,1
-,0.0,NC,L312,L,0.5633802816901409,NC,5.52,-,-,-,-,-,-,-,-,-,-,-,-,-,-,TM5,0
-,0.0,NC,I313,I,0.9295774647887324,C,5.53,-1,1,1,1,1,-1,-,1,-,1,-1,-,-1,1,TM5,11
F,0.6938099966898378,NC,F314,F,0.9929577464788732,C,5.54,0,-,-,-,-,0,-,-,-,-,0,-,0,-,TM5,4
-,0.0,NC,I315,I,0.8028169014084507,NC,5.55,-,-,-,-,-,-,-,-,-,-,-,-,-,-,TM5,0
N,0.5483764082173624,NC,R316,R,0.9929078014184397,C,5.56,-1,-1,-1,-4,-3,-1,-,-1,-,-1,-1,2,-1,-1,TM5,12
I,0.8996356409407088,NC,I317,I,0.9858156028368794,C,5.57,-,-,-,-,-,-,3,-,-,-1,-,-,-,-,TM5,2
-,0.0,NC,L318,L,0.6595744680851063,NC,5.58,-,-,-,-,-,-,-,-,-,-,-,-,-,-,TM5,0
R,0.7015568068896986,NC,G319,G,0.6382978723404256,NC,5.59,-,-,-,-,-,-,-,-,-,-,-,-,-,-,TM5,0
I,0.6176275679257787,NC,I320,I,0.950354609929078,C,5.6,-,-,-,-,-,-,-,3,-,3,3,1,3,-,TM5,5
L,0.941351888667992,C,L321,L,0.9716312056737588,C,5.61,-,-,-,-,-,-,1,-,-,-,-,-,-,-,TM5,1
-,0.0,NC,L322,V,0.5602836879432624,NC,5.62,-,-,-,-,-,-,-,-,-,-,-,-,-,-,TM5,0
-,0.0,NC,S323,S,0.9078014184397163,C,5.63,1,0,-1,0,0,1,-,1,-,1,1,-,1,-10,TM5,11
K,0.9960264900662251,C,K324,K,1.0,C,5.64,-,-,-,-,-,-,-,-,-,-,-,-,-,-,TM5,0
L,0.8951025810721377,NC,L325,L,0.9432624113475178,C,5.65,-,-,-,-,-,-,-,-,-,1,-,-,-,-,TM5,1
R,0.5066137566137566,NC,R326,R,0.7323943661971831,NC,5.66,-,-,-,-,-,-,-,-,-,-,-,-,-,-,TM5,0
-,0.0,NC,T327,T,0.5915492957746479,NC,5.67,-,-,-,-,-,-,-,-,-,-,-,-,-,-,TM5,0
-,0.0,NC,R328,R,0.5563380281690141,NC,-,-,-,-,-,-,-,-,-,-,-,-,-,-,-,ICL3,0
-,0.0,NC,Q329,Q,0.9788732394366197,C,-,-1,-1,2,-1,-1,-1,-3,0,-,0,1,-,1,-,ICL3,11
-,0.0,NC,M330,M,0.9154929577464789,C,-,-1,1,-10,1,1,-1,-,-1,-,-1,-2,-,0,1,ICL3,11
-,0.0,NC,R331,R,0.9440559440559441,C,-,-10,-3,-,-3,-3,-10,-4,-3,-,-3,-10,-10,-10,-10,ICL3,12
-,0.0,NC,C332,C,0.6293706293706294,NC,-,-,-,-,-,-,-,-,-,-,-,-,-,-,-,ICL3,0
-,0.0,NC,R333,-,0.0,NC,-,-,-,-,-,-,-,-,-,-,-,-,-,-,-,ICL3,0
-,0.0,NC,D334,D,0.9790209790209791,C,6.33,1,-,1,1,1,1,-,-,-,-,1,-,1,1,TM6,8
-,0.0,NC,-,-,0.0,NC,-,-,-,-,-,-,-,-,-,-,-,-,-,-,-,-,0
-,0.0,NC,-,-,0.0,NC,-,-,-,-,-,-,-,-,-,-,-,-,-,-,-,-,0
-,0.0,NC,-,-,0.0,NC,-,-,-,-,-,-,-,-,-,-,-,-,-,-,-,-,0
Q,0.6215292609995728,NC,-,-,0.0,NC,-,-,-,-,-,-,-,-,-,-,-,-,-,-,-,-,0
Y,0.9319907560250907,C,Y335,Y,0.9370629370629371,C,6.34,-,-,-,-,-,-,-2,-,-,-,-,-,-,-,TM6,1
-,0.0,NC,R336,R,0.6643356643356644,NC,6.35,-,-,-,-,-,-,-,-,-,-,-,-,-,-,TM6,0
-,0.0,NC,L337,L,0.6503496503496503,NC,6.36,-,-,-,-,-,-,-,-,-,-,-,-,-,-,TM6,0
R,0.537951607557176,NC,R338,R,0.9930555555555556,C,6.37,2,-,-,-,-,2,-,2,-,2,2,-,2,-,TM6,6
L,0.692154915590864,NC,L339,L,0.9931506849315068,C,6.38,-2,-,-,-,-,-2,-,-,-,-,-2,-,-2,-,TM6,4
A,0.5418735518040384,NC,A340,A,1.0,C,6.39,0,-,-,-,-,0,-,-2,-,-,0,-,0,1,TM6,6
K,0.6773659827928524,NC,R341,R,0.6643835616438356,NC,6.4,-,-,-,-,-,-,-,-,-,-,-,-,-,-,TM6,0
S,0.6751571286801191,NC,S342,S,0.9931506849315068,C,6.41,1,-,-,-,-,1,-,-,-,-,1,-,1,-,TM6,4
T,0.9897520661157024,C,T343,T,0.9863013698630136,C,6.42,-,-,-,-,-,-,-,-,-,-,-,-,-,-,TM6,0
L,0.9702380952380952,C,L344,L,1.0,C,6.43,-,-,-,-,-,-,-,-,-,-,-,-,-,-,TM6,0
-,0.0,NC,T345,T,0.9863013698630136,C,6.44,0,-2,-2,-2,-2,0,-,0,-,0,-1,0,-1,-2,TM6,12
L,0.9953719008264463,C,L346,L,1.0,C,6.45,-,-,-,-,-,-,-,-,-,-,-,-,-,-,TM6,0
I,0.5213364207740655,NC,V347,V,0.6232876712328768,NC,6.46,-,-,-,-,-,-,-,-,-,-,-,-,-,-,TM6,0
P,0.9292328042328042,C,P348,P,0.9863013698630136,C,6.47,-,-,-,-,-,-,-,-,-,-3,-,-,-,-,TM6,1
L,0.9404565001653986,C,L349,L,1.0,C,6.48,-,-,-,-,-,-,-,-,-,1,-,-,-,-,TM6,1
L,0.5312810327706058,NC,L350,L,1.0,C,6.49,-,0,0,0,0,-,-,0,-,0,-,-,-,0,TM6,7
G,0.9980145598941098,C,G351,G,1.0,C,6.5,-,-,-,-,-,-,-,-,-,-,-,-,-,-,TM6,0
I,0.5539021164021164,NC,V352,V,0.6164383561643836,NC,6.51,-,-,-,-,-,-,-,-,-,-,-,-,-,-,TM6,0
H,0.6635792259345021,NC,H353,H,1.0,C,6.52,-2,-,-,-,-,-2,-,-,-,-,1,-,0,-,TM6,4
Y,0.6142904399603043,NC,E354,E,0.9657534246575342,C,6.53,-3,-3,-3,-3,-3,-3,-,-3,-,-3,-4,-,-4,-3,TM6,11
-,0.0,NC,V355,V,0.952054794520548,C,6.54,1,-10,3,3,0,1,-,3,-,3,-,-10,-,3,TM6,10
-,0.0,NC,V356,V,0.9319727891156463,C,6.55,1,-,3,1,-,1,3,-,-,-,3,-,1,-10,TM6,8
F,0.9050611974859412,C,F357,F,0.9795918367346939,C,6.56,-,-,-,-,-,-,-,-,-,-,-,-,-10,-,TM6,1
-,0.0,NC,A358,A,0.9387755102040817,C,6.57,-3,-,-,-,-,-3,-,-1,-,0,-1,-10,-1,-2,TM6,8
-,0.0,NC,P359,P,0.6190476190476191,NC,6.58,-,-,-,-,-,-,-,-,-,-,-,-,-,-,TM6,0
-,0.0,NC,V360,V,0.7006802721088435,NC,6.59,-,-,-,-,-,-,-,-,-,-,-,-,-,-,TM6,0
P,0.7536472148541115,NC,T361,T,0.8356164383561644,NC,6.6,-,-,-,-,-,-,-,-,-,-,-,-,-,-,TM6,0
-,0.0,NC,-,-,0.0,NC,-,-,-,-,-,-,-,-,-,-,-,-,-,-,-,-,0
-,0.0,NC,-,-,0.0,NC,-,-,-,-,-,-,-,-,-,-,-,-,-,-,-,-,0
-,0.0,NC,E362,E,0.9178082191780822,C,6.61,1,-10,-,1,-,1,1,-3,1,0,-,1,-,1,TM6,10
-,0.0,NC,E363,E,0.9183673469387755,C,-,1,-10,1,-1,-1,-,-,-1,-,-10,-1,-,-3,-3,ECL3,10
-,0.0,NC,Q364,Q,0.8571428571428571,NC,-,-,-,-,-,-,-,-,-,-,-,-,-,-,-,ECL3,0
-,0.0,NC,A365,A,0.7278911564625851,NC,-,-,-,-,-,-,-,-,-,-,-,-,-,-,-,ECL3,0
-,0.0,NC,R366,R,0.5306122448979592,NC,-,-,-,-,-,-,-,-,-,-,-,-,-,-,-,ECL3,0
G,0.7931858936043037,NC,G367,G,0.9863945578231292,C,7.32,-10,-10,-,-10,-10,-10,-,-,-,-,-,-,-3,-10,TM7,7
-,0.0,NC,A368,-,0.0,NC,7.33,-,-,-,-,-,-,-,-,-,-,-,-,-,-,TM7,0
-,0.0,NC,L369,L,0.9178082191780822,C,7.34,-3,-10,-2,-10,-10,-3,-,-,-,-4,-10,-3,-10,-10,TM7,11
-,0.0,NC,R370,R,0.910958904109589,C,7.35,1,-10,-2,-10,2,-,-,-4,-,-4,-10,-,-10,-3,TM7,10
-,0.0,NC,F371,-,0.0,NC,7.36,-,-,-,-,-,-,-,-,-,-,-,-,-,-,TM7,0
-,0.0,NC,A372,A,0.5034013605442177,NC,7.37,-,-,-,-,-,-,-,-,-,-,-,-,-,-,TM7,0
-,0.0,NC,K373,K,0.7210884353741497,NC,7.38,-,-,-,-,-,-,-,-,-,-,-,-,-,-,TM7,0
-,0.0,NC,L374,L,0.9387755102040817,C,7.39,1,1,-,-,-,1,-,2,-,2,-5,-,-5,-,TM7,7
-,0.0,NC,G375,-,0.0,NC,7.4,-,-,-,-,-,-,-,-,-,-,-,-,-,-,TM7,0
F,0.5039735099337749,NC,F376,F,0.9251700680272109,C,7.41,-,-,-,-,-,-,-2,3,-,-3,-1,-1,-1,0,TM7,7
E,0.5168986083499006,NC,E377,E,0.8027210884353742,NC,7.42,-,-,-,-,-,-,-,-,-,-,-,-,-,-,TM7,0
L,0.5847121111846459,NC,I378,I,0.5986394557823129,NC,7.43,-,-,-,-,-,-,-,-,-,-,-,-,-,-,TM7,0
-,0.0,NC,F379,F,0.8904109589041096,NC,7.44,-,-,-,-,-,-,-,-,-,-,-,-,-,-,TM7,0
L,0.657606894265827,NC,L380,L,0.7465753424657534,NC,7.45,-,-,-,-,-,-,-,-,-,-,-,-,-,-,TM7,0
-,0.0,NC,S381,S,0.7054794520547946,NC,7.46,-,-,-,-,-,-,-,-,-,-,-,-,-,-,TM7,0
S,0.8386883073865519,NC,S382,S,0.9931506849315068,C,7.47,-,-,-,-,-,-,-,-,-,-,-1,-,-1,-,TM7,2
F,0.8639523336643495,NC,F383,F,0.9315068493150684,C,7.48,-,-,-,-,-,-,-,-,-,-,3,-,3,-,TM7,2
Q,0.949685534591195,C,Q384,Q,0.9931506849315068,C,7.49,-,-,-,-,-,-,-,-,-,-,-,1,-,-,TM7,1
G,0.9897854954034729,C,G385,G,0.9927536231884058,C,7.5,-,-,-,-,-,-,-,-,-,-,-,-,-,-,TM7,0
F,0.5939414567733152,NC,F386,F,0.5289855072463768,NC,7.51,-,-,-,-,-,-,-,-,-,-,-,-,-,-,TM7,0
-,0.0,NC,L387,L,0.8759124087591241,NC,7.52,-,-,-,-,-,-,-,-,-,-,-,-,-,-,TM7,0
V,0.9805924412665986,C,V388,V,0.9927007299270073,C,7.53,-,-,-,-,-,-,-,-,-,-,-,-,-,-,TM7,0
A,0.7105978260869565,NC,S389,S,0.7007299270072993,NC,7.54,-,-,-,-,-,-,-,-,-,-,-,-,-,-,TM7,0
-,0.0,NC,V390,V,0.635036496350365,NC,7.55,-,-,-,-,-,-,-,-,-,-,-,-,-,-,TM7,0
L,0.5295717199184229,NC,L391,L,0.9637681159420289,C,7.56,0,-,-,-,-,0,-,1,-,1,1,-,1,-,TM7,6
Y,0.8653519211152669,NC,Y392,Y,0.9855072463768116,C,7.57,-,-,-,-,-,-,-,-,-,-,3,-,3,-,TM7,2
C,0.9758749575263337,C,C393,C,0.9856115107913669,C,7.58,-,-,-,-,-,-,-,-,-,-,-,-,-,-,TM7,0
F,0.9371389738362216,C,F394,F,0.9784172661870504,C,7.59,-,-,-,-,-,-,-,-,-,3,-,-,-,-,TM7,1
-,0.0,NC,I395,I,0.65,NC,7.6,-,-,-,-,-,-,-,-,-,-,-,-,-,-,TM7,0
N,0.9819482288828338,C,N396,N,0.9714285714285714,C,8.47,-,-,-,-,-,-,-,-,-,-,-,-,-,-,H8,0
G,0.5814032697547684,NC,K397,K,0.9428571428571428,C,8.48,-2,-1,-2,-2,-2,-1,0,-2,-,-2,-2,-2,-2,1,H8,13
E,0.9806320081549439,C,E398,E,0.9645390070921985,C,8.49,-,-,-,-,-,-,-,-,-,-,-,-,-,-,H8,0
V,0.982573726541555,C,V399,V,0.972027972027972,C,8.5,-,-,-,-,-,-,-,-,-,-,-,-,-,-,H8,0
Q,0.7400539447066756,NC,Q400,Q,0.9,C,8.51,1,-,-,-,-,1,-,-,-,-,-,1,-,-,H8,3
-,0.0,NC,S401,S,0.7163120567375887,NC,8.52,-,-,-,-,-,-,-,-,-,-,-,-,-,-,H8,0
E,0.6762809636918901,NC,E402,E,0.9117647058823529,C,8.53,-1,-,-,-,-,-1,-,-,-,-,-1,-,-3,-,H8,4
-,0.0,NC,I403,I,0.8633093525179856,NC,8.54,-,-,-,-,-,-,-,-,-,-,-,-,-,-,H8,0
-,0.0,NC,R404,R,0.6956521739130435,NC,8.55,-,-,-,-,-,-,-,-,-,-,-,-,-,-,H8,0
-,0.0,NC,R405,R,0.6911764705882353,NC,8.56,-,-,-,-,-,-,-,-,-,-,-,-,-,-,H8,0
-,0.0,NC,G406,-,0.0,NC,8.57,-,-,-,-,-,-,-,-,-,-,-,-,-,-,H8,0
W,0.9691645751165292,C,W407,W,0.9621212121212122,C,8.58,-,-,-,-,-,-,-,-,-,-,-,-,-,-10,H8,1
-,0.0,NC,H408,H,0.549618320610687,NC,8.59,-,-,-,-,-,-,-,-,-,-,-,-,-,-,H8,0
R,0.5877732240437158,NC,H409,R,0.6717557251908397,NC,8.6,-,-,-,-,-,-,-,-,-,-,-,-,-,-,H8,0
W,0.6375128117526477,NC,C410,C,0.6439393939393939,NC,8.61,-,-,-,-,-,-,-,-,-,-,-,-,-,-,H8,0
-,0.0,NC,R411,R,0.6466165413533834,NC,8.62,-,-,-,-,-,-,-,-,-,-,-,-,-,-,H8,0
L,0.5832610581092801,NC,L412,L,0.9333333333333333,C,8.63,-10,-10,-,-,1,-10,-,-,-,-,-2,-,1,-10,H8,7
-,0.0,NC,-,-,0.0,NC,-,-,-,-,-,-,-,-,-,-,-,-,-,-,-,-,0
-,0.0,NC,R413,R,0.5639097744360902,NC,8.64,-,-,-,-,-,-,-,-,-,-,-,-,-,-,H8,0
-,0.0,NC,-,-,0.0,NC,-,-,-,-,-,-,-,-,-,-,-,-,-,-,-,-,0
-,0.0,NC,-,-,0.0,NC,-,-,-,-,-,-,-,-,-,-,-,-,-,-,-,-,0
-,0.0,NC,R414,-,0.0,NC,8.65,-,-,-,-,-,-,-,-,-,-,-,-,-,-,H8,0
-,0.0,NC,S415,S,0.6846153846153846,NC,8.66,-,-,-,-,-,-,-,-,-,-,-,-,-,-,H8,0
-,0.0,NC,L416,L,0.7076923076923077,NC,8.67,-,-,-,-,-,-,-,-,-,-,-,-,-,-,H8,0
-,0.0,NC,G417,-,0.0,NC,8.68,-,-,-,-,-,-,-,-,-,-,-,-,-,-,H8,0
-,0.0,NC,E418,E,0.6564885496183206,NC,8.69,-,-,-,-,-,-,-,-,-,-,-,-,-,-,H8,0
-,0.0,NC,E419,E,0.6165413533834586,NC,8.7,-,-,-,-,-,-,-,-,-,-,-,-,-,-,H8,0
-,0.0,NC,-,-,0.0,NC,-,-,-,-,-,-,-,-,-,-,-,-,-,-,-,-,0
-,0.0,NC,-,-,0.0,NC,-,-,-,-,-,-,-,-,-,-,-,-,-,-,-,-,0
-,0.0,NC,-,-,0.0,NC,-,-,-,-,-,-,-,-,-,-,-,-,-,-,-,-,0
-,0.0,NC,-,-,0.0,NC,-,-,-,-,-,-,-,-,-,-,-,-,-,-,-,-,0
-,0.0,NC,-,-,0.0,NC,-,-,-,-,-,-,-,-,-,-,-,-,-,-,-,-,0
-,0.0,NC,-,-,0.0,NC,-,-,-,-,-,-,-,-,-,-,-,-,-,-,-,-,0
-,0.0,NC,-,-,0.0,NC,-,-,-,-,-,-,-,-,-,-,-,-,-,-,-,-,0
-,0.0,NC,-,-,0.0,NC,-,-,-,-,-,-,-,-,-,-,-,-,-,-,-,-,0
-,0.0,NC,Q420,-,0.0,NC,8.71,-,-,-,-,-,-,-,-,-,-,-,-,-,-,H8,0
R,0.6095238095238096,NC,R421,R,0.7557251908396947,NC,8.72,-,-,-,-,-,-,-,-,-,-,-,-,-,-,H8,0
-,0.0,NC,-,-,0.0,NC,-,-,-,-,-,-,-,-,-,-,-,-,-,-,-,-,0
-,0.0,NC,-,-,0.0,NC,-,-,-,-,-,-,-,-,-,-,-,-,-,-,-,-,0
-,0.0,NC,-,-,0.0,NC,-,-,-,-,-,-,-,-,-,-,-,-,-,-,-,-,0
-,0.0,NC,-,-,0.0,NC,-,-,-,-,-,-,-,-,-,-,-,-,-,-,-,-,0
-,0.0,NC,-,-,0.0,NC,-,-,-,-,-,-,-,-,-,-,-,-,-,-,-,-,0
-,0.0,NC,Q422,Q,0.5338345864661654,NC,-,-,-,-,-,-,-,-,-,-,-,-,-,-,-,C-ter,0
-,0.0,NC,L423,-,0.0,NC,-,-,-,-,-,-,-,-,-,-,-,-,-,-,-,C-ter,0
-,0.0,NC,-,-,0.0,NC,-,-,-,-,-,-,-,-,-,-,-,-,-,-,-,-,0
-,0.0,NC,P424,P,0.5343511450381679,NC,-,-,-,-,-,-,-,-,-,-,-,-,-,-,-,C-ter,0
-,0.0,NC,-,-,0.0,NC,-,-,-,-,-,-,-,-,-,-,-,-,-,-,-,-,0
-,0.0,NC,-,-,0.0,NC,-,-,-,-,-,-,-,-,-,-,-,-,-,-,-,-,0
-,0.0,NC,-,-,0.0,NC,-,-,-,-,-,-,-,-,-,-,-,-,-,-,-,-,0
-,0.0,NC,-,-,0.0,NC,-,-,-,-,-,-,-,-,-,-,-,-,-,-,-,-,0
-,0.0,NC,-,-,0.0,NC,-,-,-,-,-,-,-,-,-,-,-,-,-,-,-,-,0
P,0.5123639960435212,NC,E425,E,0.556390977443609,NC,-,-,-,-,-,-,-,-,-,-,-,-,-,-,-,C-ter,0
-,0.0,NC,R426,-,0.0,NC,-,-,-,-,-,-,-,-,-,-,-,-,-,-,-,C-ter,0
-,0.0,NC,-,-,0.0,NC,-,-,-,-,-,-,-,-,-,-,-,-,-,-,-,-,0
-,0.0,NC,-,-,0.0,NC,-,-,-,-,-,-,-,-,-,-,-,-,-,-,-,-,0
-,0.0,NC,-,-,0.0,NC,-,-,-,-,-,-,-,-,-,-,-,-,-,-,-,-,0
-,0.0,NC,-,-,0.0,NC,-,-,-,-,-,-,-,-,-,-,-,-,-,-,-,-,0
-,0.0,NC,A427,-,0.0,NC,-,-,-,-,-,-,-,-,-,-,-,-,-,-,-,C-ter,0
-,0.0,NC,F428,-,0.0,NC,-,-,-,-,-,-,-,-,-,-,-,-,-,-,-,C-ter,0
-,0.0,NC,R429,-,0.0,NC,-,-,-,-,-,-,-,-,-,-,-,-,-,-,-,C-ter,0
-,0.0,NC,A430,-,0.0,NC,-,-,-,-,-,-,-,-,-,-,-,-,-,-,-,C-ter,0
-,0.0,NC,-,-,0.0,NC,-,-,-,-,-,-,-,-,-,-,-,-,-,-,-,-,0
-,0.0,NC,L431,L,0.5689655172413793,NC,-,-,-,-,-,-,-,-,-,-,-,-,-,-,-,C-ter,0
-,0.0,NC,-,-,0.0,NC,-,-,-,-,-,-,-,-,-,-,-,-,-,-,-,-,0
-,0.0,NC,-,-,0.0,NC,-,-,-,-,-,-,-,-,-,-,-,-,-,-,-,-,0
-,0.0,NC,-,-,0.0,NC,-,-,-,-,-,-,-,-,-,-,-,-,-,-,-,-,0
S,0.74812734082397,NC,-,-,0.0,NC,-,-,-,-,-,-,-,-,-,-,-,-,-,-,-,-,0
-,0.0,NC,-,-,0.0,NC,-,-,-,-,-,-,-,-,-,-,-,-,-,-,-,-,0
-,0.0,NC,-,-,0.0,NC,-,-,-,-,-,-,-,-,-,-,-,-,-,-,-,-,0
-,0.0,NC,-,-,0.0,NC,-,-,-,-,-,-,-,-,-,-,-,-,-,-,-,-,0
-,0.0,NC,-,-,0.0,NC,-,-,-,-,-,-,-,-,-,-,-,-,-,-,-,-,0
-,0.0,NC,-,-,0.0,NC,-,-,-,-,-,-,-,-,-,-,-,-,-,-,-,-,0
-,0.0,NC,-,-,0.0,NC,-,-,-,-,-,-,-,-,-,-,-,-,-,-,-,-,0
-,0.0,NC,-,-,0.0,NC,-,-,-,-,-,-,-,-,-,-,-,-,-,-,-,-,0
-,0.0,NC,-,-,0.0,NC,-,-,-,-,-,-,-,-,-,-,-,-,-,-,-,-,0
-,0.0,NC,-,-,0.0,NC,-,-,-,-,-,-,-,-,-,-,-,-,-,-,-,-,0
-,0.0,NC,-,-,0.0,NC,-,-,-,-,-,-,-,-,-,-,-,-,-,-,-,-,0
-,0.0,NC,-,-,0.0,NC,-,-,-,-,-,-,-,-,-,-,-,-,-,-,-,-,0
-,0.0,NC,-,-,0.0,NC,-,-,-,-,-,-,-,-,-,-,-,-,-,-,-,-,0
-,0.0,NC,-,-,0.0,NC,-,-,-,-,-,-,-,-,-,-,-,-,-,-,-,-,0
-,0.0,NC,-,-,0.0,NC,-,-,-,-,-,-,-,-,-,-,-,-,-,-,-,-,0
-,0.0,NC,-,-,0.0,NC,-,-,-,-,-,-,-,-,-,-,-,-,-,-,-,-,0
-,0.0,NC,-,-,0.0,NC,-,-,-,-,-,-,-,-,-,-,-,-,-,-,-,-,0
-,0.0,NC,-,-,0.0,NC,-,-,-,-,-,-,-,-,-,-,-,-,-,-,-,-,0
L,0.5905612244897959,NC,-,-,0.0,NC,-,-,-,-,-,-,-,-,-,-,-,-,-,-,-,-,0
-,0.0,NC,-,-,0.0,NC,-,-,-,-,-,-,-,-,-,-,-,-,-,-,-,-,0
-,0.0,NC,-,-,0.0,NC,-,-,-,-,-,-,-,-,-,-,-,-,-,-,-,-,0
-,0.0,NC,-,-,0.0,NC,-,-,-,-,-,-,-,-,-,-,-,-,-,-,-,-,0
-,0.0,NC,-,-,0.0,NC,-,-,-,-,-,-,-,-,-,-,-,-,-,-,-,-,0
-,0.0,NC,-,-,0.0,NC,-,-,-,-,-,-,-,-,-,-,-,-,-,-,-,-,0
-,0.0,NC,-,-,0.0,NC,-,-,-,-,-,-,-,-,-,-,-,-,-,-,-,-,0
-,0.0,NC,-,-,0.0,NC,-,-,-,-,-,-,-,-,-,-,-,-,-,-,-,-,0
-,0.0,NC,-,-,0.0,NC,-,-,-,-,-,-,-,-,-,-,-,-,-,-,-,-,0
-,0.0,NC,-,-,0.0,NC,-,-,-,-,-,-,-,-,-,-,-,-,-,-,-,-,0
-,0.0,NC,-,-,0.0,NC,-,-,-,-,-,-,-,-,-,-,-,-,-,-,-,-,0
-,0.0,NC,-,-,0.0,NC,-,-,-,-,-,-,-,-,-,-,-,-,-,-,-,-,0
-,0.0,NC,-,-,0.0,NC,-,-,-,-,-,-,-,-,-,-,-,-,-,-,-,-,0
-,0.0,NC,P432,P,0.6551724137931034,NC,-,-,-,-,-,-,-,-,-,-,-,-,-,-,-,C-ter,0
-,0.0,NC,-,-,0.0,NC,-,-,-,-,-,-,-,-,-,-,-,-,-,-,-,-,0
-,0.0,NC,-,-,0.0,NC,-,-,-,-,-,-,-,-,-,-,-,-,-,-,-,-,0
-,0.0,NC,-,-,0.0,NC,-,-,-,-,-,-,-,-,-,-,-,-,-,-,-,-,0
-,0.0,NC,S433,S,0.6551724137931034,NC,-,-,-,-,-,-,-,-,-,-,-,-,-,-,-,C-ter,0
-,0.0,NC,-,-,0.0,NC,-,-,-,-,-,-,-,-,-,-,-,-,-,-,-,-,0
-,0.0,NC,-,-,0.0,NC,-,-,-,-,-,-,-,-,-,-,-,-,-,-,-,-,0
-,0.0,NC,-,-,0.0,NC,-,-,-,-,-,-,-,-,-,-,-,-,-,-,-,-,0
-,0.0,NC,-,-,0.0,NC,-,-,-,-,-,-,-,-,-,-,-,-,-,-,-,-,0
-,0.0,NC,-,-,0.0,NC,-,-,-,-,-,-,-,-,-,-,-,-,-,-,-,-,0
-,0.0,NC,-,-,0.0,NC,-,-,-,-,-,-,-,-,-,-,-,-,-,-,-,-,0
-,0.0,NC,-,-,0.0,NC,-,-,-,-,-,-,-,-,-,-,-,-,-,-,-,-,0
-,0.0,NC,-,-,0.0,NC,-,-,-,-,-,-,-,-,-,-,-,-,-,-,-,-,0
-,0.0,NC,G434,G,0.5378151260504201,NC,-,-,-,-,-,-,-,-,-,-,-,-,-,-,-,C-ter,0
-,0.0,NC,-,-,0.0,NC,-,-,-,-,-,-,-,-,-,-,-,-,-,-,-,-,0
-,0.0,NC,S435,S,0.7704918032786885,NC,-,-,-,-,-,-,-,-,-,-,-,-,-,-,-,C-ter,0
G,0.7981651376146789,NC,G436,G,0.7394957983193278,NC,-,-,-,-,-,-,-,-,-,-,-,-,-,-,-,C-ter,0
-,0.0,NC,-,-,0.0,NC,-,-,-,-,-,-,-,-,-,-,-,-,-,-,-,-,0
-,0.0,NC,P437,P,0.8404255319148937,NC,-,-,-,-,-,-,-,-,-,-,-,-,-,-,-,C-ter,0
-,0.0,NC,-,-,0.0,NC,-,-,-,-,-,-,-,-,-,-,-,-,-,-,-,-,0
-,0.0,NC,-,-,0.0,NC,-,-,-,-,-,-,-,-,-,-,-,-,-,-,-,-,0
-,0.0,NC,-,-,0.0,NC,-,-,-,-,-,-,-,-,-,-,-,-,-,-,-,-,0
-,0.0,NC,-,-,0.0,NC,-,-,-,-,-,-,-,-,-,-,-,-,-,-,-,-,0
-,0.0,NC,-,-,0.0,NC,-,-,-,-,-,-,-,-,-,-,-,-,-,-,-,-,0
-,0.0,NC,-,-,0.0,NC,-,-,-,-,-,-,-,-,-,-,-,-,-,-,-,-,0
-,0.0,NC,-,-,0.0,NC,-,-,-,-,-,-,-,-,-,-,-,-,-,-,-,-,0
-,0.0,NC,-,-,0.0,NC,-,-,-,-,-,-,-,-,-,-,-,-,-,-,-,-,0
-,0.0,NC,-,-,0.0,NC,-,-,-,-,-,-,-,-,-,-,-,-,-,-,-,-,0
-,0.0,NC,-,-,0.0,NC,-,-,-,-,-,-,-,-,-,-,-,-,-,-,-,-,0
-,0.0,NC,-,-,0.0,NC,-,-,-,-,-,-,-,-,-,-,-,-,-,-,-,-,0
-,0.0,NC,-,-,0.0,NC,-,-,-,-,-,-,-,-,-,-,-,-,-,-,-,-,0
-,0.0,NC,-,-,0.0,NC,-,-,-,-,-,-,-,-,-,-,-,-,-,-,-,-,0
-,0.0,NC,-,-,0.0,NC,-,-,-,-,-,-,-,-,-,-,-,-,-,-,-,-,0
-,0.0,NC,-,-,0.0,NC,-,-,-,-,-,-,-,-,-,-,-,-,-,-,-,-,0
S,0.5689823874755382,NC,-,-,0.0,NC,-,-,-,-,-,-,-,-,-,-,-,-,-,-,-,-,0
-,0.0,NC,-,-,0.0,NC,-,-,-,-,-,-,-,-,-,-,-,-,-,-,-,-,0
-,0.0,NC,-,-,0.0,NC,-,-,-,-,-,-,-,-,-,-,-,-,-,-,-,-,0
-,0.0,NC,-,-,0.0,NC,-,-,-,-,-,-,-,-,-,-,-,-,-,-,-,-,0
-,0.0,NC,G438,-,0.0,NC,-,-,-,-,-,-,-,-,-,-,-,-,-,-,-,C-ter,0
-,0.0,NC,E439,-,0.0,NC,-,-,-,-,-,-,-,-,-,-,-,-,-,-,-,C-ter,0
-,0.0,NC,V440,V,0.6166666666666667,NC,-,-,-,-,-,-,-,-,-,-,-,-,-,-,-,C-ter,0
-,0.0,NC,P441,A,0.5274725274725275,NC,-,-,-,-,-,-,-,-,-,-,-,-,-,-,-,C-ter,0
S,0.7429028388644542,NC,T442,-,0.0,NC,-,-,-,-,-,-,-,-,-,-,-,-,-,-,-,C-ter,0
-,0.0,NC,-,-,0.0,NC,-,-,-,-,-,-,-,-,-,-,-,-,-,-,-,-,0
P,0.5084449621432732,NC,S443,-,0.0,NC,-,-,-,-,-,-,-,-,-,-,-,-,-,-,-,C-ter,0
-,0.0,NC,R444,R,0.6694214876033058,NC,-,-,-,-,-,-,-,-,-,-,-,-,-,-,-,C-ter,0
-,0.0,NC,-,-,0.0,NC,-,-,-,-,-,-,-,-,-,-,-,-,-,-,-,-,0
-,0.0,NC,-,-,0.0,NC,-,-,-,-,-,-,-,-,-,-,-,-,-,-,-,-,0
-,0.0,NC,-,-,0.0,NC,-,-,-,-,-,-,-,-,-,-,-,-,-,-,-,-,0
-,0.0,NC,-,-,0.0,NC,-,-,-,-,-,-,-,-,-,-,-,-,-,-,-,-,0
-,0.0,NC,-,-,0.0,NC,-,-,-,-,-,-,-,-,-,-,-,-,-,-,-,-,0
-,0.0,NC,-,-,0.0,NC,-,-,-,-,-,-,-,-,-,-,-,-,-,-,-,-,0
-,0.0,NC,-,-,0.0,NC,-,-,-,-,-,-,-,-,-,-,-,-,-,-,-,-,0
-,0.0,NC,-,-,0.0,NC,-,-,-,-,-,-,-,-,-,-,-,-,-,-,-,-,0
-,0.0,NC,-,-,0.0,NC,-,-,-,-,-,-,-,-,-,-,-,-,-,-,-,-,0
-,0.0,NC,-,-,0.0,NC,-,-,-,-,-,-,-,-,-,-,-,-,-,-,-,-,0
-,0.0,NC,-,-,0.0,NC,-,-,-,-,-,-,-,-,-,-,-,-,-,-,-,-,0
-,0.0,NC,-,-,0.0,NC,-,-,-,-,-,-,-,-,-,-,-,-,-,-,-,-,0
-,0.0,NC,-,-,0.0,NC,-,-,-,-,-,-,-,-,-,-,-,-,-,-,-,-,0
-,0.0,NC,-,-,0.0,NC,-,-,-,-,-,-,-,-,-,-,-,-,-,-,-,-,0
-,0.0,NC,-,-,0.0,NC,-,-,-,-,-,-,-,-,-,-,-,-,-,-,-,-,0
-,0.0,NC,-,-,0.0,NC,-,-,-,-,-,-,-,-,-,-,-,-,-,-,-,-,0
-,0.0,NC,-,-,0.0,NC,-,-,-,-,-,-,-,-,-,-,-,-,-,-,-,-,0
-,0.0,NC,G445,-,0.0,NC,-,-,-,-,-,-,-,-,-,-,-,-,-,-,-,C-ter,0
-,0.0,NC,-,-,0.0,NC,-,-,-,-,-,-,-,-,-,-,-,-,-,-,-,-,0
-,0.0,NC,L446,L,0.5454545454545454,NC,-,-,-,-,-,-,-,-,-,-,-,-,-,-,-,C-ter,0
-,0.0,NC,-,-,0.0,NC,-,-,-,-,-,-,-,-,-,-,-,-,-,-,-,-,0
-,0.0,NC,S447,-,0.0,NC,-,-,-,-,-,-,-,-,-,-,-,-,-,-,-,C-ter,0
-,0.0,NC,-,-,0.0,NC,-,-,-,-,-,-,-,-,-,-,-,-,-,-,-,-,0
-,0.0,NC,S448,S,0.5206611570247934,NC,-,-,-,-,-,-,-,-,-,-,-,-,-,-,-,C-ter,0
-,0.0,NC,G449,G,0.5338983050847458,NC,-,-,-,-,-,-,-,-,-,-,-,-,-,-,-,C-ter,0
-,0.0,NC,T450,T,0.5338983050847458,NC,-,-,-,-,-,-,-,-,-,-,-,-,-,-,-,C-ter,0
-,0.0,NC,L451,L,0.9224137931034483,C,-,-10,-10,-10,-10,-10,-10,-10,-4,-10,-4,-10,-10,-10,-10,C-ter,14
-,0.0,NC,P452,P,0.6724137931034483,NC,-,-,-,-,-,-,-,-,-,-,-,-,-,-,-,C-ter,0
-,0.0,NC,-,-,0.0,NC,-,-,-,-,-,-,-,-,-,-,-,-,-,-,-,-,0
-,0.0,NC,-,-,0.0,NC,-,-,-,-,-,-,-,-,-,-,-,-,-,-,-,-,0
-,0.0,NC,G453,G,0.7796610169491526,NC,-,-,-,-,-,-,-,-,-,-,-,-,-,-,-,C-ter,0
-,0.0,NC,P454,P,0.6583333333333333,NC,-,-,-,-,-,-,-,-,-,-,-,-,-,-,-,C-ter,0
-,0.0,NC,G455,G,0.788135593220339,NC,-,-,-,-,-,-,-,-,-,-,-,-,-,-,-,C-ter,0
-,0.0,NC,N456,-,0.0,NC,-,-,-,-,-,-,-,-,-,-,-,-,-,-,-,C-ter,0
-,0.0,NC,E457,E,0.7155172413793104,NC,-,-,-,-,-,-,-,-,-,-,-,-,-,-,-,C-ter,0
-,0.0,NC,A458,A,0.7619047619047619,NC,-,-,-,-,-,-,-,-,-,-,-,-,-,-,-,C-ter,0
-,0.0,NC,S459,S,0.5145631067961165,NC,-,-,-,-,-,-,-,-,-,-,-,-,-,-,-,C-ter,0
-,0.0,NC,R460,R,0.5145631067961165,NC,-,-,-,-,-,-,-,-,-,-,-,-,-,-,-,C-ter,0
-,0.0,NC,-,-,0.0,NC,-,-,-,-,-,-,-,-,-,-,-,-,-,-,-,-,0
-,0.0,NC,E461,V,0.5862068965517241,NC,-,-,-,-,-,-,-,-,-,-,-,-,-,-,-,C-ter,0
-,0.0,NC,L462,L,0.6929824561403509,NC,-,-,-,-,-,-,-,-,-,-,-,-,-,-,-,C-ter,0
-,0.0,NC,-,-,0.0,NC,-,-,-,-,-,-,-,-,-,-,-,-,-,-,-,-,0
-,0.0,NC,-,-,0.0,NC,-,-,-,-,-,-,-,-,-,-,-,-,-,-,-,-,0
-,0.0,NC,-,-,0.0,NC,-,-,-,-,-,-,-,-,-,-,-,-,-,-,-,-,0
-,0.0,NC,-,-,0.0,NC,-,-,-,-,-,-,-,-,-,-,-,-,-,-,-,-,0
-,0.0,NC,-,-,0.0,NC,-,-,-,-,-,-,-,-,-,-,-,-,-,-,-,-,0
-,0.0,NC,-,-,0.0,NC,-,-,-,-,-,-,-,-,-,-,-,-,-,-,-,-,0
-,0.0,NC,-,-,0.0,NC,-,-,-,-,-,-,-,-,-,-,-,-,-,-,-,-,0
-,0.0,NC,-,-,0.0,NC,-,-,-,-,-,-,-,-,-,-,-,-,-,-,-,-,0
E,0.5042926465098917,NC,E463,E,0.9568965517241379,C,-,2,-,-1,-,-,2,-10,-,-,-,-,-,1,-10,C-ter,6
-,0.0,NC,S464,S,0.9401709401709402,C,-,1,1,-10,-10,0,-,-,0,-,-10,1,-,-3,1,C-ter,10
-,0.0,NC,Y465,Y,0.8173913043478261,NC,-,-,-,-,-,-,-,-,-,-,-,-,-,-,-,C-ter,0
-,0.0,NC,-,-,0.0,NC,-,-,-,-,-,-,-,-,-,-,-,-,-,-,-,-,0
-,0.0,NC,C466,C,1.0,C,-,-1,-10,-10,-10,-10,-1,-,-10,-10,-10,-2,-10,-3,-10,C-ter,13
-,0.0,NC,-,-,0.0,NC,-,-,-,-,-,-,-,-,-,-,-,-,-,-,-,-,0
-,0.0,NC,-,-,0.0,NC,-,-,-,-,-,-,-,-,-,-,-,-,-,-,-,-,0
-,0.0,NC,-,-,0.0,NC,-,-,-,-,-,-,-,-,-,-,-,-,-,-,-,-,0
-,0.0,NC,-,-,0.0,NC,-,-,-,-,-,-,-,-,-,-,-,-,-,-,-,-,0
