global_residue,global_frequency,global_status,glp1r_seq,glp1r_residue,glp1r_frequency,glp1r_status,Wootten,crfr2_blosum80,vipr2_blosum80,sctr_blosum80,vipr1_blosum80,pacr_blosum80,crfr1_blosum80,pth1r_blosum80,gcgr_blosum80,pth2r_blosum80,calcr_blosum80,glp2r_blosum80,calrl_blosum80,gipr_blosum80,ghrhr_blosum80,Domain,count
M,0.8711590296495957,NC,M1,M,0.7613636363636364,NC,-,-,-,-,-,-,-,-,-,-,-,-,-,-,-,N-ter,0
-,0.0,NC,A2,A,0.625,NC,-,-,-,-,-,-,-,-,-,-,-,-,-,-,-,N-ter,0
-,0.0,NC,-,-,0.0,NC,-,-,-,-,-,-,-,-,-,-,-,-,-,-,-,-,0
-,0.0,NC,-,-,0.0,NC,-,-,-,-,-,-,-,-,-,-,-,-,-,-,-,-,0
-,0.0,NC,-,-,0.0,NC,-,-,-,-,-,-,-,-,-,-,-,-,-,-,-,-,0
-,0.0,NC,-,-,0.0,NC,-,-,-,-,-,-,-,-,-,-,-,-,-,-,-,-,0
-,0.0,NC,-,-,0.0,NC,-,-,-,-,-,-,-,-,-,-,-,-,-,-,-,-,0
-,0.0,NC,-,-,0.0,NC,-,-,-,-,-,-,-,-,-,-,-,-,-,-,-,-,0
-,0.0,NC,-,-,0.0,NC,-,-,-,-,-,-,-,-,-,-,-,-,-,-,-,-,0
-,0.0,NC,-,-,0.0,NC,-,-,-,-,-,-,-,-,-,-,-,-,-,-,-,-,0
-,0.0,NC,G3,G,0.5294117647058824,NC,-,-,-,-,-,-,-,-,-,-,-,-,-,-,-,N-ter,0
-,0.0,NC,A4,-,0.0,NC,-,-,-,-,-,-,-,-,-,-,-,-,-,-,-,N-ter,0
-,0.0,NC,-,-,0.0,NC,-,-,-,-,-,-,-,-,-,-,-,-,-,-,-,-,0
-,0.0,NC,-,-,0.0,NC,-,-,-,-,-,-,-,-,-,-,-,-,-,-,-,-,0
-,0.0,NC,-,-,0.0,NC,-,-,-,-,-,-,-,-,-,-,-,-,-,-,-,-,0
-,0.0,NC,-,-,0.0,NC,-,-,-,-,-,-,-,-,-,-,-,-,-,-,-,-,0
-,0.0,NC,-,-,0.0,NC,-,-,-,-,-,-,-,-,-,-,-,-,-,-,-,-,0
-,0.0,NC,-,-,0.0,NC,-,-,-,-,-,-,-,-,-,-,-,-,-,-,-,-,0
-,0.0,NC,-,-,0.0,NC,-,-,-,-,-,-,-,-,-,-,-,-,-,-,-,-,0
-,0.0,NC,-,-,0.0,NC,-,-,-,-,-,-,-,-,-,-,-,-,-,-,-,-,0
-,0.0,NC,-,-,0.0,NC,-,-,-,-,-,-,-,-,-,-,-,-,-,-,-,-,0
-,0.0,NC,-,-,0.0,NC,-,-,-,-,-,-,-,-,-,-,-,-,-,-,-,-,0
-,0.0,NC,-,-,0.0,NC,-,-,-,-,-,-,-,-,-,-,-,-,-,-,-,-,0
-,0.0,NC,-,-,0.0,NC,-,-,-,-,-,-,-,-,-,-,-,-,-,-,-,-,0
-,0.0,NC,-,-,0.0,NC,-,-,-,-,-,-,-,-,-,-,-,-,-,-,-,-,0
-,0.0,NC,-,-,0.0,NC,-,-,-,-,-,-,-,-,-,-,-,-,-,-,-,-,0
-,0.0,NC,P5,P,0.8604651162790697,NC,-,-,-,-,-,-,-,-,-,-,-,-,-,-,-,N-ter,0
-,0.0,NC,-,-,0.0,NC,-,-,-,-,-,-,-,-,-,-,-,-,-,-,-,-,0
-,0.0,NC,-,-,0.0,NC,-,-,-,-,-,-,-,-,-,-,-,-,-,-,-,-,0
-,0.0,NC,-,-,0.0,NC,-,-,-,-,-,-,-,-,-,-,-,-,-,-,-,-,0
-,0.0,NC,-,-,0.0,NC,-,-,-,-,-,-,-,-,-,-,-,-,-,-,-,-,0
-,0.0,NC,-,-,0.0,NC,-,-,-,-,-,-,-,-,-,-,-,-,-,-,-,-,0
-,0.0,NC,-,-,0.0,NC,-,-,-,-,-,-,-,-,-,-,-,-,-,-,-,-,0
-,0.0,NC,-,-,0.0,NC,-,-,-,-,-,-,-,-,-,-,-,-,-,-,-,-,0
-,0.0,NC,-,-,0.0,NC,-,-,-,-,-,-,-,-,-,-,-,-,-,-,-,-,0
-,0.0,NC,-,-,0.0,NC,-,-,-,-,-,-,-,-,-,-,-,-,-,-,-,-,0
-,0.0,NC,-,-,0.0,NC,-,-,-,-,-,-,-,-,-,-,-,-,-,-,-,-,0
-,0.0,NC,-,-,0.0,NC,-,-,-,-,-,-,-,-,-,-,-,-,-,-,-,-,0
-,0.0,NC,-,-,0.0,NC,-,-,-,-,-,-,-,-,-,-,-,-,-,-,-,-,0
-,0.0,NC,-,-,0.0,NC,-,-,-,-,-,-,-,-,-,-,-,-,-,-,-,-,0
-,0.0,NC,-,-,0.0,NC,-,-,-,-,-,-,-,-,-,-,-,-,-,-,-,-,0
-,0.0,NC,-,-,0.0,NC,-,-,-,-,-,-,-,-,-,-,-,-,-,-,-,-,0
-,0.0,NC,-,-,0.0,NC,-,-,-,-,-,-,-,-,-,-,-,-,-,-,-,-,0
-,0.0,NC,-,-,0.0,NC,-,-,-,-,-,-,-,-,-,-,-,-,-,-,-,-,0
-,0.0,NC,-,-,0.0,NC,-,-,-,-,-,-,-,-,-,-,-,-,-,-,-,-,0
-,0.0,NC,-,-,0.0,NC,-,-,-,-,-,-,-,-,-,-,-,-,-,-,-,-,0
-,0.0,NC,-,-,0.0,NC,-,-,-,-,-,-,-,-,-,-,-,-,-,-,-,-,0
-,0.0,NC,-,-,0.0,NC,-,-,-,-,-,-,-,-,-,-,-,-,-,-,-,-,0
-,0.0,NC,-,-,0.0,NC,-,-,-,-,-,-,-,-,-,-,-,-,-,-,-,-,0
-,0.0,NC,-,-,0.0,NC,-,-,-,-,-,-,-,-,-,-,-,-,-,-,-,-,0
-,0.0,NC,-,-,0.0,NC,-,-,-,-,-,-,-,-,-,-,-,-,-,-,-,-,0
-,0.0,NC,-,-,0.0,NC,-,-,-,-,-,-,-,-,-,-,-,-,-,-,-,-,0
-,0.0,NC,-,-,0.0,NC,-,-,-,-,-,-,-,-,-,-,-,-,-,-,-,-,0
-,0.0,NC,-,-,0.0,NC,-,-,-,-,-,-,-,-,-,-,-,-,-,-,-,-,0
-,0.0,NC,G6,-,0.0,NC,-,-,-,-,-,-,-,-,-,-,-,-,-,-,-,N-ter,0
-,0.0,NC,-,-,0.0,NC,-,-,-,-,-,-,-,-,-,-,-,-,-,-,-,-,0
-,0.0,NC,-,-,0.0,NC,-,-,-,-,-,-,-,-,-,-,-,-,-,-,-,-,0
-,0.0,NC,-,-,0.0,NC,-,-,-,-,-,-,-,-,-,-,-,-,-,-,-,-,0
-,0.0,NC,-,-,0.0,NC,-,-,-,-,-,-,-,-,-,-,-,-,-,-,-,-,0
-,0.0,NC,-,-,0.0,NC,-,-,-,-,-,-,-,-,-,-,-,-,-,-,-,-,0
-,0.0,NC,P7,P,0.788235294117647,NC,-,-,-,-,-,-,-,-,-,-,-,-,-,-,-,N-ter,0
-,0.0,NC,-,-,0.0,NC,-,-,-,-,-,-,-,-,-,-,-,-,-,-,-,-,0
-,0.0,NC,-,-,0.0,NC,-,-,-,-,-,-,-,-,-,-,-,-,-,-,-,-,0
-,0.0,NC,-,-,0.0,NC,-,-,-,-,-,-,-,-,-,-,-,-,-,-,-,-,0
-,0.0,NC,L8,L,0.7349397590361446,NC,-,-,-,-,-,-,-,-,-,-,-,-,-,-,-,N-ter,0
-,0.0,NC,R9,R,0.6075949367088608,NC,-,-,-,-,-,-,-,-,-,-,-,-,-,-,-,N-ter,0
-,0.0,NC,L10,L,0.7777777777777778,NC,-,-,-,-,-,-,-,-,-,-,-,-,-,-,-,N-ter,0
-,0.0,NC,-,-,0.0,NC,-,-,-,-,-,-,-,-,-,-,-,-,-,-,-,-,0
-,0.0,NC,-,-,0.0,NC,-,-,-,-,-,-,-,-,-,-,-,-,-,-,-,-,0
-,0.0,NC,-,-,0.0,NC,-,-,-,-,-,-,-,-,-,-,-,-,-,-,-,-,0
-,0.0,NC,-,-,0.0,NC,-,-,-,-,-,-,-,-,-,-,-,-,-,-,-,-,0
-,0.0,NC,-,-,0.0,NC,-,-,-,-,-,-,-,-,-,-,-,-,-,-,-,-,0
-,0.0,NC,-,-,0.0,NC,-,-,-,-,-,-,-,-,-,-,-,-,-,-,-,-,0
-,0.0,NC,-,-,0.0,NC,-,-,-,-,-,-,-,-,-,-,-,-,-,-,-,-,0
-,0.0,NC,A11,A,0.6404494382022472,NC,-,-,-,-,-,-,-,-,-,-,-,-,-,-,-,N-ter,0
-,0.0,NC,-,-,0.0,NC,-,-,-,-,-,-,-,-,-,-,-,-,-,-,-,-,0
-,0.0,NC,-,-,0.0,NC,-,-,-,-,-,-,-,-,-,-,-,-,-,-,-,-,0
-,0.0,NC,-,-,0.0,NC,-,-,-,-,-,-,-,-,-,-,-,-,-,-,-,-,0
-,0.0,NC,-,-,0.0,NC,-,-,-,-,-,-,-,-,-,-,-,-,-,-,-,-,0
-,0.0,NC,-,-,0.0,NC,-,-,-,-,-,-,-,-,-,-,-,-,-,-,-,-,0
-,0.0,NC,-,-,0.0,NC,-,-,-,-,-,-,-,-,-,-,-,-,-,-,-,-,0
-,0.0,NC,-,-,0.0,NC,-,-,-,-,-,-,-,-,-,-,-,-,-,-,-,-,0
L,0.5614117647058824,NC,L12,L,0.7391304347826086,NC,-,-,-,-,-,-,-,-,-,-,-,-,-,-,-,N-ter,0
L,0.5155096011816839,NC,L13,L,0.7340425531914894,NC,-,-,-,-,-,-,-,-,-,-,-,-,-,-,-,N-ter,0
-,0.0,NC,-,-,0.0,NC,-,-,-,-,-,-,-,-,-,-,-,-,-,-,-,-,0
-,0.0,NC,-,-,0.0,NC,-,-,-,-,-,-,-,-,-,-,-,-,-,-,-,-,0
-,0.0,NC,-,-,0.0,NC,-,-,-,-,-,-,-,-,-,-,-,-,-,-,-,-,0
-,0.0,NC,L14,L,0.8043478260869565,NC,-,-,-,-,-,-,-,-,-,-,-,-,-,-,-,N-ter,0
-,0.0,NC,-,-,0.0,NC,-,-,-,-,-,-,-,-,-,-,-,-,-,-,-,-,0
-,0.0,NC,-,-,0.0,NC,-,-,-,-,-,-,-,-,-,-,-,-,-,-,-,-,0
-,0.0,NC,-,-,0.0,NC,-,-,-,-,-,-,-,-,-,-,-,-,-,-,-,-,0
-,0.0,NC,-,-,0.0,NC,-,-,-,-,-,-,-,-,-,-,-,-,-,-,-,-,0
-,0.0,NC,-,-,0.0,NC,-,-,-,-,-,-,-,-,-,-,-,-,-,-,-,-,0
-,0.0,NC,-,-,0.0,NC,-,-,-,-,-,-,-,-,-,-,-,-,-,-,-,-,0
L,0.7147087857847977,NC,L15,L,0.7849462365591398,NC,-,-,-,-,-,-,-,-,-,-,-,-,-,-,-,N-ter,0
-,0.0,NC,G16,G,0.7282608695652174,NC,-,-,-,-,-,-,-,-,-,-,-,-,-,-,-,N-ter,0
-,0.0,NC,-,-,0.0,NC,-,-,-,-,-,-,-,-,-,-,-,-,-,-,-,-,0
-,0.0,NC,-,-,0.0,NC,-,-,-,-,-,-,-,-,-,-,-,-,-,-,-,-,0
-,0.0,NC,-,-,0.0,NC,-,-,-,-,-,-,-,-,-,-,-,-,-,-,-,-,0
-,0.0,NC,M17,A,0.5376344086021505,NC,-,-,-,-,-,-,-,-,-,-,-,-,-,-,-,N-ter,0
-,0.0,NC,-,-,0.0,NC,-,-,-,-,-,-,-,-,-,-,-,-,-,-,-,-,0
-,0.0,NC,V18,V,0.648936170212766,NC,-,-,-,-,-,-,-,-,-,-,-,-,-,-,-,N-ter,0
-,0.0,NC,G19,G,0.7204301075268817,NC,-,-,-,-,-,-,-,-,-,-,-,-,-,-,-,N-ter,0
-,0.0,NC,R20,R,0.7065217391304348,NC,-,-,-,-,-,-,-,-,-,-,-,-,-,-,-,N-ter,0
-,0.0,NC,A21,A,0.6666666666666666,NC,-,-,-,-,-,-,-,-,-,-,-,-,-,-,-,N-ter,0
-,0.0,NC,G22,G,0.6774193548387096,NC,-,-,-,-,-,-,-,-,-,-,-,-,-,-,-,N-ter,0
-,0.0,NC,P23,P,0.8247422680412371,NC,-,-,-,-,-,-,-,-,-,-,-,-,-,-,-,N-ter,0
-,0.0,NC,-,-,0.0,NC,-,-,-,-,-,-,-,-,-,-,-,-,-,-,-,-,0
-,0.0,NC,R24,R,0.6078431372549019,NC,-,-,-,-,-,-,-,-,-,-,-,-,-,-,-,N-ter,0
-,0.0,NC,P25,P,0.6481481481481481,NC,-,-,-,-,-,-,-,-,-,-,-,-,-,-,-,N-ter,0
-,0.0,NC,Q26,Q,0.813953488372093,NC,-,-,-,-,-,-,-,-,-,-,-,-,-,-,-,N-ter,0
-,0.0,NC,G27,G,0.664179104477612,NC,-,-,-,-,-,-,-,-,-,-,-,-,-,-,-,N-ter,0
-,0.0,NC,-,-,0.0,NC,-,-,-,-,-,-,-,-,-,-,-,-,-,-,-,-,0
-,0.0,NC,-,-,0.0,NC,-,-,-,-,-,-,-,-,-,-,-,-,-,-,-,-,0
-,0.0,NC,-,-,0.0,NC,-,-,-,-,-,-,-,-,-,-,-,-,-,-,-,-,0
-,0.0,NC,-,-,0.0,NC,-,-,-,-,-,-,-,-,-,-,-,-,-,-,-,-,0
-,0.0,NC,-,-,0.0,NC,-,-,-,-,-,-,-,-,-,-,-,-,-,-,-,-,0
-,0.0,NC,-,-,0.0,NC,-,-,-,-,-,-,-,-,-,-,-,-,-,-,-,-,0
-,0.0,NC,-,-,0.0,NC,-,-,-,-,-,-,-,-,-,-,-,-,-,-,-,-,0
-,0.0,NC,A28,A,0.6567164179104478,NC,-,-,-,-,-,-,-,-,-,-,-,-,-,-,-,N-ter,0
-,0.0,NC,-,-,0.0,NC,-,-,-,-,-,-,-,-,-,-,-,-,-,-,-,-,0
-,0.0,NC,-,-,0.0,NC,-,-,-,-,-,-,-,-,-,-,-,-,-,-,-,-,0
-,0.0,NC,T29,T,0.5777777777777777,NC,-,-,-,-,-,-,-,-,-,-,-,-,-,-,-,N-ter,0
-,0.0,NC,V30,V,0.6518518518518519,NC,-,-,-,-,-,-,-,-,-,-,-,-,-,-,-,N-ter,0
-,0.0,NC,-,-,0.0,NC,-,-,-,-,-,-,-,-,-,-,-,-,-,-,-,-,0
-,0.0,NC,-,-,0.0,NC,-,-,-,-,-,-,-,-,-,-,-,-,-,-,-,-,0
-,0.0,NC,S31,S,0.9779411764705882,C,-,-10,-10,-10,-10,-10,-10,-2,-2,1,-,-3,-10,1,-10,N-ter,13
-,0.0,NC,-,-,0.0,NC,-,-,-,-,-,-,-,-,-,-,-,-,-,-,-,-,0
-,0.0,NC,-,-,0.0,NC,-,-,-,-,-,-,-,-,-,-,-,-,-,-,-,-,0
-,0.0,NC,-,-,0.0,NC,-,-,-,-,-,-,-,-,-,-,-,-,-,-,-,-,0
-,0.0,NC,L32,L,0.9191176470588235,C,-,-10,-10,-10,-10,2,-,-10,2,1,-10,-,-10,-2,1,N-ter,12
-,0.0,NC,W33,S,0.7573529411764706,NC,-,-,-,-,-,-,-,-,-,-,-,-,-,-,-,N-ter,0
-,0.0,NC,-,-,0.0,NC,-,-,-,-,-,-,-,-,-,-,-,-,-,-,-,-,0
-,0.0,NC,-,-,0.0,NC,-,-,-,-,-,-,-,-,-,-,-,-,-,-,-,-,0
-,0.0,NC,-,-,0.0,NC,-,-,-,-,-,-,-,-,-,-,-,-,-,-,-,-,0
-,0.0,NC,-,-,0.0,NC,-,-,-,-,-,-,-,-,-,-,-,-,-,-,-,-,0
-,0.0,NC,-,-,0.0,NC,-,-,-,-,-,-,-,-,-,-,-,-,-,-,-,-,0
-,0.0,NC,E34,E,0.7132352941176471,NC,-,-,-,-,-,-,-,-,-,-,-,-,-,-,-,N-ter,0
-,0.0,NC,T35,T,0.6715328467153284,NC,-,-,-,-,-,-,-,-,-,-,-,-,-,-,-,N-ter,0
-,0.0,NC,-,-,0.0,NC,-,-,-,-,-,-,-,-,-,-,-,-,-,-,-,-,0
-,0.0,NC,-,-,0.0,NC,-,-,-,-,-,-,-,-,-,-,-,-,-,-,-,-,0
-,0.0,NC,-,-,0.0,NC,-,-,-,-,-,-,-,-,-,-,-,-,-,-,-,-,0
-,0.0,NC,-,-,0.0,NC,-,-,-,-,-,-,-,-,-,-,-,-,-,-,-,-,0
-,0.0,NC,-,-,0.0,NC,-,-,-,-,-,-,-,-,-,-,-,-,-,-,-,-,0
-,0.0,NC,-,-,0.0,NC,-,-,-,-,-,-,-,-,-,-,-,-,-,-,-,-,0
-,0.0,NC,-,-,0.0,NC,-,-,-,-,-,-,-,-,-,-,-,-,-,-,-,-,0
-,0.0,NC,V36,V,0.6267605633802817,NC,-,-,-,-,-,-,-,-,-,-,-,-,-,-,-,N-ter,0
-,0.0,NC,-,-,0.0,NC,-,-,-,-,-,-,-,-,-,-,-,-,-,-,-,-,0
-,0.0,NC,-,-,0.0,NC,-,-,-,-,-,-,-,-,-,-,-,-,-,-,-,-,0
-,0.0,NC,Q37,Q,0.8873239436619719,NC,-,-,-,-,-,-,-,-,-,-,-,-,-,-,-,N-ter,0
-,0.0,NC,K38,K,0.9020979020979021,C,-,-10,1,-3,-10,-3,-1,-3,-10,-3,-,-,-,2,1,N-ter,11
-,0.0,NC,-,-,0.0,NC,-,-,-,-,-,-,-,-,-,-,-,-,-,-,-,-,0
-,0.0,NC,W39,W,0.9726027397260274,C,-,-10,-3,-2,-3,-10,-10,-2,-,-10,-3,-,-3,-,-2,N-ter,11
-,0.0,NC,R40,R,0.6068965517241379,NC,-,-,-,-,-,-,-,-,-,-,-,-,-,-,-,N-ter,0
-,0.0,NC,E41,E,0.9583333333333334,C,-,-4,-10,-10,-10,1,-4,-1,-4,-10,1,-10,-1,-1,-10,N-ter,14
-,0.0,NC,Y42,Y,0.9722222222222222,C,-,-10,-3,-3,-10,-3,-2,-2,-,-2,-10,-,-2,-,-10,N-ter,11
-,0.0,NC,R43,R,0.6206896551724138,NC,-,-,-,-,-,-,-,-,-,-,-,-,-,-,-,N-ter,0
-,0.0,NC,R44,-,0.0,NC,-,-,-,-,-,-,-,-,-,-,-,-,-,-,-,N-ter,0
-,0.0,NC,Q45,Q,0.9513888888888888,C,-,-10,-10,-,-10,-10,-10,-10,2,-,1,-10,2,2,-10,N-ter,12
C,0.9436349693251533,C,C46,C,0.9862068965517241,C,-,-10,-,-,-,-,-,-,-,-,-,-,-,-,-,N-ter,1
-,0.0,NC,Q47,Q,0.6344827586206897,NC,-,-,-,-,-,-,-,-,-,-,-,-,-,-,-,N-ter,0
-,0.0,NC,R48,R,0.5310344827586206,NC,-,-,-,-,-,-,-,-,-,-,-,-,-,-,-,N-ter,0
-,0.0,NC,S49,-,0.0,NC,-,-,-,-,-,-,-,-,-,-,-,-,-,-,-,N-ter,0
-,0.0,NC,L50,L,0.9300699300699301,C,-,-10,-,-,-10,1,-,-,-10,1,2,-,1,-,-10,N-ter,8
-,0.0,NC,T51,-,0.0,NC,-,-,-,-,-,-,-,-,-,-,-,-,-,-,-,N-ter,0
-,0.0,NC,E52,E,0.9507042253521126,C,-,-10,-10,-10,-10,-1,-10,-10,-4,-1,-1,-10,2,-1,-,N-ter,13
-,0.0,NC,D53,A,0.6056338028169014,NC,-,-,-,-,-,-,-,-,-,-,-,-,-,-,-,N-ter,0
-,0.0,NC,P54,P,0.9929577464788732,C,-,-10,-10,-10,-10,-10,-10,-3,-,-10,-,-10,-,-10,-10,N-ter,11
-,0.0,NC,P55,P,0.8591549295774648,NC,-,-,-,-,-,-,-,-,-,-,-,-,-,-,-,N-ter,0
-,0.0,NC,-,-,0.0,NC,-,-,-,-,-,-,-,-,-,-,-,-,-,-,-,-,0
-,0.0,NC,-,-,0.0,NC,-,-,-,-,-,-,-,-,-,-,-,-,-,-,-,-,0
-,0.0,NC,-,-,0.0,NC,-,-,-,-,-,-,-,-,-,-,-,-,-,-,-,-,0
-,0.0,NC,-,-,0.0,NC,-,-,-,-,-,-,-,-,-,-,-,-,-,-,-,-,0
-,0.0,NC,-,-,0.0,NC,-,-,-,-,-,-,-,-,-,-,-,-,-,-,-,-,0
-,0.0,NC,-,-,0.0,NC,-,-,-,-,-,-,-,-,-,-,-,-,-,-,-,-,0
-,0.0,NC,-,-,0.0,NC,-,-,-,-,-,-,-,-,-,-,-,-,-,-,-,-,0
-,0.0,NC,-,-,0.0,NC,-,-,-,-,-,-,-,-,-,-,-,-,-,-,-,-,0
-,0.0,NC,-,-,0.0,NC,-,-,-,-,-,-,-,-,-,-,-,-,-,-,-,-,0
-,0.0,NC,-,-,0.0,NC,-,-,-,-,-,-,-,-,-,-,-,-,-,-,-,-,0
-,0.0,NC,-,-,0.0,NC,-,-,-,-,-,-,-,-,-,-,-,-,-,-,-,-,0
-,0.0,NC,-,-,0.0,NC,-,-,-,-,-,-,-,-,-,-,-,-,-,-,-,-,0
-,0.0,NC,-,-,0.0,NC,-,-,-,-,-,-,-,-,-,-,-,-,-,-,-,-,0
-,0.0,NC,-,-,0.0,NC,-,-,-,-,-,-,-,-,-,-,-,-,-,-,-,-,0
-,0.0,NC,-,-,0.0,NC,-,-,-,-,-,-,-,-,-,-,-,-,-,-,-,-,0
-,0.0,NC,-,-,0.0,NC,-,-,-,-,-,-,-,-,-,-,-,-,-,-,-,-,0
-,0.0,NC,-,-,0.0,NC,-,-,-,-,-,-,-,-,-,-,-,-,-,-,-,-,0
-,0.0,NC,-,-,0.0,NC,-,-,-,-,-,-,-,-,-,-,-,-,-,-,-,-,0
-,0.0,NC,-,-,0.0,NC,-,-,-,-,-,-,-,-,-,-,-,-,-,-,-,-,0
-,0.0,NC,-,-,0.0,NC,-,-,-,-,-,-,-,-,-,-,-,-,-,-,-,-,0
-,0.0,NC,-,-,0.0,NC,-,-,-,-,-,-,-,-,-,-,-,-,-,-,-,-,0
-,0.0,NC,-,-,0.0,NC,-,-,-,-,-,-,-,-,-,-,-,-,-,-,-,-,0
-,0.0,NC,-,-,0.0,NC,-,-,-,-,-,-,-,-,-,-,-,-,-,-,-,-,0
-,0.0,NC,-,-,0.0,NC,-,-,-,-,-,-,-,-,-,-,-,-,-,-,-,-,0
-,0.0,NC,-,-,0.0,NC,-,-,-,-,-,-,-,-,-,-,-,-,-,-,-,-,0
-,0.0,NC,-,-,0.0,NC,-,-,-,-,-,-,-,-,-,-,-,-,-,-,-,-,0
-,0.0,NC,-,-,0.0,NC,-,-,-,-,-,-,-,-,-,-,-,-,-,-,-,-,0
-,0.0,NC,-,-,0.0,NC,-,-,-,-,-,-,-,-,-,-,-,-,-,-,-,-,0
-,0.0,NC,-,-,0.0,NC,-,-,-,-,-,-,-,-,-,-,-,-,-,-,-,-,0
-,0.0,NC,-,-,0.0,NC,-,-,-,-,-,-,-,-,-,-,-,-,-,-,-,-,0
-,0.0,NC,-,-,0.0,NC,-,-,-,-,-,-,-,-,-,-,-,-,-,-,-,-,0
-,0.0,NC,-,-,0.0,NC,-,-,-,-,-,-,-,-,-,-,-,-,-,-,-,-,0
-,0.0,NC,-,-,0.0,NC,-,-,-,-,-,-,-,-,-,-,-,-,-,-,-,-,0
-,0.0,NC,-,-,0.0,NC,-,-,-,-,-,-,-,-,-,-,-,-,-,-,-,-,0
-,0.0,NC,-,-,0.0,NC,-,-,-,-,-,-,-,-,-,-,-,-,-,-,-,-,0
-,0.0,NC,-,-,0.0,NC,-,-,-,-,-,-,-,-,-,-,-,-,-,-,-,-,0
-,0.0,NC,-,-,0.0,NC,-,-,-,-,-,-,-,-,-,-,-,-,-,-,-,-,0
-,0.0,NC,-,-,0.0,NC,-,-,-,-,-,-,-,-,-,-,-,-,-,-,-,-,0
-,0.0,NC,-,-,0.0,NC,-,-,-,-,-,-,-,-,-,-,-,-,-,-,-,-,0
-,0.0,NC,-,-,0.0,NC,-,-,-,-,-,-,-,-,-,-,-,-,-,-,-,-,0
-,0.0,NC,-,-,0.0,NC,-,-,-,-,-,-,-,-,-,-,-,-,-,-,-,-,0
-,0.0,NC,-,-,0.0,NC,-,-,-,-,-,-,-,-,-,-,-,-,-,-,-,-,0
-,0.0,NC,-,-,0.0,NC,-,-,-,-,-,-,-,-,-,-,-,-,-,-,-,-,0
-,0.0,NC,-,-,0.0,NC,-,-,-,-,-,-,-,-,-,-,-,-,-,-,-,-,0
-,0.0,NC,P56,P,0.5915492957746479,NC,-,-,-,-,-,-,-,-,-,-,-,-,-,-,-,N-ter,0
-,0.0,NC,A57,A,0.8785714285714286,NC,-,-,-,-,-,-,-,-,-,-,-,-,-,-,-,N-ter,0
-,0.0,NC,T58,T,0.5899280575539568,NC,-,-,-,-,-,-,-,-,-,-,-,-,-,-,-,N-ter,0
-,0.0,NC,D59,G,0.7841726618705036,NC,-,-,-,-,-,-,-,-,-,-,-,-,-,-,-,N-ter,0
-,0.0,NC,L60,L,0.6071428571428571,NC,-,-,-,-,-,-,-,-,-,-,-,-,-,-,-,N-ter,0
-,0.0,NC,-,-,0.0,NC,-,-,-,-,-,-,-,-,-,-,-,-,-,-,-,-,0
-,0.0,NC,-,-,0.0,NC,-,-,-,-,-,-,-,-,-,-,-,-,-,-,-,-,0
-,0.0,NC,F61,F,0.9928571428571429,C,-,3,-4,-4,-4,-4,-4,-10,-1,-10,3,-10,3,-3,-4,N-ter,14
C,0.9904187366926899,C,C62,C,0.9929577464788732,C,-,-,-,-,-,-,-,-,-,-,-,-,-,-,-,N-ter,0
-,0.0,NC,N63,N,0.971830985915493,C,-,-,-10,-10,-10,-3,-,-4,-,-10,-,-,-,-,-10,N-ter,7
-,0.0,NC,R64,R,0.986013986013986,C,-,-10,-3,-3,-10,-3,-2,-2,-,-2,-,-3,-,-3,-,N-ter,10
-,0.0,NC,T65,T,0.9370629370629371,C,-,-,0,-1,-1,-1,1,-1,-,-1,-,-,-,1,-,N-ter,8
W,0.6192498230714791,NC,F66,F,0.9788732394366197,C,-,-10,0,0,0,0,-1,0,-,0,0,-,0,-,0,N-ter,11
D,0.9833863556026865,C,D67,D,0.9929577464788732,C,-,-,-,-,-,-,-,-,-,-,-,-,-,-,-,N-ter,0
-,0.0,NC,E68,-,0.0,NC,-,-,-,-,-,-,-,-,-,-,-,-,-,-,-,N-ter,0
-,0.0,NC,Y69,Y,0.9861111111111112,C,-,-2,-2,-2,-2,-2,-2,-2,-,-2,2,3,2,-,-2,N-ter,12
-,0.0,NC,-,-,0.0,NC,-,-,-,-,-,-,-,-,-,-,-,-,-,-,-,-,0
-,0.0,NC,A70,A,0.9236111111111112,C,-,0,0,1,0,0,0,0,1,-2,-2,0,-2,0,-2,N-ter,14
C,0.9883638928067701,C,C71,C,0.9722222222222222,C,-,-,-,-,-,-,-,-,-,-,-,-,-,-,-,N-ter,0
W,0.9911816578483245,C,W72,W,0.9861111111111112,C,-,-,-,-,-,-,-,-,-,-,-,-,-,-,-,N-ter,0
P,0.647847565278758,NC,P73,P,0.9791666666666666,C,-,-,-2,-,-,-1,-,-,-,-,-2,-,-10,-2,-,N-ter,5
-,0.0,NC,D74,D,0.9722222222222222,C,-,-2,-2,-1,-10,-2,-2,1,-,-2,-,-2,-,-4,-10,N-ter,11
-,0.0,NC,G75,G,0.9791666666666666,C,-,-1,0,-1,0,0,-1,-,-2,-,-2,-1,-4,-10,0,N-ter,12
-,0.0,NC,E76,L,0.5069444444444444,NC,-,-,-,-,-,-,-,-,-,-,-,-,-,-,-,N-ter,0
-,0.0,NC,P77,P,0.986013986013986,C,-,-1,-10,-10,-10,-3,-1,-,-,-10,-1,-,-1,-,-10,N-ter,10
G,0.8664081776524498,NC,G78,G,0.972027972027972,C,-,-,-,-,-,-,-,-,-1,-,-,-,-,-1,-,N-ter,2
-,0.0,NC,S79,S,0.5874125874125874,NC,-,-,-,-,-,-,-,-,-,-,-,-,-,-,-,N-ter,0
-,0.0,NC,F80,F,0.5944055944055944,NC,-,-,-,-,-,-,-,-,-,-,-,-,-,-,-,N-ter,0
V,0.6686640817765245,NC,V81,V,0.965034965034965,C,-,-,-,-,-,-,-,-,0,-10,-10,-,-2,0,-,N-ter,5
-,0.0,NC,N82,N,0.9790209790209791,C,-,-1,0,-10,-4,-10,-10,-2,-,-2,-10,0,-10,-1,-10,N-ter,13
-,0.0,NC,V83,V,0.9154929577464789,C,-,-3,-,-10,-10,-,-3,-10,-,-,-3,-,-3,0,1,N-ter,9
-,0.0,NC,S84,S,0.971830985915493,C,-,-1,-1,-10,-10,-10,-1,-1,-,-1,0,-1,-1,-,-1,N-ter,12
C,0.9915373765867419,C,C85,C,1.0,C,-,-,-,-,-,-,-,-,-,-,-,-,-,-,-,N-ter,0
P,0.9929577464788732,C,P86,P,0.9788732394366197,C,-,-,-,-,-,-,-,-,-,-,-,-,-,-,-,N-ter,0
-,0.0,NC,W87,W,0.9637681159420289,C,-,-4,-4,-10,-10,-4,-4,-6,-,-10,-6,-4,-6,-,-10,N-ter,12
Y,0.6186770428015564,NC,Y88,Y,0.9781021897810219,C,-,-,-2,3,-,-2,-,-,-,-,-,-,-,-,-10,N-ter,4
F,0.5307637906647807,NC,L89,L,0.9927007299270073,C,-,0,0,-,0,0,0,1,-,1,0,-,0,-,0,N-ter,10
-,0.0,NC,P90,P,1.0,C,-,-3,-1,-2,-10,-2,-4,-4,-,-4,-,-,-2,-,-1,N-ter,10
-,0.0,NC,W91,W,0.9253731343283582,C,-,-4,-10,-2,-10,-3,-4,-6,-,-6,-6,-,-6,-,-3,N-ter,11
-,0.0,NC,A92,A,0.8768115942028986,NC,-,-,-,-,-,-,-,-,-,-,-,-,-,-,-,N-ter,0
-,0.0,NC,S93,S,0.5869565217391305,NC,-,-,-,-,-,-,-,-,-,-,-,-,-,-,-,N-ter,0
-,0.0,NC,S94,S,0.6170212765957447,NC,-,-,-,-,-,-,-,-,-,-,-,-,-,-,-,N-ter,0
-,0.0,NC,-,-,0.0,NC,-,-,-,-,-,-,-,-,-,-,-,-,-,-,-,-,0
-,0.0,NC,-,-,0.0,NC,-,-,-,-,-,-,-,-,-,-,-,-,-,-,-,-,0
-,0.0,NC,-,-,0.0,NC,-,-,-,-,-,-,-,-,-,-,-,-,-,-,-,-,0
-,0.0,NC,-,-,0.0,NC,-,-,-,-,-,-,-,-,-,-,-,-,-,-,-,-,0
-,0.0,NC,-,-,0.0,NC,-,-,-,-,-,-,-,-,-,-,-,-,-,-,-,-,0
-,0.0,NC,-,-,0.0,NC,-,-,-,-,-,-,-,-,-,-,-,-,-,-,-,-,0
-,0.0,NC,-,-,0.0,NC,-,-,-,-,-,-,-,-,-,-,-,-,-,-,-,-,0
-,0.0,NC,-,-,0.0,NC,-,-,-,-,-,-,-,-,-,-,-,-,-,-,-,-,0
-,0.0,NC,-,-,0.0,NC,-,-,-,-,-,-,-,-,-,-,-,-,-,-,-,-,0
-,0.0,NC,-,-,0.0,NC,-,-,-,-,-,-,-,-,-,-,-,-,-,-,-,-,0
-,0.0,NC,-,-,0.0,NC,-,-,-,-,-,-,-,-,-,-,-,-,-,-,-,-,0
-,0.0,NC,-,-,0.0,NC,-,-,-,-,-,-,-,-,-,-,-,-,-,-,-,-,0
-,0.0,NC,-,-,0.0,NC,-,-,-,-,-,-,-,-,-,-,-,-,-,-,-,-,0
-,0.0,NC,-,-,0.0,NC,-,-,-,-,-,-,-,-,-,-,-,-,-,-,-,-,0
-,0.0,NC,-,-,0.0,NC,-,-,-,-,-,-,-,-,-,-,-,-,-,-,-,-,0
-,0.0,NC,-,-,0.0,NC,-,-,-,-,-,-,-,-,-,-,-,-,-,-,-,-,0
-,0.0,NC,-,-,0.0,NC,-,-,-,-,-,-,-,-,-,-,-,-,-,-,-,-,0
-,0.0,NC,-,-,0.0,NC,-,-,-,-,-,-,-,-,-,-,-,-,-,-,-,-,0
-,0.0,NC,-,-,0.0,NC,-,-,-,-,-,-,-,-,-,-,-,-,-,-,-,-,0
-,0.0,NC,-,-,0.0,NC,-,-,-,-,-,-,-,-,-,-,-,-,-,-,-,-,0
-,0.0,NC,-,-,0.0,NC,-,-,-,-,-,-,-,-,-,-,-,-,-,-,-,-,0
-,0.0,NC,-,-,0.0,NC,-,-,-,-,-,-,-,-,-,-,-,-,-,-,-,-,0
-,0.0,NC,V95,V,0.9432624113475178,C,-,-4,-10,-10,-10,-2,-4,-10,-,-10,-10,-10,-10,-,-10,N-ter,12
-,0.0,NC,P96,L,0.8082191780821918,NC,-,-,-,-,-,-,-,-,-,-,-,-,-,-,-,N-ter,0
-,0.0,NC,Q97,Q,0.636986301369863,NC,-,-,-,-,-,-,-,-,-,-,-,-,-,-,-,N-ter,0
G,0.5943886387253204,NC,G98,G,0.9801324503311258,C,-,-3,-,-,-,-,-1,-,-3,-,-3,-,-3,-,-,N-ter,5
-,0.0,NC,H99,H,0.543046357615894,NC,-,-,-,-,-,-,-,-,-,-,-,-,-,-,-,N-ter,0
V,0.5132347885871433,NC,V100,V,0.9473684210526315,C,-,0,3,-,-,-,-4,0,-,0,0,0,-,-,-,N-ter,7
-,0.0,NC,Y101,Y,0.9605263157894737,C,-,-,-2,-10,-2,-2,-,-,3,3,-2,-,-2,-2,-3,N-ter,10
R,0.7036782399449982,NC,R102,R,0.9933774834437086,C,-,-,2,-,-,-,-,-,2,-,2,-,2,-,-,N-ter,4
-,0.0,NC,F103,F,0.9735099337748344,C,-,-4,-4,-4,-10,-4,-4,-4,-10,-2,3,-10,-1,-10,-4,N-ter,14
C,0.9951923076923077,C,C104,C,0.9867549668874173,C,-,-,-,-,-,-,-,-,-,-,-,-,-,-,-,N-ter,0
-,0.0,NC,T105,T,0.9801324503311258,C,-,-2,-,-,-,-,-2,-1,-2,-10,-1,-2,-1,-2,-,N-ter,9
-,0.0,NC,A106,-,0.0,NC,-,-,-,-,-,-,-,-,-,-,-,-,-,-,-,N-ter,0
-,0.0,NC,E107,E,0.7880794701986755,NC,-,-,-,-,-,-,-,-,-,-,-,-,-,-,-,N-ter,0
G,0.9938186813186813,C,G108,G,0.9933774834437086,C,-,-,-,-,-,-,-,-,-,-,-,-,-,-,-,N-ter,0
-,0.0,NC,L109,L,0.5562913907284768,NC,-,-,-,-,-,-,-,-,-,-,-,-,-,-,-,N-ter,0
W,0.9927909371781668,C,W110,W,0.9801324503311258,C,-,-,-,-,-,-,-,-,-,-,-,-,-,-,-,N-ter,0
-,0.0,NC,L111,L,0.9867549668874173,C,-,-2,-3,-3,-2,-3,-2,-4,1,-5,0,-3,0,-10,-3,N-ter,14
-,0.0,NC,Q112,-,0.0,NC,-,-,-,-,-,-,-,-,-,-,-,-,-,-,-,N-ter,0
-,0.0,NC,K113,K,0.7086092715231788,NC,-,-,-,-,-,-,-,-,-,-,-,-,-,-,-,N-ter,0
-,0.0,NC,D114,D,0.543046357615894,NC,-,-,-,-,-,-,-,-,-,-,-,-,-,-,-,N-ter,0
-,0.0,NC,N115,N,0.9867549668874173,C,-,-10,-10,-10,-10,-10,-10,-1,-3,0,-1,-,-1,-10,-10,N-ter,13
-,0.0,NC,S116,S,0.9802631578947368,C,-,-10,-10,-10,-10,-10,-10,-10,-1,-3,-10,-,-,-10,-10,N-ter,12
-,0.0,NC,S117,S,0.625,NC,-,-,-,-,-,-,-,-,-,-,-,-,-,-,-,N-ter,0
-,0.0,NC,L118,L,0.7763157894736842,NC,-,-,-,-,-,-,-,-,-,-,-,-,-,-,-,N-ter,0
P,0.530234471410942,NC,P119,P,0.9736842105263158,C,-,-10,-,-,-,-,-10,-2,-,-2,-2,-4,-2,-,-,N-ter,7
W,0.6561469618464437,NC,W120,W,0.9868421052631579,C,-,-4,-10,-10,-10,-10,-4,-,-10,-,-,-,-,-,-10,N-ter,8
-,0.0,NC,R121,R,0.9473684210526315,C,-,-3,-2,-,-2,0,-3,-2,-,-10,-1,-,-1,-,-2,N-ter,10
-,0.0,NC,D122,N,0.506578947368421,NC,-,-,-,-,-,-,-,-,-,-,-,-,-,-,-,N-ter,0
-,0.0,NC,L123,L,0.8947368421052632,NC,-,-,-,-,-,-,-,-,-,-,-,-,-,-,-,N-ter,0
-,0.0,NC,S124,S,0.9210526315789473,C,-,-,-,-10,-2,-1,-,-,-,-,1,-,1,-,-10,N-ter,6
-,0.0,NC,E125,E,0.9473684210526315,C,-,2,-1,-1,-1,-1,-10,-,2,1,-4,-,2,2,-1,N-ter,12
C,0.9948647723382403,C,C126,C,0.9801324503311258,C,-,-,-,-,-,-,-,-,-,-,-,-,-,-,-,N-ter,0
-,0.0,NC,E127,E,0.9006622516556292,C,-,-,-3,-3,-3,-3,2,-10,-10,-4,-1,0,-1,-,-2,N-ter,12
-,0.0,NC,E128,E,0.5234899328859061,NC,-,-,-,-,-,-,-,-,-,-,-,-,-,-,-,N-ter,0
-,0.0,NC,S129,S,0.9379310344827586,C,-,-3,-10,0,-1,-1,-3,-3,-1,-3,-3,-10,-10,-1,-10,N-ter,14
-,0.0,NC,K130,K,0.9148936170212766,C,-,-3,-1,-3,-10,1,-3,-3,-10,-3,-1,-1,-1,1,-1,N-ter,14
-,0.0,NC,R131,R,0.8631578947368421,NC,-,-,-,-,-,-,-,-,-,-,-,-,-,-,-,N-ter,0
-,0.0,NC,G132,G,0.9578947368421052,C,-,-2,-3,-2,-10,-3,-3,-10,-3,-3,-3,-4,-3,-1,-10,N-ter,14
-,0.0,NC,E133,D,0.5165562913907285,NC,-,-,-,-,-,-,-,-,-,-,-,-,-,-,-,N-ter,0
-,0.0,NC,R134,R,0.52,NC,-,-,-,-,-,-,-,-,-,-,-,-,-,-,-,N-ter,0
-,0.0,NC,-,-,0.0,NC,-,-,-,-,-,-,-,-,-,-,-,-,-,-,-,-,0
-,0.0,NC,S135,-,0.0,NC,-,-,-,-,-,-,-,-,-,-,-,-,-,-,-,N-ter,0
-,0.0,NC,S136,S,0.58,NC,-,-,-,-,-,-,-,-,-,-,-,-,-,-,-,N-ter,0
-,0.0,NC,P137,P,0.9733333333333334,C,-,-10,-10,-10,-10,-10,-10,-10,-10,-10,-10,-10,-10,-10,-10,N-ter,14
-,0.0,NC,E138,E,0.96,C,1.33,-1,-,-,-,-3,1,-1,-10,-10,-10,-3,-10,2,-10,TM1,11
-,0.0,NC,E139,E,0.7333333333333333,NC,1.34,-,-,-,-,-,-,-,-,-,-,-,-,-,-,TM1,0
-,0.0,NC,Q140,Q,0.9261744966442953,C,1.35,-2,1,1,-,-,0,2,-10,1,1,-10,1,-,2,TM1,11
-,0.0,NC,-,-,0.0,NC,-,-,-,-,-,-,-,-,-,-,-,-,-,-,-,-,0
-,0.0,NC,-,-,0.0,NC,-,-,-,-,-,-,-,-,-,-,-,-,-,-,-,-,0
-,0.0,NC,-,-,0.0,NC,-,-,-,-,-,-,-,-,-,-,-,-,-,-,-,-,0
-,0.0,NC,-,-,0.0,NC,-,-,-,-,-,-,-,-,-,-,-,-,-,-,-,-,0
-,0.0,NC,L141,L,0.9733333333333334,C,1.36,-2,-2,-10,-2,-2,-2,0,-2,0,-2,-,-,-,0,TM1,11
-,0.0,NC,L142,L,0.9866666666666667,C,1.37,-3,1,-10,-10,-,-3,-5,-3,-4,-10,-3,-10,-4,-3,TM1,13
-,0.0,NC,F143,S,0.5960264900662252,NC,1.38,-,-,-,-,-,-,-,-,-,-,-,-,-,-,TM1,0
-,0.0,NC,L144,L,0.8211920529801324,NC,1.39,-,-,-,-,-,-,-,-,-,-,-,-,-,-,TM1,0
-,0.0,NC,Y145,S,0.52,NC,1.4,-,-,-,-,-,-,-,-,-,-,-,-,-,-,TM1,0
-,0.0,NC,I146,I,0.7733333333333333,NC,1.41,-,-,-,-,-,-,-,-,-,-,-,-,-,-,TM1,0
-,0.0,NC,I147,I,0.9466666666666667,C,1.42,-,-,1,-5,1,-,-,1,1,1,-10,1,1,-,TM1,9
Y,0.6710481968318166,NC,Y148,Y,0.9933333333333333,C,1.43,-3,-,-,-,-,-3,-,-,-,-2,-,-2,-,-,TM1,4
T,0.6641942009440324,NC,T149,T,0.9933333333333333,C,1.44,-2,-,-,-,-,-2,-,-,-,-1,-,-1,-,-,TM1,4
-,0.0,NC,V150,V,0.6133333333333333,NC,1.45,-,-,-,-,-,-,-,-,-,-,-,-,-,-,TM1,0
G,0.9905692152239811,C,G151,G,0.9933333333333333,C,1.46,-,-,-,-,-,-,-,-,-,-,-,-,-,-,TM1,0
Y,0.5783983849259757,NC,Y152,Y,0.9866666666666667,C,1.47,2,2,-,2,-,2,-,-,-,2,-,2,-,-,TM1,6
S,0.5843150454392461,NC,A153,A,0.8533333333333334,NC,1.48,-,-,-,-,-,-,-,-,-,-,-,-,-,-,TM1,0
-,0.0,NC,L154,L,0.9933333333333333,C,1.49,1,1,-10,-,-2,1,1,-,1,-,-,-,-,1,TM1,8
S,0.9882234185733513,C,S155,S,0.9933333333333333,C,1.5,-,-,-,-,-,-,-,-,-,-,-,-,-,-,TM1,0
L,0.6004712218108381,NC,F156,F,0.9866666666666667,C,1.51,-1,0,0,0,0,0,0,0,-,-1,0,-1,0,-10,TM1,13
-,0.0,NC,S157,S,0.98,C,1.52,-1,-3,-2,-10,-2,-10,-1,-1,-10,-10,-10,1,1,-10,TM1,14
-,0.0,NC,A158,A,0.9867549668874173,C,1.53,-,-,-10,-10,1,-,1,-,1,1,1,1,0,-10,TM1,10
L,0.9899159663865547,C,L159,L,0.9933774834437086,C,1.54,-,-,-,-,-,-,-,-,-,-,-,-,-,-,TM1,0
-,0.0,NC,V160,V,0.9536423841059603,C,1.55,-,0,-10,-10,0,1,0,1,0,1,-10,1,1,-10,TM1,13
-,0.0,NC,I161,I,0.9403973509933775,C,1.56,3,-1,3,-10,-1,3,3,1,3,-,1,-,1,3,TM1,12
A,0.7656145063801209,NC,A162,A,0.9867549668874173,C,1.57,-,0,-,-,-,-,-,-,-,1,-,1,-,-,TM1,3
-,0.0,NC,S163,S,0.5827814569536424,NC,1.58,-,-,-,-,-,-,-,-,-,-,-,-,-,-,TM1,0
-,0.0,NC,A164,A,0.8874172185430463,NC,1.59,-,-,-,-,-,-,-,-,-,-,-,-,-,-,TM1,0
I,0.7158176943699732,NC,I165,I,0.9867549668874173,C,1.6,1,-,-,-,-,1,-,-,-,-,1,-,-,-,TM1,3
L,0.6119103379056541,NC,L166,L,0.9933774834437086,C,1.61,0,-,-,-,-,0,-,-,1,0,-,0,-,-,TM1,5
-,0.0,NC,L167,L,0.9403973509933775,C,1.62,-,-2,-2,-10,-2,-,-4,-,-4,0,-,0,-3,-10,TM1,10
-,0.0,NC,G168,G,0.7368421052631579,NC,1.63,-,-,-,-,-,-,-,-,-,-,-,-,-,-,TM1,0
F,0.7041499330655957,NC,F169,F,0.9802631578947368,C,1.64,0,-,-,-,-,0,-,-,-,-,0,-,-,-,TM1,3
-,0.0,NC,-,-,0.0,NC,-,-,-,-,-,-,-,-,-,-,-,-,-,-,-,-,0
-,0.0,NC,-,-,0.0,NC,-,-,-,-,-,-,-,-,-,-,-,-,-,-,-,-,0
-,0.0,NC,-,-,0.0,NC,-,-,-,-,-,-,-,-,-,-,-,-,-,-,-,-,0
-,0.0,NC,-,-,0.0,NC,-,-,-,-,-,-,-,-,-,-,-,-,-,-,-,-,0
-,0.0,NC,-,-,0.0,NC,-,-,-,-,-,-,-,-,-,-,-,-,-,-,-,-,0
-,0.0,NC,-,-,0.0,NC,-,-,-,-,-,-,-,-,-,-,-,-,-,-,-,-,0
-,0.0,NC,-,-,0.0,NC,-,-,-,-,-,-,-,-,-,-,-,-,-,-,-,-,0
-,0.0,NC,-,-,0.0,NC,-,-,-,-,-,-,-,-,-,-,-,-,-,-,-,-,0
-,0.0,NC,-,-,0.0,NC,-,-,-,-,-,-,-,-,-,-,-,-,-,-,-,-,0
-,0.0,NC,-,-,0.0,NC,-,-,-,-,-,-,-,-,-,-,-,-,-,-,-,-,0
-,0.0,NC,-,-,0.0,NC,-,-,-,-,-,-,-,-,-,-,-,-,-,-,-,-,0
-,0.0,NC,-,-,0.0,NC,-,-,-,-,-,-,-,-,-,-,-,-,-,-,-,-,0
-,0.0,NC,-,-,0.0,NC,-,-,-,-,-,-,-,-,-,-,-,-,-,-,-,-,0
-,0.0,NC,-,-,0.0,NC,-,-,-,-,-,-,-,-,-,-,-,-,-,-,-,-,0
-,0.0,NC,-,-,0.0,NC,-,-,-,-,-,-,-,-,-,-,-,-,-,-,-,-,0
-,0.0,NC,-,-,0.0,NC,-,-,-,-,-,-,-,-,-,-,-,-,-,-,-,-,0
-,0.0,NC,-,-,0.0,NC,-,-,-,-,-,-,-,-,-,-,-,-,-,-,-,-,0
-,0.0,NC,-,-,0.0,NC,-,-,-,-,-,-,-,-,-,-,-,-,-,-,-,-,0
-,0.0,NC,-,-,0.0,NC,-,-,-,-,-,-,-,-,-,-,-,-,-,-,-,-,0
-,0.0,NC,-,-,0.0,NC,-,-,-,-,-,-,-,-,-,-,-,-,-,-,-,-,0
-,0.0,NC,-,-,0.0,NC,-,-,-,-,-,-,-,-,-,-,-,-,-,-,-,-,0
-,0.0,NC,-,-,0.0,NC,-,-,-,-,-,-,-,-,-,-,-,-,-,-,-,-,0
-,0.0,NC,-,-,0.0,NC,-,-,-,-,-,-,-,-,-,-,-,-,-,-,-,-,0
-,0.0,NC,-,-,0.0,NC,-,-,-,-,-,-,-,-,-,-,-,-,-,-,-,-,0
-,0.0,NC,-,-,0.0,NC,-,-,-,-,-,-,-,-,-,-,-,-,-,-,-,-,0
-,0.0,NC,-,-,0.0,NC,-,-,-,-,-,-,-,-,-,-,-,-,-,-,-,-,0
-,0.0,NC,-,-,0.0,NC,-,-,-,-,-,-,-,-,-,-,-,-,-,-,-,-,0
-,0.0,NC,-,-,0.0,NC,-,-,-,-,-,-,-,-,-,-,-,-,-,-,-,-,0
-,0.0,NC,-,-,0.0,NC,-,-,-,-,-,-,-,-,-,-,-,-,-,-,-,-,0
R,0.8292764254751583,NC,R170,R,0.9868421052631579,C,12.48,-,-,-,-,-,-,-,-1,-,2,-,2,-,-,ICL1,3
-,0.0,NC,H171,H,0.993421052631579,C,12.49,-1,-1,0,-1,-1,-1,0,-1,0,-1,-1,-1,0,0,ICL1,14
L,0.8464606181455633,NC,L172,L,0.993421052631579,C,12.5,1,-,-,-,-,1,-,-,-,-,-,-,-,-,ICL1,2
H,0.6049833887043189,NC,H173,H,0.9539473684210527,C,12.51,0,-,-,-,-,0,-,-,-,-1,-,-1,0,0,ICL1,6
C,0.994682618810236,C,C174,C,0.993421052631579,C,2.44,-,-,-,-,-,-,-,-,-,-,-,-,-,-,TM2,0
T,0.5938850116317713,NC,T175,T,0.993421052631579,C,2.45,-2,-,-,-,-,-2,-,-1,-,-1,-,-1,-,-2,TM2,6
R,0.9956781914893617,C,R176,R,0.993421052631579,C,2.46,-,-,-,-,-,-,-,-,-,-,-,-,-,-,TM2,0
N,0.8417553191489362,NC,N177,N,0.993421052631579,C,2.47,-,-,-,-,-,-,-,-,-,-4,-,-4,-,-,TM2,2
Y,0.5697171381031614,NC,Y178,Y,0.993421052631579,C,2.48,-2,-,-,-,3,-2,-,-,-,-2,-,-2,-,-,TM2,5
I,0.8330006653359947,NC,I179,I,0.993421052631579,C,2.49,-,-,-,-,-,-,-,-,-,1,-,1,-,-,TM2,2
H,0.9963418689723977,C,H180,H,0.9868421052631579,C,2.5,-,-,-,-,-,-,-,-,-,-,-,-,-,-,TM2,0
-,0.0,NC,L181,L,0.993421052631579,C,2.51,-2,-,2,2,2,-2,2,2,2,-3,2,-3,1,-10,TM2,13
N,0.6677740863787376,NC,N182,N,0.9868421052631579,C,2.52,-,-,0,0,-,-,0,-,0,-,-,-,-,0,TM2,5
L,0.9634430043203722,C,L183,L,0.993421052631579,C,2.53,-,-,-,-,-,-,-,-,-,-,-,-,-,-,TM2,0
F,0.849351513136016,NC,F184,F,0.993421052631579,C,2.54,-1,-,-,-,-,-1,-,-,-,-,-,-,-,-,TM2,2
-,0.0,NC,A185,A,0.6052631578947368,NC,2.55,-,-,-,-,-,-,-,-,-,-,-,-,-,-,TM2,0
S,0.757313829787234,NC,S186,S,0.993421052631579,C,2.56,1,-,-,-,-,1,-,-,-,-,-,-,-,1,TM2,3
F,0.9048885932823412,C,F187,F,0.993421052631579,C,2.57,-,-,-,-,-,-,-,-,-,3,-,-,-,-,TM2,1
I,0.6311938809444629,NC,I188,I,0.993421052631579,C,2.58,-,-,-,-,-,-,1,-,1,3,-,3,1,-,TM2,5
L,0.9109930255728994,C,L189,L,0.993421052631579,C,2.59,-,-,-,-,-,-,-,-,-,-,-,-2,-,-,TM2,1
R,0.7120557954168051,NC,R190,R,1.0,C,2.6,-,-,-,-,-,-,-,2,-,-1,-,-1,-,2,TM2,4
A,0.6622384589837264,NC,A191,A,0.993421052631579,C,2.61,-2,-,-,-,-,-2,-,-,-,1,-,1,-,-,TM2,4
-,0.0,NC,L192,L,0.5986842105263158,NC,2.62,-,-,-,-,-,-,-,-,-,-,-,-,-,-,TM2,0
-,0.0,NC,S193,S,1.0,C,2.63,-2,-,-,1,-,1,-,-,-,-10,1,-2,1,1,TM2,8
-,0.0,NC,V194,V,0.9271523178807947,C,2.64,-3,-,-4,-,-,-3,3,-,3,0,-,0,3,-,TM2,8
F,0.5986733001658375,NC,F195,F,1.0,C,2.65,-,0,-,-,-,-,-,0,-,-1,0,-1,0,-,TM2,6
-,0.0,NC,I196,I,0.9337748344370861,C,2.66,1,3,-,-,-,3,3,3,3,-,-10,-,-1,-,TM2,8
K,0.5899137358991373,NC,K197,K,0.8675496688741722,NC,2.67,-,-,-,-,-,-,-,-,-,-,-,-,-,-,TM2,0
D,0.6790450928381963,NC,D198,D,1.0,C,2.68,-1,-,-,-,-,-1,-,-,-,-5,-,-5,-,-,TM2,4
-,0.0,NC,A199,A,0.543046357615894,NC,2.69,-,-,-,-,-,-,-,-,-,-,-,-,-,-,TM2,0
-,0.0,NC,A200,V,0.5496688741721855,NC,2.7,-,-,-,-,-,-,-,-,-,-,-,-,-,-,TM2,0
L,0.5661252900232019,NC,L201,L,0.6754966887417219,NC,2.71,-,-,-,-,-,-,-,-,-,-,-,-,-,-,TM2,0
-,0.0,NC,K202,K,0.9470198675496688,C,-,-1,-3,-4,-4,-3,-1,-3,-10,-1,-3,-3,-1,-1,-4,TM2,14
-,0.0,NC,W203,W,1.0,C,-,-3,-4,-4,-10,-3,-5,-4,-4,-10,-5,-4,-4,-10,-10,TM2,14
-,0.0,NC,M204,M,1.0,C,-,-10,-2,-2,-2,-2,-10,-4,-2,-2,-3,-10,-3,-3,-10,TM2,14
-,0.0,NC,Y205,Y,1.0,C,-,-10,-10,-10,-10,-10,-10,-2,-,-10,-10,-,-10,-4,-10,TM2,12
-,0.0,NC,S206,S,0.875,NC,-,-,-,-,-,-,-,-,-,-,-,-,-,-,-,TM2,0
-,0.0,NC,T207,T,0.9802631578947368,C,-,-10,-10,-10,-10,-10,-10,-2,-1,-10,-10,-1,-10,-10,-10,ECL1,14
-,0.0,NC,A208,A,0.993421052631579,C,-,-10,-10,-10,-10,-10,-10,-1,-1,-1,-10,-2,-10,-10,-10,ECL1,14
-,0.0,NC,-,-,0.0,NC,-,-,-,-,-,-,-,-,-,-,-,-,-,-,-,-,0
-,0.0,NC,-,-,0.0,NC,-,-,-,-,-,-,-,-,-,-,-,-,-,-,-,-,0
-,0.0,NC,A209,-,0.0,NC,-,-,-,-,-,-,-,-,-,-,-,-,-,-,-,ECL1,0
-,0.0,NC,-,-,0.0,NC,-,-,-,-,-,-,-,-,-,-,-,-,-,-,-,-,0
-,0.0,NC,-,-,0.0,NC,-,-,-,-,-,-,-,-,-,-,-,-,-,-,-,-,0
-,0.0,NC,-,-,0.0,NC,-,-,-,-,-,-,-,-,-,-,-,-,-,-,-,-,0
-,0.0,NC,-,-,0.0,NC,-,-,-,-,-,-,-,-,-,-,-,-,-,-,-,-,0
-,0.0,NC,-,-,0.0,NC,-,-,-,-,-,-,-,-,-,-,-,-,-,-,-,-,0
-,0.0,NC,Q210,Q,0.8421052631578947,NC,-,-,-,-,-,-,-,-,-,-,-,-,-,-,-,ECL1,0
-,0.0,NC,Q211,Q,0.6052631578947368,NC,-,-,-,-,-,-,-,-,-,-,-,-,-,-,-,ECL1,0
-,0.0,NC,H212,H,0.868421052631579,NC,-,-,-,-,-,-,-,-,-,-,-,-,-,-,-,ECL1,0
-,0.0,NC,-,-,0.0,NC,-,-,-,-,-,-,-,-,-,-,-,-,-,-,-,-,0
-,0.0,NC,-,-,0.0,NC,-,-,-,-,-,-,-,-,-,-,-,-,-,-,-,-,0
-,0.0,NC,-,-,0.0,NC,-,-,-,-,-,-,-,-,-,-,-,-,-,-,-,-,0
-,0.0,NC,-,-,0.0,NC,-,-,-,-,-,-,-,-,-,-,-,-,-,-,-,-,0
-,0.0,NC,Q213,Q,0.9802631578947368,C,-,-10,-10,-10,-1,0,-10,2,-10,-10,-10,-2,-10,-1,-1,ECL1,14
-,0.0,NC,W214,W,0.993421052631579,C,-,-10,-10,-10,-10,-10,-10,-10,-3,-10,-10,-,-10,-3,-10,ECL1,13
-,0.0,NC,D215,D,0.618421052631579,NC,-,-,-,-,-,-,-,-,-,-,-,-,-,-,-,ECL1,0
-,0.0,NC,G216,G,0.9078947368421053,C,-,-10,-10,-10,-10,-10,-10,-3,-10,-3,-10,-1,-10,-10,-10,ECL1,14
-,0.0,NC,-,-,0.0,NC,-,-,-,-,-,-,-,-,-,-,-,-,-,-,-,-,0
-,0.0,NC,-,-,0.0,NC,-,-,-,-,-,-,-,-,-,-,-,-,-,-,-,-,0
-,0.0,NC,-,-,0.0,NC,-,-,-,-,-,-,-,-,-,-,-,-,-,-,-,-,0
-,0.0,NC,L217,L,0.9539473684210527,C,-,-10,-3,-2,-10,-3,-10,-10,-2,-10,-10,-2,-10,-10,-3,ECL1,14
-,0.0,NC,L218,L,0.625,NC,-,-,-,-,-,-,-,-,-,-,-,-,-,-,-,ECL1,0
-,0.0,NC,S219,S,0.9078947368421053,C,-,-1,-2,-2,-2,-2,-1,-10,-,-1,-2,-,-2,-4,-2,ECL1,12
-,0.0,NC,Y220,Y,0.7284768211920529,NC,-,-,-,-,-,-,-,-,-,-,-,-,-,-,-,ECL1,0
-,0.0,NC,Q221,Q,0.993421052631579,C,-,0,-10,-1,-10,-3,0,-10,-10,0,1,2,-1,-,-4,ECL1,13
-,0.0,NC,-,-,0.0,NC,-,-,-,-,-,-,-,-,-,-,-,-,-,-,-,-,0
-,0.0,NC,-,-,0.0,NC,-,-,-,-,-,-,-,-,-,-,-,-,-,-,-,-,0
-,0.0,NC,-,-,0.0,NC,-,-,-,-,-,-,-,-,-,-,-,-,-,-,-,-,0
-,0.0,NC,D222,-,0.0,NC,-,-,-,-,-,-,-,-,-,-,-,-,-,-,-,ECL1,0
-,0.0,NC,S223,S,0.987012987012987,C,-,0,-4,-10,-,1,-2,-3,-10,-2,-1,-10,-1,-3,1,ECL1,13
-,0.0,NC,L224,L,0.9545454545454546,C,3.27,-3,1,-10,1,1,-10,-10,-2,1,1,-10,1,-2,-10,TM3,14
-,0.0,NC,S225,G,0.512987012987013,NC,3.28,-,-,-,-,-,-,-,-,-,-,-,-,-,-,TM3,0
C,0.9927440633245382,C,C226,C,0.9935064935064936,C,3.29,-,-,-,-,-,-,-,-,-,-,-,-,-,-,TM3,0
K,0.5877887788778878,NC,R227,R,1.0,C,3.3,-,2,2,2,2,-,2,-,2,2,-,2,-,2,TM3,9
-,0.0,NC,L228,L,0.9281045751633987,C,3.31,-2,-2,-,-2,-2,-,1,1,1,1,-10,1,-2,-10,TM3,12
-,0.0,NC,V229,V,0.9084967320261438,C,3.32,3,-2,-,0,-,-,0,0,0,1,-10,-2,0,-2,TM3,11
-,0.0,NC,F230,F,0.9869281045751634,C,3.33,-2,0,0,-10,0,-2,-1,-10,-1,-2,-4,-4,-4,-1,TM3,14
-,0.0,NC,L231,L,0.5882352941176471,NC,3.34,-,-,-,-,-,-,-,-,-,-,-,-,-,-,TM3,0
-,0.0,NC,L232,L,0.5816993464052288,NC,3.35,-,-,-,-,-,-,-,-,-,-,-,-,-,-,TM3,0
-,0.0,NC,M233,M,0.9934640522875817,C,3.36,-2,0,0,0,0,-2,0,-,0,-2,-10,-2,-1,-2,TM3,13
-,0.0,NC,Q234,Q,1.0,C,3.37,0,-,-,-,1,0,-3,-,-3,-,1,-3,-,1,TM3,8
Y,0.9660737812911726,C,Y235,Y,0.9934640522875817,C,3.38,-,-,-,-,-,-,-,-,-,-,-,-,-,-,TM3,0
-,0.0,NC,C236,C,0.9934640522875817,C,3.39,-3,-10,-,-,-,-3,-3,-4,-3,-2,-3,-2,-,-10,TM3,10
-,0.0,NC,V237,V,0.9934640522875817,C,3.4,-,3,3,-,-,-4,1,3,1,1,-,1,-,-10,TM3,9
-,0.0,NC,A238,A,0.934640522875817,C,3.41,0,-1,-1,-1,-10,0,-,0,-,0,0,0,0,-1,TM3,12
-,0.0,NC,A239,A,0.9934640522875817,C,3.42,0,-,-,-,1,0,0,-,0,-1,-,-1,-,0,TM3,8
N,0.9727153188691651,C,N240,N,0.9934640522875817,C,3.43,-,-,-,-,-,-,-,-,-,-,-,-,-,-,TM3,0
Y,0.6097961867192636,NC,Y241,Y,0.9869281045751634,C,3.44,3,3,-,3,-,3,-,-,-,-,-,-,-,3,TM3,5
F,0.5243421052631579,NC,Y242,Y,0.9477124183006536,C,3.45,3,-,-2,3,3,3,-,-3,-,3,3,3,-2,-10,TM3,11
W,0.9980263157894737,C,W243,W,1.0,C,3.46,-,-,-,-,-,-,-,-,-,-,-,-,-,-,TM3,0
L,0.5623971024036879,NC,L244,L,0.9934640522875817,C,3.47,2,-,-,-,-,2,1,-,1,2,-,2,-,-,TM3,6
L,0.7721435627263747,NC,L245,L,1.0,C,3.48,0,-,-,-,0,0,-,-,-,-,-,-,-,-,TM3,3
V,0.662936142198815,NC,V246,V,0.9934640522875817,C,3.49,-,-,-,-,3,-4,-,-,-,-1,-,-1,-,-,TM3,4
E,0.9967083607636603,C,E247,E,0.9934640522875817,C,3.5,-,-,-,-,-,-,-,-,-,-,-,-,-,-,TM3,0
G,0.9138441302203223,C,G248,G,0.9934640522875817,C,3.51,-,-,-,-,-,-,-,-,-,-,-,-,-,0,TM3,1
-,0.0,NC,V249,V,0.5620915032679739,NC,3.52,-,-,-,-,-,-,-,-,-,-,-,-,-,-,TM3,0
Y,0.9671052631578947,C,Y250,Y,0.9934640522875817,C,3.53,-,-,-,-,-,-,-,-,-,-,-,-,-,-,TM3,0
L,0.9970384995064165,C,L251,L,1.0,C,3.54,-,-,-,-,-,-,-,-,-,-,-,-,-,-,TM3,0
H,0.7819796119697467,NC,Y252,Y,0.954248366013072,C,3.55,2,2,2,2,3,2,2,2,2,2,2,2,2,-3,TM3,14
T,0.6219592373438527,NC,T253,T,0.9411764705882353,C,3.56,-,-,-,-,-,-,1,0,1,-,-,-,1,-1,TM3,5
L,0.8445101906640368,NC,L254,L,1.0,C,3.57,-2,-,-,-,-,-2,-,-,-,-,-,-,-,-,TM3,2
L,0.5518262586377097,NC,L255,L,0.9934640522875817,C,3.58,1,-,-,-,-,1,1,-,1,1,-,1,-,-,TM3,6
V,0.5935441370223979,NC,A256,A,0.6339869281045751,NC,3.59,-,-,-,-,-,-,-,-,-,-,-,-,-,-,TM3,0
-,0.0,NC,F257,L,0.5686274509803921,NC,3.6,-,-,-,-,-,-,-,-,-,-,-,-,-,-,TM3,0
-,0.0,NC,S258,S,0.9411764705882353,C,-,1,-10,-,-,1,1,1,1,1,1,-10,1,-2,-,ICL2,11
-,0.0,NC,V259,V,0.9803921568627451,C,-,-2,3,-1,-1,-1,-2,-1,-,-1,-,-,-,-4,-10,ICL2,10
F,0.6327404479578392,NC,L260,F,0.9803921568627451,C,-,-3,-,-,-,-,-3,-,-,-,-,0,-,-4,-4,ICL2,5
-,0.0,NC,S261,S,0.9869281045751634,C,-,1,-,-,-,-1,1,-,-10,-,1,-,1,-,-1,TM4,7
E,0.6383957922419461,NC,E262,E,0.9934640522875817,C,4.38,1,-2,-,-,-,1,-,-,1,-,-,-,-,-10,TM4,5
-,0.0,NC,Q263,Q,0.987012987012987,C,4.39,1,0,1,1,1,1,1,1,-1,2,1,1,-10,1,TM4,14
-,0.0,NC,W264,R,0.9935064935064936,C,4.4,-3,-,2,2,-,-3,2,-1,2,1,-,1,-3,-,TM4,10
-,0.0,NC,I265,I,0.7402597402597403,NC,4.41,-,-,-,-,-,-,-,-,-,-,-,-,-,-,TM4,0
-,0.0,NC,F266,F,0.9805194805194806,C,4.42,-4,-,0,-,-,-4,0,-,0,0,0,0,-,-,TM4,8
-,0.0,NC,R267,R,0.922077922077922,C,4.43,-4,-10,-10,-4,-3,-4,-4,-10,-4,0,-10,-2,-,-4,TM4,13
-,0.0,NC,L268,L,0.961038961038961,C,4.44,1,-10,-10,-10,-2,2,-4,-,-4,-2,-3,-2,-10,-2,TM4,13
Y,0.5948616600790514,NC,Y269,Y,0.974025974025974,C,4.45,3,-,3,-,-,3,3,-,3,-,-,-,-,-2,TM4,6
-,0.0,NC,V270,L,0.8051948051948052,NC,4.46,-,-,-,-,-,-,-,-,-,-,-,-,-,-,TM4,0
-,0.0,NC,S271,S,0.5324675324675324,NC,4.47,-,-,-,-,-,-,-,-,-,-,-,-,-,-,TM4,0
I,0.556507413509061,NC,I272,I,0.8246753246753247,NC,4.48,-,-,-,-,-,-,-,-,-,-,-,-,-,-,TM4,0
G,0.9884754692130392,C,G273,G,0.987012987012987,C,4.49,-,-,-,-,-,-,-,-,-,-,-,-,-,-,TM4,0
W,0.9944060546232313,C,W274,W,0.9935064935064936,C,4.5,-,-,-,-,-,-,-,-,-,-,-,-,-,-,TM4,0
G,0.8292682926829268,NC,G275,G,1.0,C,4.51,-4,-,-,-,-,-4,-,-,-,-,-10,-,-,-,TM4,3
-,0.0,NC,V276,V,0.9802631578947368,C,4.52,3,3,-2,-10,0,3,1,0,-1,-1,-10,-1,0,-10,TM4,14
P,0.9880676168379184,C,P277,P,1.0,C,4.53,-,-,-,-,-,-,-,-,-,-,-,-,-,-,TM4,0
-,0.0,NC,L278,L,0.631578947368421,NC,4.54,-,-,-,-,-,-,-,-,-,-,-,-,-,-,TM4,0
-,0.0,NC,L279,L,0.9736842105263158,C,4.55,-3,1,-10,-10,1,-3,1,-,-10,1,-,1,-,-,TM4,10
F,0.5607569721115537,NC,F280,F,1.0,C,4.56,-1,-,-,-,-3,-1,-,-,-,-4,-,-4,-,-,TM4,5
-,0.0,NC,V281,V,1.0,C,4.57,3,3,-,3,-,3,-,-10,-,0,-,0,-,0,TM4,8
-,0.0,NC,V282,I,0.7960526315789473,NC,4.58,-,-,-,-,-,-,-,-,-,-,-,-,-,-,TM4,0
-,0.0,NC,P283,P,0.6644736842105263,NC,4.59,-,-,-,-,-,-,-,-,-,-,-,-,-,-,TM4,0
W,0.8368841544607191,NC,W284,W,1.0,C,4.6,-,-,-,-,-,-,-,-,-,-3,-,-3,-,-,TM4,2
A,0.5457570715474209,NC,G285,G,0.9802631578947368,C,4.61,0,-2,0,-2,0,0,0,-4,0,0,-10,0,-4,-5,TM4,14
-,0.0,NC,I286,I,0.6973684210526315,NC,4.62,-,-,-,-,-,-,-,-,-,-,-,-,-,-,TM4,0
-,0.0,NC,V287,V,0.993421052631579,C,4.63,-4,0,0,-10,1,-4,-,-,-10,0,-10,0,-,-10,TM4,11
R,0.6268308921438083,NC,K288,K,0.9868421052631579,C,4.64,-,2,2,2,2,-,2,-,2,2,2,2,2,-,TM4,10
-,0.0,NC,Y289,Y,0.9868421052631579,C,4.65,-2,-2,-10,-2,-2,-2,-2,-10,-2,-2,-10,-2,-,-10,TM4,13
-,0.0,NC,L290,L,0.993421052631579,C,4.66,-2,-10,0,-10,-3,-2,-2,-,-2,-10,-10,-,-,-2,TM4,11
-,0.0,NC,Y291,Y,0.993421052631579,C,4.67,-,-2,-10,3,3,-,-2,-,-2,-,-2,-,-,3,TM4,8
E,0.5171381031613976,NC,E292,E,1.0,C,4.68,-,-,-,-10,1,1,-1,-,-1,-4,-,-3,-,-,TM4,7
N,0.5123087159015303,NC,D293,D,0.9868421052631579,C,-,1,-,-,-,-,1,-,1,-,1,1,1,1,-,ECL2,7
-,0.0,NC,E294,E,0.9671052631578947,C,-,-,-1,-10,-10,-1,-,-1,-4,-1,1,-1,1,-1,-1,ECL2,12
-,0.0,NC,G295,G,0.9868421052631579,C,-,-2,-,-,-,-,-2,-3,-2,-3,-1,-,-1,-2,0,ECL2,9
C,0.9923358880373209,C,C296,C,1.0,C,45.5,-,-,-,-,-,-,-,-,-,-,-,-,-,-,ECL2,0
W,0.9936645548516172,C,W297,W,1.0,C,45.51,-,-,-,-,-,-,-,-,-,-,-,-,-,-,ECL2,0
-,0.0,NC,T298,T,0.8486842105263158,NC,45.52,-,-,-,-,-,-,-,-,-,-,-,-,-,-,ECL2,0
-,0.0,NC,R299,R,0.9342105263157895,C,-,-3,-1,-3,-10,-2,-3,-3,-10,-3,-1,-1,-1,-,-10,ECL2,13
-,0.0,NC,N300,N,1.0,C,-,0,-,-,-4,-,0,0,-,0,-4,-,0,-,-,ECL2,7
-,0.0,NC,S301,S,0.5986842105263158,NC,-,-,-,-,-,-,-,-,-,-,-,-,-,-,-,ECL2,0
-,0.0,NC,-,-,0.0,NC,-,-,-,-,-,-,-,-,-,-,-,-,-,-,-,-,0
-,0.0,NC,N302,N,1.0,C,5.32,-1,0,-,0,-,-1,-1,-,-1,-1,-,1,-10,-10,TM5,10
-,0.0,NC,M303,M,1.0,C,5.33,-2,-10,-1,-10,-1,1,-3,-,-3,-1,-10,-1,-2,-2,TM5,13
-,0.0,NC,N304,N,1.0,C,5.34,-3,-10,-10,-10,-2,-3,-10,-1,-10,0,-10,0,-2,-3,TM5,14
-,0.0,NC,Y305,Y,0.9870967741935484,C,5.35,-10,-4,-2,-10,-2,-2,-2,3,-2,-2,-2,-2,-2,-,TM5,13
W,0.543066178915863,NC,W306,W,1.0,C,5.36,-6,-,-,-,-,-6,-4,-,-4,-2,-,-2,-,-,TM5,6
W,0.6299003322259136,NC,L307,L,0.9935483870967742,C,5.37,-2,-2,-2,-2,-2,-2,-2,-2,-2,-2,-2,-2,-2,-2,TM5,14
I,0.7877781467950847,NC,I308,I,1.0,C,5.38,-,3,-,-,3,-,-,-,-,-,-,-,-,-,TM5,2
I,0.6594756057085961,NC,I309,I,0.9870967741935484,C,5.39,-2,-,-,-,-,-2,-,1,-2,3,-,-,-,-,TM5,5
-,0.0,NC,R310,R,1.0,C,5.4,1,-,-,2,2,1,1,-,1,0,-,0,-,2,TM5,9
G,0.5701958181214736,NC,L311,L,0.9935483870967742,C,5.41,-4,-10,-4,-10,-4,-4,1,0,-2,-4,-4,-4,-2,-4,TM5,14
P,0.9913707268503154,C,P312,P,1.0,C,5.42,-,-,-,-,-,-,-,-,-,-,-,-,-,-,TM5,0
I,0.6064430421786782,NC,I313,I,1.0,C,5.43,3,-,3,-,3,1,-,3,-,3,1,-,-,-,TM5,7
-,0.0,NC,L314,L,0.9548387096774194,C,5.44,1,-,1,-,1,1,-,0,-,2,-,-2,-,1,TM5,8
-,0.0,NC,F315,F,0.5870967741935483,NC,5.45,-,-,-,-,-,-,-,-,-,-,-,-,-,-,TM5,0
-,0.0,NC,A316,A,0.9870967741935484,C,5.46,0,1,1,1,1,0,-,-,-,-,-10,-,0,1,TM5,9
I,0.5476269498838368,NC,I317,I,0.9870967741935484,C,5.47,1,-,-,-,-,1,-,-,-,1,3,1,-,3,TM5,6
-,0.0,NC,G318,G,0.9870967741935484,C,5.48,-4,-5,-10,-4,-4,-4,-4,-4,-,-4,-10,-4,-4,-,TM5,12
V,0.5397296406198483,NC,V319,V,0.967741935483871,C,5.49,3,-,3,-,3,3,-,3,1,-,-,-,3,-,TM5,7
N,0.9709379128137384,C,N320,N,1.0,C,5.5,-,-,-,-,-,-,-,-,-,-,-,-,-,-,TM5,0
F,0.8776455026455027,NC,F321,F,0.9935897435897436,C,5.51,-,-,-,-,-,-,-,-,-,-,-,0,-,-,TM5,1
-,0.0,NC,L322,L,0.9615384615384616,C,5.52,1,1,1,1,1,1,1,0,1,0,0,0,-,-10,TM5,13
-,0.0,NC,I323,I,0.9807692307692307,C,5.53,-1,1,1,1,1,-1,1,-,1,-1,-,-1,-,1,TM5,11
F,0.6938099966898378,NC,F324,F,1.0,C,5.54,0,-,-,-,-,0,-,-,-,0,-,0,-,-,TM5,4
-,0.0,NC,V325,I,0.5897435897435898,NC,5.55,-,-,-,-,-,-,-,-,-,-,-,-,-,-,TM5,0
N,0.5483764082173624,NC,R326,R,1.0,C,5.56,-1,-1,-1,-4,-3,-1,-1,-,-1,-1,2,-1,-,-1,TM5,12
I,0.8996356409407088,NC,V327,V,0.9871794871794872,C,5.57,3,3,3,3,3,3,3,3,0,3,3,3,3,3,TM5,14
-,0.0,NC,I328,I,1.0,C,5.58,3,-,1,-,-,3,-,-,3,3,1,3,1,-,TM5,8
R,0.7015568068896986,NC,C329,C,1.0,C,5.59,-4,-4,-4,-4,-1,-4,-4,-10,-4,-4,-4,-4,-4,-4,TM5,14
I,0.6176275679257787,NC,I330,I,0.9806451612903225,C,5.6,-,-,-,-,-,-,3,-,3,3,1,3,-,-,TM5,5
L,0.941351888667992,C,V331,V,0.5806451612903226,NC,5.61,-,-,-,-,-,-,-,-,-,-,-,-,-,-,TM5,0
-,0.0,NC,V332,V,0.5741935483870968,NC,5.62,-,-,-,-,-,-,-,-,-,-,-,-,-,-,TM5,0
-,0.0,NC,S333,S,0.9612903225806452,C,5.63,1,0,-1,0,0,1,1,-,1,1,-,1,-,-10,TM5,11
K,0.9960264900662251,C,K334,K,1.0,C,5.64,-,-,-,-,-,-,-,-,-,-,-,-,-,-,TM5,0
L,0.8951025810721377,NC,L335,L,1.0,C,5.65,-,-,-,-,-,-,-,-,1,-,-,-,-,-,TM5,1
R,0.5066137566137566,NC,K336,K,0.567741935483871,NC,5.66,-,-,-,-,-,-,-,-,-,-,-,-,-,-,TM5,0
-,0.0,NC,A337,A,0.9548387096774194,C,5.67,-,1,0,-10,1,-,-1,-,-1,-2,-,0,0,-1,TM5,10
-,0.0,NC,N338,N,1.0,C,5.68,0,-3,-10,-3,-3,0,0,0,0,0,-10,0,-1,-1,TM5,14
-,0.0,NC,L339,L,0.9806451612903225,C,5.69,-2,-5,-4,-5,-5,-2,-4,-3,-4,-3,-3,-3,-3,-3,TM5,14
-,0.0,NC,M340,M,0.9483870967741935,C,-,-1,1,-10,1,1,-1,-1,-,-1,-2,-,0,-,1,ICL3,11
-,0.0,NC,C341,C,0.9483870967741935,C,6.3,-10,-4,-4,-4,-4,-10,-4,-4,-1,-10,-10,-10,-4,-10,TM6,14
-,0.0,NC,K342,K,0.9806451612903225,C,6.31,-10,-2,-2,-10,-2,-10,2,-3,-2,-10,-4,-10,-4,-4,TM6,14
-,0.0,NC,T343,T,0.9423076923076923,C,6.32,1,0,0,0,0,1,-1,-,-10,0,-10,0,-10,0,TM6,13
-,0.0,NC,D344,D,1.0,C,6.33,1,-,1,1,1,1,-,-,-,1,-,1,-,1,TM6,8
-,0.0,NC,-,-,0.0,NC,-,-,-,-,-,-,-,-,-,-,-,-,-,-,-,-,0
-,0.0,NC,-,-,0.0,NC,-,-,-,-,-,-,-,-,-,-,-,-,-,-,-,-,0
-,0.0,NC,-,-,0.0,NC,-,-,-,-,-,-,-,-,-,-,-,-,-,-,-,-,0
Q,0.6215292609995728,NC,-,-,0.0,NC,-,-,-,-,-,-,-,-,-,-,-,-,-,-,-,-,0
Y,0.9319907560250907,C,I345,I,0.7948717948717948,NC,6.34,-,-,-,-,-,-,-,-,-,-,-,-,-,-,TM6,0
-,0.0,NC,K346,K,1.0,C,6.35,2,-,-,-1,-3,2,2,-,2,-2,-,-2,2,2,TM6,10
-,0.0,NC,C347,C,1.0,C,6.36,-10,-10,-10,-10,-10,-10,-10,-3,-10,-10,-3,-10,-2,-10,TM6,14
R,0.537951607557176,NC,R348,R,0.9871794871794872,C,6.37,2,-,-,-,-,2,2,-,2,2,-,2,-,-,TM6,6
L,0.692154915590864,NC,L349,L,1.0,C,6.38,-2,-,-,-,-,-2,-,-,-,-2,-,-2,-,-,TM6,4
A,0.5418735518040384,NC,A350,A,1.0,C,6.39,0,-,-,-,-,0,-2,-,-,0,-,0,-,1,TM6,6
K,0.6773659827928524,NC,K351,K,1.0,C,6.4,-,-,-,-,2,-,-,-,-,2,2,2,2,-,TM6,5
S,0.6751571286801191,NC,S352,S,0.9935483870967742,C,6.41,1,-,-,-,-,1,-,-,-,1,-,1,-,-,TM6,4
T,0.9897520661157024,C,T353,T,1.0,C,6.42,-,-,-,-,-,-,-,-,-,-,-,-,-,-,TM6,0
L,0.9702380952380952,C,L354,L,0.9935483870967742,C,6.43,-,-,-,-,-,-,-,-,-,-,-,-,-,-,TM6,0
-,0.0,NC,T355,T,0.9870967741935484,C,6.44,0,-2,-2,-2,-2,0,0,-,0,-1,0,-1,-,-2,TM6,12
L,0.9953719008264463,C,L356,L,0.9935483870967742,C,6.45,-,-,-,-,-,-,-,-,-,-,-,-,-,-,TM6,0
I,0.5213364207740655,NC,I357,I,1.0,C,6.46,1,-,-,-,-,1,1,-,3,3,-,3,3,-,TM6,7
P,0.9292328042328042,C,P358,P,1.0,C,6.47,-,-,-,-,-,-,-,-,-3,-,-,-,-,-,TM6,1
L,0.9404565001653986,C,L359,L,1.0,C,6.48,-,-,-,-,-,-,-,-,1,-,-,-,-,-,TM6,1
L,0.5312810327706058,NC,L360,L,1.0,C,6.49,-,0,0,0,0,-,0,-,0,-,-,-,-,0,TM6,7
G,0.9980145598941098,C,G361,G,1.0,C,6.5,-,-,-,-,-,-,-,-,-,-,-,-,-,-,TM6,0
I,0.5539021164021164,NC,T362,T,1.0,C,6.51,-1,0,0,-10,-1,-1,0,-1,0,-1,-10,-1,0,-,TM6,13
H,0.6635792259345021,NC,H363,H,0.987012987012987,C,6.52,-2,-,-,-,-,-2,-,-,-,1,-,0,-,-,TM6,4
Y,0.6142904399603043,NC,E364,E,1.0,C,6.53,-3,-3,-3,-3,-3,-3,-3,-,-3,-4,-,-4,-,-3,TM6,11
-,0.0,NC,V365,V,0.9025974025974026,C,6.54,1,-10,3,3,0,1,3,-,3,-,-10,-,-,3,TM6,10
-,0.0,NC,I366,I,0.8961038961038961,NC,6.55,-,-,-,-,-,-,-,-,-,-,-,-,-,-,TM6,0
F,0.9050611974859412,C,F367,F,1.0,C,6.56,-,-,-,-,-,-,-,-,-,-,-,-10,-,-,TM6,1
-,0.0,NC,A368,A,1.0,C,6.57,-3,-,-,-,-,-3,-1,-,0,-1,-10,-1,-,-2,TM6,8
-,0.0,NC,F369,F,0.9870967741935484,C,6.58,-1,-10,-,-,-,-1,-3,-,-3,0,-,0,-4,-,TM6,8
-,0.0,NC,V370,V,0.6903225806451613,NC,6.59,-,-,-,-,-,-,-,-,-,-,-,-,-,-,TM6,0
P,0.7536472148541115,NC,M371,M,0.567741935483871,NC,6.6,-,-,-,-,-,-,-,-,-,-,-,-,-,-,TM6,0
-,0.0,NC,-,-,0.0,NC,-,-,-,-,-,-,-,-,-,-,-,-,-,-,-,-,0
-,0.0,NC,-,-,0.0,NC,-,-,-,-,-,-,-,-,-,-,-,-,-,-,-,-,0
-,0.0,NC,D372,D,0.9935483870967742,C,-,-,-10,1,-,1,-,-4,-,-2,1,-,1,1,-,ECL3,8
-,0.0,NC,E373,E,0.9935483870967742,C,-,1,-10,1,-1,-1,-,-1,-,-10,-1,-,-3,-,-3,ECL3,10
-,0.0,NC,H374,H,0.9935483870967742,C,-,-4,-4,-2,-2,-4,-4,0,-,-10,0,1,0,1,-10,ECL3,13
-,0.0,NC,A375,A,0.9935483870967742,C,-,-10,1,1,-1,1,-10,0,-,-3,-2,0,-2,-,-10,ECL3,12
-,0.0,NC,R376,R,0.9096774193548387,C,-,-10,-10,-1,-10,-10,-10,-1,1,-10,-2,-1,-2,-,-10,ECL3,13
G,0.7931858936043037,NC,G377,G,0.9935483870967742,C,7.32,-10,-10,-,-10,-10,-10,-,-,-,-,-,-3,-,-10,TM7,7
-,0.0,NC,T378,-,0.0,NC,7.33,-,-,-,-,-,-,-,-,-,-,-,-,-,-,TM7,0
-,0.0,NC,L379,L,0.9935483870967742,C,7.34,-3,-10,-2,-10,-10,-3,-,-,-4,-10,-3,-10,-,-10,TM7,11
-,0.0,NC,R380,R,1.0,C,7.35,1,-10,-2,-10,2,-,-4,-,-4,-10,-,-10,-,-3,TM7,10
-,0.0,NC,F381,F,0.9225806451612903,C,7.36,-1,-10,-4,-4,-4,-1,-4,-10,-4,-4,-10,-4,-10,-4,TM7,14
-,0.0,NC,I382,I,0.535483870967742,NC,7.37,-,-,-,-,-,-,-,-,-,-,-,-,-,-,TM7,0
-,0.0,NC,K383,K,1.0,C,7.38,-4,-10,1,-,2,-4,1,-,2,-3,2,-3,-,2,TM7,11
-,0.0,NC,L384,L,1.0,C,7.39,1,1,-,-,-,1,2,-,2,-5,-,-5,-,-,TM7,7
-,0.0,NC,F385,F,0.9415584415584416,C,7.4,3,-10,-,-1,-1,3,-2,-,-2,3,-,3,-10,-10,TM7,11
F,0.5039735099337749,NC,T386,T,0.8701298701298701,NC,7.41,-,-,-,-,-,-,-,-,-,-,-,-,-,-,TM7,0
E,0.5168986083499006,NC,E387,E,0.9935064935064936,C,7.42,-1,-,-,-,-,-1,-,1,-,-2,2,-2,-,-,TM7,6
L,0.5847121111846459,NC,L388,L,0.9806451612903225,C,7.43,-3,-,-,-,-,-3,2,-,-,-3,-,-3,1,-,TM7,6
-,0.0,NC,S389,S,0.9806451612903225,C,7.44,-3,-2,1,-2,-1,-3,-3,-3,-3,-3,1,-3,-3,-2,TM7,14
L,0.657606894265827,NC,F390,F,0.9612903225806452,C,7.45,0,0,0,-1,0,0,-,0,-,0,0,0,0,0,TM7,12
-,0.0,NC,T391,T,0.6064516129032258,NC,7.46,-,-,-,-,-,-,-,-,-,-,-,-,-,-,TM7,0
S,0.8386883073865519,NC,S392,S,0.9935483870967742,C,7.47,-,-,-,-,-,-,-,-,-,-1,-,-1,-,-,TM7,2
F,0.8639523336643495,NC,F393,F,1.0,C,7.48,-,-,-,-,-,-,-,-,-,3,-,3,-,-,TM7,2
Q,0.949685534591195,C,Q394,Q,0.9935483870967742,C,7.49,-,-,-,-,-,-,-,-,-,-,1,-,-,-,TM7,1
G,0.9897854954034729,C,G395,G,0.9935483870967742,C,7.5,-,-,-,-,-,-,-,-,-,-,-,-,-,-,TM7,0
F,0.5939414567733152,NC,L396,L,0.9935483870967742,C,7.51,0,-,-,0,0,0,0,-,0,-,0,-,0,0,TM7,9
-,0.0,NC,M397,M,0.9225806451612903,C,7.52,0,1,1,1,1,0,0,2,0,2,2,2,2,1,TM7,14
V,0.9805924412665986,C,V398,V,0.9935483870967742,C,7.53,-,-,-,-,-,-,-,-,-,-,-,-,-,-,TM7,0
A,0.7105978260869565,NC,A399,A,0.9870967741935484,C,7.54,1,-,-,-,-,1,-,-,1,-,-,-,1,-,TM7,4
-,0.0,NC,I400,I,0.9155844155844156,C,7.55,3,3,3,3,3,3,-,-,-,-1,-10,-1,3,-,TM7,10
L,0.5295717199184229,NC,L401,L,1.0,C,7.56,0,-,-,-,-,0,1,-,1,1,-,1,-,-,TM7,6
Y,0.8653519211152669,NC,Y402,Y,1.0,C,7.57,-,-,-,-,-,-,-,-,-,3,-,3,-,-,TM7,2
C,0.9758749575263337,C,C403,C,1.0,C,7.58,-,-,-,-,-,-,-,-,-,-,-,-,-,-,TM7,0
F,0.9371389738362216,C,F404,F,1.0,C,7.59,-,-,-,-,-,-,-,-,3,-,-,-,-,-,TM7,1
-,0.0,NC,V405,V,0.5974025974025974,NC,7.6,-,-,-,-,-,-,-,-,-,-,-,-,-,-,TM7,0
N,0.9819482288828338,C,N406,N,1.0,C,8.47,-,-,-,-,-,-,-,-,-,-,-,-,-,-,H8,0
G,0.5814032697547684,NC,N407,N,0.9025974025974026,C,8.48,-1,0,-1,-1,-1,0,-1,0,-1,-1,-1,-1,0,0,H8,14
E,0.9806320081549439,C,E408,E,1.0,C,8.49,-,-,-,-,-,-,-,-,-,-,-,-,-,-,H8,0
V,0.982573726541555,C,V409,V,0.993421052631579,C,8.5,-,-,-,-,-,-,-,-,-,-,-,-,-,-,H8,0
Q,0.7400539447066756,NC,Q410,Q,0.9078947368421053,C,8.51,1,-,-,-,-,1,-,-,-,-,1,-,-,-,H8,3
-,0.0,NC,L411,M,0.6490066225165563,NC,8.52,-,-,-,-,-,-,-,-,-,-,-,-,-,-,H8,0
E,0.6762809636918901,NC,E412,E,0.9733333333333334,C,8.53,-1,-,-,-,-,-1,-,-,-,-1,-,-3,-,-,H8,4
-,0.0,NC,F413,F,0.9733333333333334,C,8.54,-10,0,-1,0,-1,-1,-1,0,-10,0,0,0,-1,-1,H8,14
-,0.0,NC,R414,R,0.8657718120805369,NC,8.55,-,-,-,-,-,-,-,-,-,-,-,-,-,-,H8,0
-,0.0,NC,K415,K,0.8456375838926175,NC,8.56,-,-,-,-,-,-,-,-,-,-,-,-,-,-,H8,0
-,0.0,NC,S416,S,0.8133333333333334,NC,8.57,-,-,-,-,-,-,-,-,-,-,-,-,-,-,H8,0
W,0.9691645751165292,C,W417,W,0.9666666666666667,C,8.58,-,-,-,-,-,-,-,-,-,-,-,-,-,-10,H8,1
-,0.0,NC,E418,E,0.9733333333333334,C,8.59,0,-1,-1,-1,-1,0,0,-10,-10,-10,-10,-1,0,-10,H8,14
R,0.5877732240437158,NC,R419,R,0.9733333333333334,C,8.6,-,-1,1,-,-1,-,-,-,-,1,-,1,-,-,H8,5
W,0.6375128117526477,NC,W420,W,0.9866666666666667,C,8.61,-,-2,-,-,-,-,-,-,-,2,0,2,-3,-,H8,5
-,0.0,NC,R421,R,0.92,C,8.62,1,-4,0,0,2,1,-1,2,-1,2,-3,2,-,0,H8,13
L,0.5832610581092801,NC,L422,L,0.9866666666666667,C,8.63,-10,-10,-,-,1,-10,-,-,-,-2,-,1,-,-10,H8,7
-,0.0,NC,-,-,0.0,NC,-,-,-,-,-,-,-,-,-,-,-,-,-,-,-,-,0
-,0.0,NC,E423,E,0.88,NC,8.64,-,-,-,-,-,-,-,-,-,-,-,-,-,-,H8,0
-,0.0,NC,-,-,0.0,NC,-,-,-,-,-,-,-,-,-,-,-,-,-,-,-,-,0
-,0.0,NC,-,-,0.0,NC,-,-,-,-,-,-,-,-,-,-,-,-,-,-,-,-,0
-,0.0,NC,H424,H,0.96,C,8.65,-,-10,-10,0,0,-,-3,-10,-10,1,-10,-10,-10,-10,H8,12
-,0.0,NC,L425,L,0.84,NC,8.66,-,-,-,-,-,-,-,-,-,-,-,-,-,-,H8,0
-,0.0,NC,H426,H,0.52,NC,8.67,-,-,-,-,-,-,-,-,-,-,-,-,-,-,H8,0
-,0.0,NC,I427,-,0.0,NC,8.68,-,-,-,-,-,-,-,-,-,-,-,-,-,-,H8,0
-,0.0,NC,Q428,Q,0.9735099337748344,C,8.69,-3,1,-10,0,-3,-1,1,2,1,-10,-4,1,2,-10,H8,14
-,0.0,NC,R429,R,0.9602649006622517,C,8.7,-,-2,-2,-2,-2,-,2,-1,-1,0,-,-1,-1,-2,H8,11
-,0.0,NC,-,-,0.0,NC,-,-,-,-,-,-,-,-,-,-,-,-,-,-,-,-,0
-,0.0,NC,D430,D,0.9006622516556292,C,8.71,-4,-4,-10,-10,-4,-4,-2,-10,-10,-1,-10,-2,-10,-2,H8,14
-,0.0,NC,S431,S,0.8079470198675497,NC,8.72,-,-,-,-,-,-,-,-,-,-,-,-,-,-,H8,0
-,0.0,NC,-,-,0.0,NC,-,-,-,-,-,-,-,-,-,-,-,-,-,-,-,-,0
-,0.0,NC,-,-,0.0,NC,-,-,-,-,-,-,-,-,-,-,-,-,-,-,-,-,0
-,0.0,NC,-,-,0.0,NC,-,-,-,-,-,-,-,-,-,-,-,-,-,-,-,-,0
-,0.0,NC,-,-,0.0,NC,-,-,-,-,-,-,-,-,-,-,-,-,-,-,-,-,0
-,0.0,NC,S432,S,0.9602649006622517,C,-,-10,-10,-10,-10,-10,-10,-10,-10,-10,-10,0,-10,-10,-10,C-ter,14
-,0.0,NC,M433,M,0.9602649006622517,C,-,-1,-10,-10,-10,-10,-1,-10,-2,-10,-10,-10,2,-10,-10,C-ter,14
R,0.6095238095238096,NC,K434,K,0.9668874172185431,C,-,2,2,-10,-,-,2,2,2,-1,2,-,2,2,2,C-ter,11
-,0.0,NC,-,-,0.0,NC,-,-,-,-,-,-,-,-,-,-,-,-,-,-,-,-,0
-,0.0,NC,-,-,0.0,NC,-,-,-,-,-,-,-,-,-,-,-,-,-,-,-,-,0
-,0.0,NC,-,-,0.0,NC,-,-,-,-,-,-,-,-,-,-,-,-,-,-,-,-,0
-,0.0,NC,-,-,0.0,NC,-,-,-,-,-,-,-,-,-,-,-,-,-,-,-,-,0
-,0.0,NC,-,-,0.0,NC,-,-,-,-,-,-,-,-,-,-,-,-,-,-,-,-,0
-,0.0,NC,-,-,0.0,NC,-,-,-,-,-,-,-,-,-,-,-,-,-,-,-,-,0
-,0.0,NC,-,-,0.0,NC,-,-,-,-,-,-,-,-,-,-,-,-,-,-,-,-,0
-,0.0,NC,P435,P,0.9866666666666667,C,-,-10,-10,-10,-10,-10,-10,-10,-10,-10,-10,-10,-10,-10,-10,C-ter,14
-,0.0,NC,L436,L,0.8333333333333334,NC,-,-,-,-,-,-,-,-,-,-,-,-,-,-,-,C-ter,0
-,0.0,NC,K437,K,0.9533333333333334,C,-,-10,-1,-10,1,2,-10,-10,-10,-10,-10,-,-10,-10,-10,C-ter,13
-,0.0,NC,C438,C,0.9066666666666666,C,-,-10,-10,-10,-10,-10,-10,-3,-10,-3,-10,-,-10,-10,-3,C-ter,13
-,0.0,NC,-,-,0.0,NC,-,-,-,-,-,-,-,-,-,-,-,-,-,-,-,-,0
-,0.0,NC,-,-,0.0,NC,-,-,-,-,-,-,-,-,-,-,-,-,-,-,-,-,0
-,0.0,NC,-,-,0.0,NC,-,-,-,-,-,-,-,-,-,-,-,-,-,-,-,-,0
P,0.5123639960435212,NC,P439,P,0.98,C,-,-10,-1,-1,-,-,-10,-,-1,-1,-10,-10,-10,-2,-,C-ter,10
-,0.0,NC,T440,T,0.5466666666666666,NC,-,-,-,-,-,-,-,-,-,-,-,-,-,-,-,C-ter,0
-,0.0,NC,-,-,0.0,NC,-,-,-,-,-,-,-,-,-,-,-,-,-,-,-,-,0
-,0.0,NC,-,-,0.0,NC,-,-,-,-,-,-,-,-,-,-,-,-,-,-,-,-,0
-,0.0,NC,-,-,0.0,NC,-,-,-,-,-,-,-,-,-,-,-,-,-,-,-,-,0
-,0.0,NC,-,-,0.0,NC,-,-,-,-,-,-,-,-,-,-,-,-,-,-,-,-,0
-,0.0,NC,-,-,0.0,NC,-,-,-,-,-,-,-,-,-,-,-,-,-,-,-,-,0
-,0.0,NC,-,-,0.0,NC,-,-,-,-,-,-,-,-,-,-,-,-,-,-,-,-,0
-,0.0,NC,-,-,0.0,NC,-,-,-,-,-,-,-,-,-,-,-,-,-,-,-,-,0
-,0.0,NC,-,-,0.0,NC,-,-,-,-,-,-,-,-,-,-,-,-,-,-,-,-,0
-,0.0,NC,-,-,0.0,NC,-,-,-,-,-,-,-,-,-,-,-,-,-,-,-,-,0
-,0.0,NC,-,-,0.0,NC,-,-,-,-,-,-,-,-,-,-,-,-,-,-,-,-,0
-,0.0,NC,-,-,0.0,NC,-,-,-,-,-,-,-,-,-,-,-,-,-,-,-,-,0
-,0.0,NC,-,-,0.0,NC,-,-,-,-,-,-,-,-,-,-,-,-,-,-,-,-,0
-,0.0,NC,-,-,0.0,NC,-,-,-,-,-,-,-,-,-,-,-,-,-,-,-,-,0
S,0.74812734082397,NC,S441,S,0.5973154362416108,NC,-,-,-,-,-,-,-,-,-,-,-,-,-,-,-,C-ter,0
-,0.0,NC,-,-,0.0,NC,-,-,-,-,-,-,-,-,-,-,-,-,-,-,-,-,0
-,0.0,NC,-,-,0.0,NC,-,-,-,-,-,-,-,-,-,-,-,-,-,-,-,-,0
-,0.0,NC,-,-,0.0,NC,-,-,-,-,-,-,-,-,-,-,-,-,-,-,-,-,0
-,0.0,NC,-,-,0.0,NC,-,-,-,-,-,-,-,-,-,-,-,-,-,-,-,-,0
-,0.0,NC,-,-,0.0,NC,-,-,-,-,-,-,-,-,-,-,-,-,-,-,-,-,0
-,0.0,NC,-,-,0.0,NC,-,-,-,-,-,-,-,-,-,-,-,-,-,-,-,-,0
-,0.0,NC,-,-,0.0,NC,-,-,-,-,-,-,-,-,-,-,-,-,-,-,-,-,0
-,0.0,NC,-,-,0.0,NC,-,-,-,-,-,-,-,-,-,-,-,-,-,-,-,-,0
-,0.0,NC,-,-,0.0,NC,-,-,-,-,-,-,-,-,-,-,-,-,-,-,-,-,0
-,0.0,NC,-,-,0.0,NC,-,-,-,-,-,-,-,-,-,-,-,-,-,-,-,-,0
-,0.0,NC,-,-,0.0,NC,-,-,-,-,-,-,-,-,-,-,-,-,-,-,-,-,0
-,0.0,NC,-,-,0.0,NC,-,-,-,-,-,-,-,-,-,-,-,-,-,-,-,-,0
-,0.0,NC,-,-,0.0,NC,-,-,-,-,-,-,-,-,-,-,-,-,-,-,-,-,0
-,0.0,NC,-,-,0.0,NC,-,-,-,-,-,-,-,-,-,-,-,-,-,-,-,-,0
-,0.0,NC,-,-,0.0,NC,-,-,-,-,-,-,-,-,-,-,-,-,-,-,-,-,0
-,0.0,NC,-,-,0.0,NC,-,-,-,-,-,-,-,-,-,-,-,-,-,-,-,-,0
-,0.0,NC,-,-,0.0,NC,-,-,-,-,-,-,-,-,-,-,-,-,-,-,-,-,0
L,0.5905612244897959,NC,-,-,0.0,NC,-,-,-,-,-,-,-,-,-,-,-,-,-,-,-,-,0
-,0.0,NC,-,-,0.0,NC,-,-,-,-,-,-,-,-,-,-,-,-,-,-,-,-,0
-,0.0,NC,-,-,0.0,NC,-,-,-,-,-,-,-,-,-,-,-,-,-,-,-,-,0
-,0.0,NC,-,-,0.0,NC,-,-,-,-,-,-,-,-,-,-,-,-,-,-,-,-,0
-,0.0,NC,-,-,0.0,NC,-,-,-,-,-,-,-,-,-,-,-,-,-,-,-,-,0
-,0.0,NC,-,-,0.0,NC,-,-,-,-,-,-,-,-,-,-,-,-,-,-,-,-,0
-,0.0,NC,-,-,0.0,NC,-,-,-,-,-,-,-,-,-,-,-,-,-,-,-,-,0
-,0.0,NC,-,-,0.0,NC,-,-,-,-,-,-,-,-,-,-,-,-,-,-,-,-,0
-,0.0,NC,-,-,0.0,NC,-,-,-,-,-,-,-,-,-,-,-,-,-,-,-,-,0
-,0.0,NC,-,-,0.0,NC,-,-,-,-,-,-,-,-,-,-,-,-,-,-,-,-,0
-,0.0,NC,-,-,0.0,NC,-,-,-,-,-,-,-,-,-,-,-,-,-,-,-,-,0
-,0.0,NC,-,-,0.0,NC,-,-,-,-,-,-,-,-,-,-,-,-,-,-,-,-,0
-,0.0,NC,-,-,0.0,NC,-,-,-,-,-,-,-,-,-,-,-,-,-,-,-,-,0
-,0.0,NC,S442,S,0.9932885906040269,C,-,-10,-1,-,-,-,-10,-10,-1,-10,-,-1,-,-1,-10,C-ter,9
-,0.0,NC,-,-,0.0,NC,-,-,-,-,-,-,-,-,-,-,-,-,-,-,-,-,0
-,0.0,NC,-,-,0.0,NC,-,-,-,-,-,-,-,-,-,-,-,-,-,-,-,-,0
-,0.0,NC,L443,L,0.6174496644295302,NC,-,-,-,-,-,-,-,-,-,-,-,-,-,-,-,C-ter,0
-,0.0,NC,S444,S,0.9664429530201343,C,-,-10,0,0,0,-,-10,-10,-10,0,1,-10,-,-,-,C-ter,10
-,0.0,NC,-,-,0.0,NC,-,-,-,-,-,-,-,-,-,-,-,-,-,-,-,-,0
-,0.0,NC,-,-,0.0,NC,-,-,-,-,-,-,-,-,-,-,-,-,-,-,-,-,0
-,0.0,NC,-,-,0.0,NC,-,-,-,-,-,-,-,-,-,-,-,-,-,-,-,-,0
-,0.0,NC,-,-,0.0,NC,-,-,-,-,-,-,-,-,-,-,-,-,-,-,-,-,0
-,0.0,NC,-,-,0.0,NC,-,-,-,-,-,-,-,-,-,-,-,-,-,-,-,-,0
-,0.0,NC,-,-,0.0,NC,-,-,-,-,-,-,-,-,-,-,-,-,-,-,-,-,0
-,0.0,NC,-,-,0.0,NC,-,-,-,-,-,-,-,-,-,-,-,-,-,-,-,-,0
-,0.0,NC,-,-,0.0,NC,-,-,-,-,-,-,-,-,-,-,-,-,-,-,-,-,0
-,0.0,NC,-,-,0.0,NC,-,-,-,-,-,-,-,-,-,-,-,-,-,-,-,-,0
-,0.0,NC,-,-,0.0,NC,-,-,-,-,-,-,-,-,-,-,-,-,-,-,-,-,0
-,0.0,NC,S445,S,0.8389261744966443,NC,-,-,-,-,-,-,-,-,-,-,-,-,-,-,-,C-ter,0
G,0.7981651376146789,NC,G446,G,0.9328859060402684,C,-,-10,-,-,-,-,-10,-,-,-,-4,-,-,-,-,C-ter,3
-,0.0,NC,-,-,0.0,NC,-,-,-,-,-,-,-,-,-,-,-,-,-,-,-,-,0
-,0.0,NC,-,-,0.0,NC,-,-,-,-,-,-,-,-,-,-,-,-,-,-,-,-,0
-,0.0,NC,-,-,0.0,NC,-,-,-,-,-,-,-,-,-,-,-,-,-,-,-,-,0
-,0.0,NC,-,-,0.0,NC,-,-,-,-,-,-,-,-,-,-,-,-,-,-,-,-,0
-,0.0,NC,-,-,0.0,NC,-,-,-,-,-,-,-,-,-,-,-,-,-,-,-,-,0
-,0.0,NC,-,-,0.0,NC,-,-,-,-,-,-,-,-,-,-,-,-,-,-,-,-,0
-,0.0,NC,-,-,0.0,NC,-,-,-,-,-,-,-,-,-,-,-,-,-,-,-,-,0
-,0.0,NC,-,-,0.0,NC,-,-,-,-,-,-,-,-,-,-,-,-,-,-,-,-,0
-,0.0,NC,-,-,0.0,NC,-,-,-,-,-,-,-,-,-,-,-,-,-,-,-,-,0
-,0.0,NC,-,-,0.0,NC,-,-,-,-,-,-,-,-,-,-,-,-,-,-,-,-,0
-,0.0,NC,-,-,0.0,NC,-,-,-,-,-,-,-,-,-,-,-,-,-,-,-,-,0
-,0.0,NC,-,-,0.0,NC,-,-,-,-,-,-,-,-,-,-,-,-,-,-,-,-,0
-,0.0,NC,-,-,0.0,NC,-,-,-,-,-,-,-,-,-,-,-,-,-,-,-,-,0
-,0.0,NC,-,-,0.0,NC,-,-,-,-,-,-,-,-,-,-,-,-,-,-,-,-,0
-,0.0,NC,-,-,0.0,NC,-,-,-,-,-,-,-,-,-,-,-,-,-,-,-,-,0
-,0.0,NC,-,-,0.0,NC,-,-,-,-,-,-,-,-,-,-,-,-,-,-,-,-,0
-,0.0,NC,A447,G,0.6510067114093959,NC,-,-,-,-,-,-,-,-,-,-,-,-,-,-,-,C-ter,0
S,0.5689823874755382,NC,T448,T,0.9664429530201343,C,-,1,-2,-10,1,1,1,1,-,-1,-10,1,-10,-10,-10,C-ter,13
-,0.0,NC,A449,V,0.7583892617449665,NC,-,-,-,-,-,-,-,-,-,-,-,-,-,-,-,C-ter,0
-,0.0,NC,G450,G,0.9463087248322147,C,-,-3,-1,-10,-4,-4,-3,-3,-10,-3,-10,-1,-10,-10,-10,C-ter,14
-,0.0,NC,-,-,0.0,NC,-,-,-,-,-,-,-,-,-,-,-,-,-,-,-,-,0
-,0.0,NC,S451,S,0.9333333333333333,C,-,1,-,-10,1,-,1,-,-10,-10,-10,-,-2,-10,-10,C-ter,10
-,0.0,NC,-,-,0.0,NC,-,-,-,-,-,-,-,-,-,-,-,-,-,-,-,-,0
-,0.0,NC,-,-,0.0,NC,-,-,-,-,-,-,-,-,-,-,-,-,-,-,-,-,0
-,0.0,NC,-,-,0.0,NC,-,-,-,-,-,-,-,-,-,-,-,-,-,-,-,-,0
S,0.7429028388644542,NC,S452,S,0.8866666666666667,NC,-,-,-,-,-,-,-,-,-,-,-,-,-,-,-,C-ter,0
-,0.0,NC,-,-,0.0,NC,-,-,-,-,-,-,-,-,-,-,-,-,-,-,-,-,0
P,0.5084449621432732,NC,-,-,0.0,NC,-,-,-,-,-,-,-,-,-,-,-,-,-,-,-,-,0
-,0.0,NC,-,-,0.0,NC,-,-,-,-,-,-,-,-,-,-,-,-,-,-,-,-,0
-,0.0,NC,-,-,0.0,NC,-,-,-,-,-,-,-,-,-,-,-,-,-,-,-,-,0
-,0.0,NC,-,-,0.0,NC,-,-,-,-,-,-,-,-,-,-,-,-,-,-,-,-,0
-,0.0,NC,-,-,0.0,NC,-,-,-,-,-,-,-,-,-,-,-,-,-,-,-,-,0
-,0.0,NC,-,-,0.0,NC,-,-,-,-,-,-,-,-,-,-,-,-,-,-,-,-,0
-,0.0,NC,-,-,0.0,NC,-,-,-,-,-,-,-,-,-,-,-,-,-,-,-,-,0
-,0.0,NC,-,-,0.0,NC,-,-,-,-,-,-,-,-,-,-,-,-,-,-,-,-,0
-,0.0,NC,-,-,0.0,NC,-,-,-,-,-,-,-,-,-,-,-,-,-,-,-,-,0
-,0.0,NC,-,-,0.0,NC,-,-,-,-,-,-,-,-,-,-,-,-,-,-,-,-,0
-,0.0,NC,-,-,0.0,NC,-,-,-,-,-,-,-,-,-,-,-,-,-,-,-,-,0
-,0.0,NC,-,-,0.0,NC,-,-,-,-,-,-,-,-,-,-,-,-,-,-,-,-,0
-,0.0,NC,-,-,0.0,NC,-,-,-,-,-,-,-,-,-,-,-,-,-,-,-,-,0
-,0.0,NC,-,-,0.0,NC,-,-,-,-,-,-,-,-,-,-,-,-,-,-,-,-,0
-,0.0,NC,-,-,0.0,NC,-,-,-,-,-,-,-,-,-,-,-,-,-,-,-,-,0
-,0.0,NC,-,-,0.0,NC,-,-,-,-,-,-,-,-,-,-,-,-,-,-,-,-,0
-,0.0,NC,-,-,0.0,NC,-,-,-,-,-,-,-,-,-,-,-,-,-,-,-,-,0
-,0.0,NC,-,-,0.0,NC,-,-,-,-,-,-,-,-,-,-,-,-,-,-,-,-,0
-,0.0,NC,-,-,0.0,NC,-,-,-,-,-,-,-,-,-,-,-,-,-,-,-,-,0
-,0.0,NC,-,-,0.0,NC,-,-,-,-,-,-,-,-,-,-,-,-,-,-,-,-,0
-,0.0,NC,-,-,0.0,NC,-,-,-,-,-,-,-,-,-,-,-,-,-,-,-,-,0
-,0.0,NC,-,-,0.0,NC,-,-,-,-,-,-,-,-,-,-,-,-,-,-,-,-,0
-,0.0,NC,-,-,0.0,NC,-,-,-,-,-,-,-,-,-,-,-,-,-,-,-,-,0
-,0.0,NC,M453,V,0.8,NC,-,-,-,-,-,-,-,-,-,-,-,-,-,-,-,C-ter,0
-,0.0,NC,Y454,Y,0.9659863945578231,C,-,-10,-10,-10,-10,-10,-10,-10,-10,-10,-10,-10,-10,-10,-10,C-ter,14
-,0.0,NC,T455,A,0.7755102040816326,NC,-,-,-,-,-,-,-,-,-,-,-,-,-,-,-,C-ter,0
-,0.0,NC,A456,A,0.9863945578231292,C,-,-3,-10,-2,1,-1,-3,-10,-10,-10,-2,-2,-2,0,-10,C-ter,14
-,0.0,NC,-,-,0.0,NC,-,-,-,-,-,-,-,-,-,-,-,-,-,-,-,-,0
-,0.0,NC,-,-,0.0,NC,-,-,-,-,-,-,-,-,-,-,-,-,-,-,-,-,0
-,0.0,NC,-,-,0.0,NC,-,-,-,-,-,-,-,-,-,-,-,-,-,-,-,-,0
-,0.0,NC,-,-,0.0,NC,-,-,-,-,-,-,-,-,-,-,-,-,-,-,-,-,0
-,0.0,NC,-,-,0.0,NC,-,-,-,-,-,-,-,-,-,-,-,-,-,-,-,-,0
-,0.0,NC,-,-,0.0,NC,-,-,-,-,-,-,-,-,-,-,-,-,-,-,-,-,0
-,0.0,NC,-,-,0.0,NC,-,-,-,-,-,-,-,-,-,-,-,-,-,-,-,-,0
-,0.0,NC,-,-,0.0,NC,-,-,-,-,-,-,-,-,-,-,-,-,-,-,-,-,0
-,0.0,NC,-,-,0.0,NC,-,-,-,-,-,-,-,-,-,-,-,-,-,-,-,-,0
-,0.0,NC,-,-,0.0,NC,-,-,-,-,-,-,-,-,-,-,-,-,-,-,-,-,0
-,0.0,NC,-,-,0.0,NC,-,-,-,-,-,-,-,-,-,-,-,-,-,-,-,-,0
-,0.0,NC,-,-,0.0,NC,-,-,-,-,-,-,-,-,-,-,-,-,-,-,-,-,0
-,0.0,NC,-,-,0.0,NC,-,-,-,-,-,-,-,-,-,-,-,-,-,-,-,-,0
-,0.0,NC,-,-,0.0,NC,-,-,-,-,-,-,-,-,-,-,-,-,-,-,-,-,0
-,0.0,NC,T457,T,0.7687074829931972,NC,-,-,-,-,-,-,-,-,-,-,-,-,-,-,-,C-ter,0
-,0.0,NC,C458,C,0.9251700680272109,C,-,-2,-2,-10,-3,-2,-2,-1,-1,-10,-10,-2,-10,-2,-2,C-ter,14
-,0.0,NC,Q459,Q,0.9455782312925171,C,-,1,-,-10,-,-10,1,2,-10,2,-10,2,-10,-10,-10,C-ter,12
-,0.0,NC,-,-,0.0,NC,-,-,-,-,-,-,-,-,-,-,-,-,-,-,-,-,0
-,0.0,NC,-,-,0.0,NC,-,-,-,-,-,-,-,-,-,-,-,-,-,-,-,-,0
-,0.0,NC,-,-,0.0,NC,-,-,-,-,-,-,-,-,-,-,-,-,-,-,-,-,0
-,0.0,NC,-,-,0.0,NC,-,-,-,-,-,-,-,-,-,-,-,-,-,-,-,-,0
-,0.0,NC,-,-,0.0,NC,-,-,-,-,-,-,-,-,-,-,-,-,-,-,-,-,0
-,0.0,NC,-,-,0.0,NC,-,-,-,-,-,-,-,-,-,-,-,-,-,-,-,-,0
-,0.0,NC,A460,A,0.8299319727891157,NC,-,-,-,-,-,-,-,-,-,-,-,-,-,-,-,C-ter,0
E,0.5042926465098917,NC,-,-,0.0,NC,-,-,-,-,-,-,-,-,-,-,-,-,-,-,-,-,0
-,0.0,NC,S461,S,0.5918367346938775,NC,-,-,-,-,-,-,-,-,-,-,-,-,-,-,-,C-ter,0
-,0.0,NC,-,-,0.0,NC,-,-,-,-,-,-,-,-,-,-,-,-,-,-,-,-,0
-,0.0,NC,-,-,0.0,NC,-,-,-,-,-,-,-,-,-,-,-,-,-,-,-,-,0
-,0.0,NC,C462,C,0.6027397260273972,NC,-,-,-,-,-,-,-,-,-,-,-,-,-,-,-,C-ter,0
-,0.0,NC,S463,S,0.9315068493150684,C,-,1,-10,-,-,-3,1,1,-10,-10,1,0,-10,-10,-,C-ter,11
-,0.0,NC,-,-,0.0,NC,-,-,-,-,-,-,-,-,-,-,-,-,-,-,-,-,0
-,0.0,NC,-,-,0.0,NC,-,-,-,-,-,-,-,-,-,-,-,-,-,-,-,-,0
-,0.0,NC,-,-,0.0,NC,-,-,-,-,-,-,-,-,-,-,-,-,-,-,-,-,0
