residue,frequency,status,RAMP_residue,RAMP_frequency,RAMP_status,CALCR_seq,CALCR_Wootten,CALCR_Domain,CALRL_seq,CALRL_Wootten,CALRL_Domain,crfr1_blosum80,crfr2_blosum80,gcgr_blosum80,ghrhr_blosum80,gipr_blosum80,glp1r_blosum80,glp2r_blosum80,pacr_blosum80,pth1r_blosum80,pth2r_blosum80,sctr_blosum80,vipr1_blosum80,vipr2_blosum80,count
M,0.8711590296495957,NC,M,0.8295819935691319,NC,M1,-,N-ter,M1,-,N-ter,-,-,-,-,-,-,-,-,-,-,-,-,-,0
-,0.0,NC,-,0.0,NC,-,-,-,E2,-,N-ter,-,-,-,-,-,-,-,-,-,-,-,-,-,0
-,0.0,NC,K,0.5337620578778135,NC,R2,-,N-ter,K3,-,N-ter,-,-,-,-,-,-,-,-,-,-,-,-,-,0
-,0.0,NC,-,0.0,NC,F3,-,N-ter,-,-,-,-,-,-,-,-,-,-,-,-,-,-,-,-,0
-,0.0,NC,-,0.0,NC,T4,-,N-ter,-,-,-,-,-,-,-,-,-,-,-,-,-,-,-,-,0
-,0.0,NC,-,0.0,NC,-,-,-,-,-,-,-,-,-,-,-,-,-,-,-,-,-,-,-,0
-,0.0,NC,-,0.0,NC,-,-,-,-,-,-,-,-,-,-,-,-,-,-,-,-,-,-,-,0
-,0.0,NC,-,0.0,NC,-,-,-,-,-,-,-,-,-,-,-,-,-,-,-,-,-,-,-,0
-,0.0,NC,-,0.0,NC,F5,-,N-ter,-,-,-,-,-,-,-,-,-,-,-,-,-,-,-,-,0
-,0.0,NC,-,0.0,NC,-,-,-,-,-,-,-,-,-,-,-,-,-,-,-,-,-,-,-,0
-,0.0,NC,-,0.0,NC,-,-,-,-,-,-,-,-,-,-,-,-,-,-,-,-,-,-,-,0
-,0.0,NC,-,0.0,NC,-,-,-,-,-,-,-,-,-,-,-,-,-,-,-,-,-,-,-,0
-,0.0,NC,-,0.0,NC,-,-,-,-,-,-,-,-,-,-,-,-,-,-,-,-,-,-,-,0
-,0.0,NC,-,0.0,NC,-,-,-,-,-,-,-,-,-,-,-,-,-,-,-,-,-,-,-,0
-,0.0,NC,-,0.0,NC,-,-,-,-,-,-,-,-,-,-,-,-,-,-,-,-,-,-,-,0
-,0.0,NC,-,0.0,NC,-,-,-,-,-,-,-,-,-,-,-,-,-,-,-,-,-,-,-,0
-,0.0,NC,-,0.0,NC,-,-,-,-,-,-,-,-,-,-,-,-,-,-,-,-,-,-,-,0
-,0.0,NC,-,0.0,NC,-,-,-,-,-,-,-,-,-,-,-,-,-,-,-,-,-,-,-,0
-,0.0,NC,-,0.0,NC,-,-,-,-,-,-,-,-,-,-,-,-,-,-,-,-,-,-,-,0
-,0.0,NC,-,0.0,NC,-,-,-,-,-,-,-,-,-,-,-,-,-,-,-,-,-,-,-,0
-,0.0,NC,-,0.0,NC,-,-,-,-,-,-,-,-,-,-,-,-,-,-,-,-,-,-,-,0
-,0.0,NC,-,0.0,NC,-,-,-,-,-,-,-,-,-,-,-,-,-,-,-,-,-,-,-,0
-,0.0,NC,-,0.0,NC,-,-,-,-,-,-,-,-,-,-,-,-,-,-,-,-,-,-,-,0
-,0.0,NC,-,0.0,NC,-,-,-,-,-,-,-,-,-,-,-,-,-,-,-,-,-,-,-,0
-,0.0,NC,-,0.0,NC,-,-,-,-,-,-,-,-,-,-,-,-,-,-,-,-,-,-,-,0
-,0.0,NC,-,0.0,NC,-,-,-,-,-,-,-,-,-,-,-,-,-,-,-,-,-,-,-,0
-,0.0,NC,-,0.0,NC,-,-,-,-,-,-,-,-,-,-,-,-,-,-,-,-,-,-,-,0
-,0.0,NC,-,0.0,NC,-,-,-,-,-,-,-,-,-,-,-,-,-,-,-,-,-,-,-,0
-,0.0,NC,-,0.0,NC,-,-,-,-,-,-,-,-,-,-,-,-,-,-,-,-,-,-,-,0
-,0.0,NC,-,0.0,NC,-,-,-,-,-,-,-,-,-,-,-,-,-,-,-,-,-,-,-,0
-,0.0,NC,-,0.0,NC,-,-,-,-,-,-,-,-,-,-,-,-,-,-,-,-,-,-,-,0
-,0.0,NC,-,0.0,NC,-,-,-,-,-,-,-,-,-,-,-,-,-,-,-,-,-,-,-,0
-,0.0,NC,-,0.0,NC,-,-,-,-,-,-,-,-,-,-,-,-,-,-,-,-,-,-,-,0
-,0.0,NC,-,0.0,NC,-,-,-,-,-,-,-,-,-,-,-,-,-,-,-,-,-,-,-,0
-,0.0,NC,-,0.0,NC,-,-,-,-,-,-,-,-,-,-,-,-,-,-,-,-,-,-,-,0
-,0.0,NC,-,0.0,NC,-,-,-,-,-,-,-,-,-,-,-,-,-,-,-,-,-,-,-,0
-,0.0,NC,-,0.0,NC,-,-,-,-,-,-,-,-,-,-,-,-,-,-,-,-,-,-,-,0
-,0.0,NC,-,0.0,NC,-,-,-,-,-,-,-,-,-,-,-,-,-,-,-,-,-,-,-,0
-,0.0,NC,-,0.0,NC,-,-,-,-,-,-,-,-,-,-,-,-,-,-,-,-,-,-,-,0
-,0.0,NC,-,0.0,NC,-,-,-,-,-,-,-,-,-,-,-,-,-,-,-,-,-,-,-,0
-,0.0,NC,-,0.0,NC,-,-,-,-,-,-,-,-,-,-,-,-,-,-,-,-,-,-,-,0
-,0.0,NC,-,0.0,NC,-,-,-,-,-,-,-,-,-,-,-,-,-,-,-,-,-,-,-,0
-,0.0,NC,-,0.0,NC,-,-,-,-,-,-,-,-,-,-,-,-,-,-,-,-,-,-,-,0
-,0.0,NC,-,0.0,NC,-,-,-,-,-,-,-,-,-,-,-,-,-,-,-,-,-,-,-,0
-,0.0,NC,-,0.0,NC,-,-,-,-,-,-,-,-,-,-,-,-,-,-,-,-,-,-,-,0
-,0.0,NC,-,0.0,NC,-,-,-,-,-,-,-,-,-,-,-,-,-,-,-,-,-,-,-,0
-,0.0,NC,-,0.0,NC,-,-,-,-,-,-,-,-,-,-,-,-,-,-,-,-,-,-,-,0
-,0.0,NC,-,0.0,NC,-,-,-,-,-,-,-,-,-,-,-,-,-,-,-,-,-,-,-,0
-,0.0,NC,-,0.0,NC,-,-,-,-,-,-,-,-,-,-,-,-,-,-,-,-,-,-,-,0
-,0.0,NC,-,0.0,NC,-,-,-,-,-,-,-,-,-,-,-,-,-,-,-,-,-,-,-,0
-,0.0,NC,-,0.0,NC,T6,-,N-ter,-,-,-,-,-,-,-,-,-,-,-,-,-,-,-,-,0
-,0.0,NC,-,0.0,NC,S7,-,N-ter,-,-,-,-,-,-,-,-,-,-,-,-,-,-,-,-,0
-,0.0,NC,-,0.0,NC,R8,-,N-ter,K4,-,N-ter,-,-,-,-,-,-,-,-,-,-,-,-,-,0
-,0.0,NC,-,0.0,NC,C9,-,N-ter,C5,-,N-ter,-,-,-,-,-,-,-,-,-,-,-,-,-,0
-,0.0,NC,-,0.0,NC,-,-,-,-,-,-,-,-,-,-,-,-,-,-,-,-,-,-,-,0
-,0.0,NC,-,0.0,NC,-,-,-,-,-,-,-,-,-,-,-,-,-,-,-,-,-,-,-,0
-,0.0,NC,-,0.0,NC,-,-,-,-,-,-,-,-,-,-,-,-,-,-,-,-,-,-,-,0
-,0.0,NC,-,0.0,NC,-,-,-,-,-,-,-,-,-,-,-,-,-,-,-,-,-,-,-,0
-,0.0,NC,-,0.0,NC,-,-,-,-,-,-,-,-,-,-,-,-,-,-,-,-,-,-,-,0
-,0.0,NC,-,0.0,NC,-,-,-,-,-,-,-,-,-,-,-,-,-,-,-,-,-,-,-,0
-,0.0,NC,-,0.0,NC,-,-,-,-,-,-,-,-,-,-,-,-,-,-,-,-,-,-,-,0
-,0.0,NC,-,0.0,NC,-,-,-,-,-,-,-,-,-,-,-,-,-,-,-,-,-,-,-,0
-,0.0,NC,-,0.0,NC,-,-,-,-,-,-,-,-,-,-,-,-,-,-,-,-,-,-,-,0
-,0.0,NC,-,0.0,NC,-,-,-,-,-,-,-,-,-,-,-,-,-,-,-,-,-,-,-,0
-,0.0,NC,-,0.0,NC,L10,-,N-ter,T6,-,N-ter,-,-,-,-,-,-,-,-,-,-,-,-,-,0
-,0.0,NC,-,0.0,NC,-,-,-,-,-,-,-,-,-,-,-,-,-,-,-,-,-,-,-,0
-,0.0,NC,-,0.0,NC,A11,-,N-ter,L7,-,N-ter,-,-,-,-,-,-,-,-,-,-,-,-,-,0
-,0.0,NC,-,0.0,NC,-,-,-,-,-,-,-,-,-,-,-,-,-,-,-,-,-,-,-,0
-,0.0,NC,-,0.0,NC,-,-,-,-,-,-,-,-,-,-,-,-,-,-,-,-,-,-,-,0
-,0.0,NC,-,0.0,NC,-,-,-,-,-,-,-,-,-,-,-,-,-,-,-,-,-,-,-,0
-,0.0,NC,-,0.0,NC,-,-,-,-,-,-,-,-,-,-,-,-,-,-,-,-,-,-,-,0
-,0.0,NC,-,0.0,NC,-,-,-,-,-,-,-,-,-,-,-,-,-,-,-,-,-,-,-,0
-,0.0,NC,-,0.0,NC,-,-,-,-,-,-,-,-,-,-,-,-,-,-,-,-,-,-,-,0
-,0.0,NC,-,0.0,NC,-,-,-,-,-,-,-,-,-,-,-,-,-,-,-,-,-,-,-,0
-,0.0,NC,-,0.0,NC,L12,-,N-ter,N8,-,N-ter,-,-,-,-,-,-,-,-,-,-,-,-,-,0
-,0.0,NC,-,0.0,NC,-,-,-,-,-,-,-,-,-,-,-,-,-,-,-,-,-,-,-,0
-,0.0,NC,-,0.0,NC,-,-,-,-,-,-,-,-,-,-,-,-,-,-,-,-,-,-,-,0
-,0.0,NC,-,0.0,NC,-,-,-,-,-,-,-,-,-,-,-,-,-,-,-,-,-,-,-,0
-,0.0,NC,-,0.0,NC,-,-,-,-,-,-,-,-,-,-,-,-,-,-,-,-,-,-,-,0
-,0.0,NC,-,0.0,NC,-,-,-,-,-,-,-,-,-,-,-,-,-,-,-,-,-,-,-,0
-,0.0,NC,-,0.0,NC,-,-,-,-,-,-,-,-,-,-,-,-,-,-,-,-,-,-,-,0
-,0.0,NC,-,0.0,NC,-,-,-,-,-,-,-,-,-,-,-,-,-,-,-,-,-,-,-,0
L,0.5614117647058824,NC,F,0.5516129032258065,NC,F13,-,N-ter,F9,-,N-ter,-,-,-,-,-,-,-,-,-,-,-,-,-,0
L,0.5155096011816839,NC,L,0.6153846153846154,NC,L14,-,N-ter,L10,-,N-ter,-,-,-,-,-,-,-,-,-,-,-,-,-,0
-,0.0,NC,-,0.0,NC,-,-,-,-,-,-,-,-,-,-,-,-,-,-,-,-,-,-,-,0
-,0.0,NC,-,0.0,NC,-,-,-,-,-,-,-,-,-,-,-,-,-,-,-,-,-,-,-,0
-,0.0,NC,-,0.0,NC,-,-,-,-,-,-,-,-,-,-,-,-,-,-,-,-,-,-,-,0
-,0.0,NC,-,0.0,NC,L15,-,N-ter,V11,-,N-ter,-,-,-,-,-,-,-,-,-,-,-,-,-,0
-,0.0,NC,-,0.0,NC,-,-,-,-,-,-,-,-,-,-,-,-,-,-,-,-,-,-,-,0
-,0.0,NC,-,0.0,NC,-,-,-,-,-,-,-,-,-,-,-,-,-,-,-,-,-,-,-,0
-,0.0,NC,-,0.0,NC,-,-,-,-,-,-,-,-,-,-,-,-,-,-,-,-,-,-,-,0
-,0.0,NC,-,0.0,NC,-,-,-,-,-,-,-,-,-,-,-,-,-,-,-,-,-,-,-,0
-,0.0,NC,-,0.0,NC,-,-,-,-,-,-,-,-,-,-,-,-,-,-,-,-,-,-,-,0
-,0.0,NC,-,0.0,NC,-,-,-,-,-,-,-,-,-,-,-,-,-,-,-,-,-,-,-,0
L,0.7147087857847977,NC,L,0.7610062893081762,NC,L16,-,N-ter,L12,-,N-ter,-,-,-,-,-,-,-,-,-,-,-,-,-,0
-,0.0,NC,-,0.0,NC,-,-,-,-,-,-,-,-,-,-,-,-,-,-,-,-,-,-,-,0
-,0.0,NC,-,0.0,NC,-,-,-,L13,-,N-ter,-,-,-,-,-,-,-,-,-,-,-,-,-,0
-,0.0,NC,-,0.0,NC,-,-,-,P14,-,N-ter,-,-,-,-,-,-,-,-,-,-,-,-,-,0
-,0.0,NC,-,0.0,NC,-,-,-,F15,-,N-ter,-,-,-,-,-,-,-,-,-,-,-,-,-,0
-,0.0,NC,-,0.0,NC,-,-,-,F16,-,N-ter,-,-,-,-,-,-,-,-,-,-,-,-,-,0
-,0.0,NC,-,0.0,NC,-,-,-,-,-,-,-,-,-,-,-,-,-,-,-,-,-,-,-,0
-,0.0,NC,-,0.0,NC,-,-,-,M17,-,N-ter,-,-,-,-,-,-,-,-,-,-,-,-,-,0
-,0.0,NC,-,0.0,NC,-,-,-,-,-,-,-,-,-,-,-,-,-,-,-,-,-,-,-,0
-,0.0,NC,-,0.0,NC,-,-,-,-,-,-,-,-,-,-,-,-,-,-,-,-,-,-,-,0
-,0.0,NC,-,0.0,NC,-,-,-,-,-,-,-,-,-,-,-,-,-,-,-,-,-,-,-,0
-,0.0,NC,-,0.0,NC,-,-,-,-,-,-,-,-,-,-,-,-,-,-,-,-,-,-,-,0
-,0.0,NC,-,0.0,NC,-,-,-,-,-,-,-,-,-,-,-,-,-,-,-,-,-,-,-,0
-,0.0,NC,-,0.0,NC,N17,-,N-ter,-,-,-,-,-,-,-,-,-,-,-,-,-,-,-,-,0
-,0.0,NC,-,0.0,NC,H18,-,N-ter,-,-,-,-,-,-,-,-,-,-,-,-,-,-,-,-,0
-,0.0,NC,-,0.0,NC,P19,-,N-ter,-,-,-,-,-,-,-,-,-,-,-,-,-,-,-,-,0
-,0.0,NC,-,0.0,NC,-,-,-,-,-,-,-,-,-,-,-,-,-,-,-,-,-,-,-,0
-,0.0,NC,-,0.0,NC,T20,-,N-ter,-,-,-,-,-,-,-,-,-,-,-,-,-,-,-,-,0
-,0.0,NC,-,0.0,NC,P21,-,N-ter,-,-,-,-,-,-,-,-,-,-,-,-,-,-,-,-,0
-,0.0,NC,-,0.0,NC,-,-,-,-,-,-,-,-,-,-,-,-,-,-,-,-,-,-,-,0
-,0.0,NC,-,0.0,NC,-,-,-,-,-,-,-,-,-,-,-,-,-,-,-,-,-,-,-,0
-,0.0,NC,-,0.0,NC,-,-,-,-,-,-,-,-,-,-,-,-,-,-,-,-,-,-,-,0
-,0.0,NC,-,0.0,NC,-,-,-,-,-,-,-,-,-,-,-,-,-,-,-,-,-,-,-,0
-,0.0,NC,-,0.0,NC,I22,-,N-ter,I18,-,N-ter,-,-,-,-,-,-,-,-,-,-,-,-,-,0
-,0.0,NC,-,0.0,NC,L23,-,N-ter,L19,-,N-ter,-,-,-,-,-,-,-,-,-,-,-,-,-,0
-,0.0,NC,-,0.0,NC,P24,-,N-ter,V20,-,N-ter,-,-,-,-,-,-,-,-,-,-,-,-,-,0
-,0.0,NC,-,0.0,NC,-,-,-,T21,-,N-ter,-,-,-,-,-,-,-,-,-,-,-,-,-,0
-,0.0,NC,-,0.0,NC,-,-,-,-,-,-,-,-,-,-,-,-,-,-,-,-,-,-,-,0
-,0.0,NC,A,0.8066914498141264,NC,-,-,-,A22,-,N-ter,-,-,-,-,-,-,-,-,-,-,-,-,-,0
-,0.0,NC,-,0.0,NC,A25,-,N-ter,E23,-,N-ter,-,-,-,-,-,-,-,-,-,-,-,-,-,0
-,0.0,NC,-,0.0,NC,F26,-,N-ter,L24,-,N-ter,-,-,-,-,-,-,-,-,-,-,-,-,-,0
-,0.0,NC,E,0.6217228464419475,NC,-,-,-,E25,-,N-ter,-,-,-,-,-,-,-,-,-,-,-,-,-,0
-,0.0,NC,-,0.0,NC,S27,-,N-ter,-,-,-,-,-,-,-,-,-,-,-,-,-,-,-,-,0
-,0.0,NC,N,0.824,NC,N28,-,N-ter,-,-,-,-,-,-,-,-,-,-,-,-,-,-,-,-,0
-,0.0,NC,-,0.0,NC,Q29,-,N-ter,-,-,-,-,-,-,-,-,-,-,-,-,-,-,-,-,0
-,0.0,NC,-,0.0,NC,T30,-,N-ter,-,-,-,-,-,-,-,-,-,-,-,-,-,-,-,-,0
-,0.0,NC,-,0.0,NC,Y31,-,N-ter,-,-,-,-,-,-,-,-,-,-,-,-,-,-,-,-,0
-,0.0,NC,E,0.6126373626373627,NC,-,-,-,E26,-,N-ter,-,-,-,-,-,-,-,-,-,-,-,-,-,0
-,0.0,NC,-,0.0,NC,P32,-,N-ter,S27,-,N-ter,-,-,-,-,-,-,-,-,-,-,-,-,-,0
-,0.0,NC,-,0.0,NC,T33,-,N-ter,-,-,-,-,-,-,-,-,-,-,-,-,-,-,-,-,0
-,0.0,NC,-,0.0,NC,I34,-,N-ter,P28,-,N-ter,-,-,-,-,-,-,-,-,-,-,-,-,-,0
-,0.0,NC,-,0.0,NC,E35,-,N-ter,-,-,-,-,-,-,-,-,-,-,-,-,-,-,-,-,0
-,0.0,NC,-,0.0,NC,P36,-,N-ter,-,-,-,-,-,-,-,-,-,-,-,-,-,-,-,-,0
-,0.0,NC,-,0.0,NC,K37,-,N-ter,-,-,-,-,-,-,-,-,-,-,-,-,-,-,-,-,0
-,0.0,NC,-,0.0,NC,-,-,-,-,-,-,-,-,-,-,-,-,-,-,-,-,-,-,-,0
-,0.0,NC,-,0.0,NC,-,-,-,E29,-,N-ter,-,-,-,-,-,-,-,-,-,-,-,-,-,0
-,0.0,NC,-,0.0,NC,-,-,-,D30,-,N-ter,-,-,-,-,-,-,-,-,-,-,-,-,-,0
-,0.0,NC,-,0.0,NC,P38,-,N-ter,S31,-,N-ter,-,-,-,-,-,-,-,-,-,-,-,-,-,0
-,0.0,NC,-,0.0,NC,F39,-,N-ter,I32,-,N-ter,-,-,-,-,-,-,-,-,-,-,-,-,-,0
-,0.0,NC,-,0.0,NC,L40,-,N-ter,Q33,-,N-ter,-,-,-,-,-,-,-,-,-,-,-,-,-,0
-,0.0,NC,-,0.0,NC,Y41,-,N-ter,L34,-,N-ter,-,-,-,-,-,-,-,-,-,-,-,-,-,0
-,0.0,NC,-,0.0,NC,V42,-,N-ter,G35,-,N-ter,-,-,-,-,-,-,-,-,-,-,-,-,-,0
-,0.0,NC,V,0.6353591160220995,NC,V43,-,N-ter,V36,-,N-ter,-,-,-,-,-,-,-,-,-,-,-,-,-,0
-,0.0,NC,T,0.5852417302798982,NC,G44,-,N-ter,T37,-,N-ter,-,-,-,-,-,-,-,-,-,-,-,-,-,0
-,0.0,NC,R,0.8864734299516909,NC,R45,-,N-ter,R38,-,N-ter,-,-,-,-,-,-,-,-,-,-,-,-,-,0
-,0.0,NC,N,0.5302663438256658,NC,K46,-,N-ter,N39,-,N-ter,-,-,-,-,-,-,-,-,-,-,-,-,-,0
-,0.0,NC,K,0.9130434782608695,C,K47,-,N-ter,K40,-,N-ter,-1,-10,-10,1,2,-,-,-3,-3,-3,-3,-10,1,11
-,0.0,NC,-,0.0,NC,-,-,-,-,-,-,-,-,-,-,-,-,-,-,-,-,-,-,-,0
-,0.0,NC,I,0.7855421686746988,NC,M48,-,N-ter,I41,-,N-ter,-,-,-,-,-,-,-,-,-,-,-,-,-,0
-,0.0,NC,-,0.0,NC,M49,-,N-ter,M42,-,N-ter,-,-,-,-,-,-,-,-,-,-,-,-,-,0
-,0.0,NC,T,0.5410628019323671,NC,D50,-,N-ter,T43,-,N-ter,-,-,-,-,-,-,-,-,-,-,-,-,-,0
-,0.0,NC,A,0.7662650602409639,NC,A51,-,N-ter,A44,-,N-ter,-,-,-,-,-,-,-,-,-,-,-,-,-,0
-,0.0,NC,Q,0.9590361445783132,C,Q52,-,N-ter,Q45,-,N-ter,-1,2,-10,2,1,1,1,-,-10,1,-10,-10,2,12
-,0.0,NC,Y,0.6578313253012048,NC,Y53,-,N-ter,Y46,-,N-ter,-,-,-,-,-,-,-,-,-,-,-,-,-,0
-,0.0,NC,E,0.5518072289156627,NC,K54,-,N-ter,E47,-,N-ter,-,-,-,-,-,-,-,-,-,-,-,-,-,0
C,0.9436349693251532,C,C,0.9951807228915662,C,C55,-,N-ter,C48,-,N-ter,-,-10,-,-,-,-,-,-,-,-,-,-,-,1
-,0.0,NC,Y,0.8091787439613527,NC,Y56,-,N-ter,Y49,-,N-ter,-,-,-,-,-,-,-,-,-,-,-,-,-,0
-,0.0,NC,Q,0.5533980582524272,NC,D57,-,N-ter,Q50,-,N-ter,-,-,-,-,-,-,-,-,-,-,-,-,-,0
-,0.0,NC,K,0.6908212560386473,NC,R58,-,N-ter,K51,-,N-ter,-,-,-,-,-,-,-,-,-,-,-,-,-,0
-,0.0,NC,I,0.5686746987951807,NC,M59,-,N-ter,I52,-,N-ter,-,-,-,-,-,-,-,-,-,-,-,-,-,0
-,0.0,NC,M,0.5203836930455635,NC,Q60,-,N-ter,M53,-,N-ter,-,-,-,-,-,-,-,-,-,-,-,-,-,0
-,0.0,NC,Q,0.5325301204819277,NC,Q61,-,N-ter,Q54,-,N-ter,-,-,-,-,-,-,-,-,-,-,-,-,-,0
-,0.0,NC,D,0.6365853658536585,NC,L62,-,N-ter,D55,-,N-ter,-,-,-,-,-,-,-,-,-,-,-,-,-,0
-,0.0,NC,P,0.7379807692307693,NC,P63,-,N-ter,P56,-,N-ter,-,-,-,-,-,-,-,-,-,-,-,-,-,0
-,0.0,NC,-,0.0,NC,A64,-,N-ter,I57,-,N-ter,-,-,-,-,-,-,-,-,-,-,-,-,-,0
-,0.0,NC,-,0.0,NC,-,-,-,-,-,-,-,-,-,-,-,-,-,-,-,-,-,-,-,0
-,0.0,NC,-,0.0,NC,-,-,-,-,-,-,-,-,-,-,-,-,-,-,-,-,-,-,-,0
-,0.0,NC,-,0.0,NC,-,-,-,-,-,-,-,-,-,-,-,-,-,-,-,-,-,-,-,0
-,0.0,NC,-,0.0,NC,-,-,-,-,-,-,-,-,-,-,-,-,-,-,-,-,-,-,-,0
-,0.0,NC,-,0.0,NC,-,-,-,-,-,-,-,-,-,-,-,-,-,-,-,-,-,-,-,0
-,0.0,NC,-,0.0,NC,-,-,-,-,-,-,-,-,-,-,-,-,-,-,-,-,-,-,-,0
-,0.0,NC,-,0.0,NC,-,-,-,-,-,-,-,-,-,-,-,-,-,-,-,-,-,-,-,0
-,0.0,NC,-,0.0,NC,-,-,-,-,-,-,-,-,-,-,-,-,-,-,-,-,-,-,-,0
-,0.0,NC,-,0.0,NC,-,-,-,-,-,-,-,-,-,-,-,-,-,-,-,-,-,-,-,0
-,0.0,NC,-,0.0,NC,-,-,-,-,-,-,-,-,-,-,-,-,-,-,-,-,-,-,-,0
-,0.0,NC,-,0.0,NC,-,-,-,-,-,-,-,-,-,-,-,-,-,-,-,-,-,-,-,0
-,0.0,NC,-,0.0,NC,-,-,-,-,-,-,-,-,-,-,-,-,-,-,-,-,-,-,-,0
-,0.0,NC,-,0.0,NC,-,-,-,-,-,-,-,-,-,-,-,-,-,-,-,-,-,-,-,0
-,0.0,NC,-,0.0,NC,-,-,-,-,-,-,-,-,-,-,-,-,-,-,-,-,-,-,-,0
-,0.0,NC,-,0.0,NC,-,-,-,-,-,-,-,-,-,-,-,-,-,-,-,-,-,-,-,0
-,0.0,NC,-,0.0,NC,-,-,-,-,-,-,-,-,-,-,-,-,-,-,-,-,-,-,-,0
-,0.0,NC,-,0.0,NC,-,-,-,-,-,-,-,-,-,-,-,-,-,-,-,-,-,-,-,0
-,0.0,NC,-,0.0,NC,-,-,-,-,-,-,-,-,-,-,-,-,-,-,-,-,-,-,-,0
-,0.0,NC,-,0.0,NC,-,-,-,-,-,-,-,-,-,-,-,-,-,-,-,-,-,-,-,0
-,0.0,NC,-,0.0,NC,-,-,-,-,-,-,-,-,-,-,-,-,-,-,-,-,-,-,-,0
-,0.0,NC,-,0.0,NC,-,-,-,-,-,-,-,-,-,-,-,-,-,-,-,-,-,-,-,0
-,0.0,NC,-,0.0,NC,-,-,-,-,-,-,-,-,-,-,-,-,-,-,-,-,-,-,-,0
-,0.0,NC,-,0.0,NC,-,-,-,-,-,-,-,-,-,-,-,-,-,-,-,-,-,-,-,0
-,0.0,NC,-,0.0,NC,-,-,-,-,-,-,-,-,-,-,-,-,-,-,-,-,-,-,-,0
-,0.0,NC,-,0.0,NC,-,-,-,-,-,-,-,-,-,-,-,-,-,-,-,-,-,-,-,0
-,0.0,NC,-,0.0,NC,-,-,-,-,-,-,-,-,-,-,-,-,-,-,-,-,-,-,-,0
-,0.0,NC,-,0.0,NC,-,-,-,-,-,-,-,-,-,-,-,-,-,-,-,-,-,-,-,0
-,0.0,NC,-,0.0,NC,-,-,-,-,-,-,-,-,-,-,-,-,-,-,-,-,-,-,-,0
-,0.0,NC,-,0.0,NC,-,-,-,-,-,-,-,-,-,-,-,-,-,-,-,-,-,-,-,0
-,0.0,NC,-,0.0,NC,-,-,-,-,-,-,-,-,-,-,-,-,-,-,-,-,-,-,-,0
-,0.0,NC,-,0.0,NC,-,-,-,-,-,-,-,-,-,-,-,-,-,-,-,-,-,-,-,0
-,0.0,NC,-,0.0,NC,-,-,-,-,-,-,-,-,-,-,-,-,-,-,-,-,-,-,-,0
-,0.0,NC,-,0.0,NC,-,-,-,-,-,-,-,-,-,-,-,-,-,-,-,-,-,-,-,0
-,0.0,NC,-,0.0,NC,-,-,-,-,-,-,-,-,-,-,-,-,-,-,-,-,-,-,-,0
-,0.0,NC,-,0.0,NC,-,-,-,-,-,-,-,-,-,-,-,-,-,-,-,-,-,-,-,0
-,0.0,NC,-,0.0,NC,-,-,-,-,-,-,-,-,-,-,-,-,-,-,-,-,-,-,-,0
-,0.0,NC,-,0.0,NC,-,-,-,-,-,-,-,-,-,-,-,-,-,-,-,-,-,-,-,0
-,0.0,NC,-,0.0,NC,-,-,-,-,-,-,-,-,-,-,-,-,-,-,-,-,-,-,-,0
-,0.0,NC,-,0.0,NC,-,-,-,-,-,-,-,-,-,-,-,-,-,-,-,-,-,-,-,0
-,0.0,NC,-,0.0,NC,-,-,-,-,-,-,-,-,-,-,-,-,-,-,-,-,-,-,-,0
-,0.0,NC,-,0.0,NC,-,-,-,-,-,-,-,-,-,-,-,-,-,-,-,-,-,-,-,0
-,0.0,NC,-,0.0,NC,-,-,-,-,-,-,-,-,-,-,-,-,-,-,-,-,-,-,-,0
-,0.0,NC,-,0.0,NC,-,-,-,-,-,-,-,-,-,-,-,-,-,-,-,-,-,-,-,0
-,0.0,NC,-,0.0,NC,Y65,-,N-ter,Q58,-,N-ter,-,-,-,-,-,-,-,-,-,-,-,-,-,0
-,0.0,NC,-,0.0,NC,Q66,-,N-ter,Q59,-,N-ter,-,-,-,-,-,-,-,-,-,-,-,-,-,0
-,0.0,NC,-,0.0,NC,G67,-,N-ter,A60,-,N-ter,-,-,-,-,-,-,-,-,-,-,-,-,-,0
-,0.0,NC,E,0.5751789976133651,NC,E68,-,N-ter,E61,-,N-ter,-,-,-,-,-,-,-,-,-,-,-,-,-,0
-,0.0,NC,G,0.8594104308390023,NC,G69,-,N-ter,G62,-,N-ter,-,-,-,-,-,-,-,-,-,-,-,-,-,0
-,0.0,NC,-,0.0,NC,P70,-,N-ter,V63,-,N-ter,-,-,-,-,-,-,-,-,-,-,-,-,-,0
-,0.0,NC,-,0.0,NC,-,-,-,-,-,-,-,-,-,-,-,-,-,-,-,-,-,-,-,0
-,0.0,NC,-,0.0,NC,-,-,-,-,-,-,-,-,-,-,-,-,-,-,-,-,-,-,-,0
-,0.0,NC,Y,0.6139954853273137,NC,Y71,-,N-ter,Y64,-,N-ter,-,-,-,-,-,-,-,-,-,-,-,-,-,0
C,0.99041873669269,C,C,0.9977426636568849,C,C72,-,N-ter,C65,-,N-ter,-,-,-,-,-,-,-,-,-,-,-,-,-,0
-,0.0,NC,N,0.8871331828442438,NC,N73,-,N-ter,N66,-,N-ter,-,-,-,-,-,-,-,-,-,-,-,-,-,0
-,0.0,NC,R,0.9841986455981941,C,R74,-,N-ter,R67,-,N-ter,-2,-10,-,-,-3,-,-3,-3,-2,-2,-3,-10,-3,10
-,0.0,NC,T,0.8939051918735892,NC,T75,-,N-ter,T68,-,N-ter,-,-,-,-,-,-,-,-,-,-,-,-,-,0
W,0.6192498230714791,NC,W,0.9954853273137697,C,W76,-,N-ter,W69,-,N-ter,-3,-10,0,-,0,0,0,-,-,-,-,-,-,6
D,0.9833863556026864,C,D,0.9977426636568849,C,D77,-,N-ter,D70,-,N-ter,-,-,-,-,-,-,-,-,-,-,-,-,-,0
-,0.0,NC,G,0.9954853273137697,C,G78,-,N-ter,G71,-,N-ter,-4,-2,-2,-10,-4,-10,-10,-1,-,-,-1,-1,-1,11
-,0.0,NC,W,0.9954853273137697,C,W79,-,N-ter,W72,-,N-ter,-3,-3,2,-2,2,2,0,-3,-3,-2,-2,-3,-3,13
-,0.0,NC,-,0.0,NC,-,-,-,-,-,-,-,-,-,-,-,-,-,-,-,-,-,-,-,0
-,0.0,NC,L,0.9191011235955057,C,L80,-,N-ter,L73,-,N-ter,-2,-2,-3,-,1,-2,1,-2,1,1,-3,-2,-2,12
C,0.98836389280677,C,C,0.9955056179775281,C,C81,-,N-ter,C74,-,N-ter,-,-,-,-,-,-,-,-,-,-,-,-,-,0
W,0.9911816578483243,C,W,0.9932279909706546,C,W82,-,N-ter,W75,-,N-ter,-,-,-,-,-,-,-,-,-,-,-,-,-,0
P,0.647847565278758,NC,D,0.5981941309255079,NC,D83,-,N-ter,N76,-,N-ter,-,-,-,-,-,-,-,-,-,-,-,-,-,0
-,0.0,NC,D,0.9525959367945824,C,D84,-,N-ter,D77,-,N-ter,-2,-2,-,-10,-4,-,-2,-2,1,-2,-1,-10,-2,11
-,0.0,NC,T,0.6230248306997742,NC,T85,-,N-ter,V78,-,N-ter,-,-,-,-,-,-,-,-,-,-,-,-,-,0
-,0.0,NC,-,0.0,NC,P86,-,N-ter,A79,-,N-ter,-,-,-,-,-,-,-,-,-,-,-,-,-,0
-,0.0,NC,A,0.9369369369369369,C,A87,-,N-ter,A80,-,N-ter,-,-,-1,-10,-1,-1,-1,0,-1,-10,-10,-10,-10,11
G,0.8664081776524498,NC,G,0.9797297297297297,C,G88,-,N-ter,G81,-,N-ter,-,-,-1,-,-1,-,-,-,-,-,-,-,-,2
-,0.0,NC,-,0.0,NC,V89,-,N-ter,T82,-,N-ter,-,-,-,-,-,-,-,-,-,-,-,-,-,0
-,0.0,NC,-,0.0,NC,L90,-,N-ter,E83,-,N-ter,-,-,-,-,-,-,-,-,-,-,-,-,-,0
V,0.6686640817765245,NC,S,0.6036036036036037,NC,S91,-,N-ter,S84,-,N-ter,-,-,-,-,-,-,-,-,-,-,-,-,-,0
-,0.0,NC,-,0.0,NC,Y92,-,N-ter,M85,-,N-ter,-,-,-,-,-,-,-,-,-,-,-,-,-,0
-,0.0,NC,Q,0.9842696629213483,C,Q93,-,N-ter,Q86,-,N-ter,1,1,-3,-3,-1,-3,-3,-3,-10,-3,-10,-10,-3,13
-,0.0,NC,-,0.0,NC,F94,-,N-ter,L87,-,N-ter,-,-,-,-,-,-,-,-,-,-,-,-,-,0
C,0.991537376586742,C,C,1.0,C,C95,-,N-ter,C88,-,N-ter,-,-,-,-,-,-,-,-,-,-,-,-,-,0
P,0.9929577464788732,C,P,0.9977477477477478,C,P96,-,N-ter,P89,-,N-ter,-,-,-,-,-,-,-,-,-,-,-,-,-,0
-,0.0,NC,D,0.8468468468468469,NC,D97,-,N-ter,D90,-,N-ter,-,-,-,-,-,-,-,-,-,-,-,-,-,0
Y,0.6186770428015564,NC,Y,0.9910112359550561,C,Y98,-,N-ter,Y91,-,N-ter,-,-,-,-10,-,-,-,-2,-,-,3,-,-2,4
F,0.5307637906647807,NC,F,0.9887640449438202,C,F99,-,N-ter,F92,-,N-ter,-,-,0,-,0,0,0,-,-1,-1,0,-,-,7
-,0.0,NC,Q,0.5235955056179775,NC,P100,-,N-ter,Q93,-,N-ter,-,-,-,-,-,-,-,-,-,-,-,-,-,0
-,0.0,NC,D,0.9955056179775281,C,D101,-,N-ter,D94,-,N-ter,-2,-2,-6,-2,-6,-6,-6,-4,-,-,-4,-10,-10,11
-,0.0,NC,F,0.9977578475336323,C,F102,-,N-ter,F95,-,N-ter,-1,-1,-2,-,-2,-3,-10,-,-,-,0,-,-,7
-,0.0,NC,D,0.8632286995515696,NC,D103,-,N-ter,D96,-,N-ter,-,-,-,-,-,-,-,-,-,-,-,-,-,0
-,0.0,NC,-,0.0,NC,-,-,-,-,-,-,-,-,-,-,-,-,-,-,-,-,-,-,-,0
-,0.0,NC,-,0.0,NC,-,-,-,-,-,-,-,-,-,-,-,-,-,-,-,-,-,-,-,0
-,0.0,NC,-,0.0,NC,-,-,-,-,-,-,-,-,-,-,-,-,-,-,-,-,-,-,-,0
-,0.0,NC,-,0.0,NC,-,-,-,-,-,-,-,-,-,-,-,-,-,-,-,-,-,-,-,0
-,0.0,NC,-,0.0,NC,-,-,-,-,-,-,-,-,-,-,-,-,-,-,-,-,-,-,-,0
-,0.0,NC,-,0.0,NC,-,-,-,-,-,-,-,-,-,-,-,-,-,-,-,-,-,-,-,0
-,0.0,NC,-,0.0,NC,-,-,-,-,-,-,-,-,-,-,-,-,-,-,-,-,-,-,-,0
-,0.0,NC,-,0.0,NC,-,-,-,-,-,-,-,-,-,-,-,-,-,-,-,-,-,-,-,0
-,0.0,NC,-,0.0,NC,-,-,-,-,-,-,-,-,-,-,-,-,-,-,-,-,-,-,-,0
-,0.0,NC,-,0.0,NC,-,-,-,-,-,-,-,-,-,-,-,-,-,-,-,-,-,-,-,0
-,0.0,NC,-,0.0,NC,-,-,-,-,-,-,-,-,-,-,-,-,-,-,-,-,-,-,-,0
-,0.0,NC,-,0.0,NC,-,-,-,-,-,-,-,-,-,-,-,-,-,-,-,-,-,-,-,0
-,0.0,NC,-,0.0,NC,-,-,-,-,-,-,-,-,-,-,-,-,-,-,-,-,-,-,-,0
-,0.0,NC,-,0.0,NC,-,-,-,-,-,-,-,-,-,-,-,-,-,-,-,-,-,-,-,0
-,0.0,NC,-,0.0,NC,-,-,-,-,-,-,-,-,-,-,-,-,-,-,-,-,-,-,-,0
-,0.0,NC,-,0.0,NC,-,-,-,-,-,-,-,-,-,-,-,-,-,-,-,-,-,-,-,0
-,0.0,NC,-,0.0,NC,-,-,-,-,-,-,-,-,-,-,-,-,-,-,-,-,-,-,-,0
-,0.0,NC,-,0.0,NC,-,-,-,-,-,-,-,-,-,-,-,-,-,-,-,-,-,-,-,0
-,0.0,NC,-,0.0,NC,-,-,-,-,-,-,-,-,-,-,-,-,-,-,-,-,-,-,-,0
-,0.0,NC,-,0.0,NC,-,-,-,-,-,-,-,-,-,-,-,-,-,-,-,-,-,-,-,0
-,0.0,NC,-,0.0,NC,-,-,-,-,-,-,-,-,-,-,-,-,-,-,-,-,-,-,-,0
-,0.0,NC,-,0.0,NC,-,-,-,-,-,-,-,-,-,-,-,-,-,-,-,-,-,-,-,0
-,0.0,NC,-,0.0,NC,-,-,-,-,-,-,-,-,-,-,-,-,-,-,-,-,-,-,-,0
-,0.0,NC,-,0.0,NC,-,-,-,-,-,-,-,-,-,-,-,-,-,-,-,-,-,-,-,0
-,0.0,NC,P,0.8901345291479821,NC,P104,-,N-ter,P97,-,N-ter,-,-,-,-,-,-,-,-,-,-,-,-,-,0
-,0.0,NC,S,0.5803571428571429,NC,S105,-,N-ter,S98,-,N-ter,-,-,-,-,-,-,-,-,-,-,-,-,-,0
G,0.5943886387253204,NC,E,0.9889135254988913,C,E106,-,N-ter,E99,-,N-ter,-1,-1,-1,-3,-3,-3,-3,-3,-3,-3,-3,-3,-3,13
-,0.0,NC,K,0.6762749445676275,NC,K107,-,N-ter,K100,-,N-ter,-,-,-,-,-,-,-,-,-,-,-,-,-,0
V,0.5132347885871433,NC,V,0.6851441241685144,NC,V108,-,N-ter,V101,-,N-ter,-,-,-,-,-,-,-,-,-,-,-,-,-,0
-,0.0,NC,T,0.7915742793791575,NC,T109,-,N-ter,T102,-,N-ter,-,-,-,-,-,-,-,-,-,-,-,-,-,0
R,0.7036782399449982,NC,K,0.9889135254988913,C,K110,-,N-ter,K103,-,N-ter,2,2,-,2,2,2,2,2,2,2,2,2,-,11
-,0.0,NC,-,0.0,NC,Y111,-,N-ter,I104,-,N-ter,-,-,-,-,-,-,-,-,-,-,-,-,-,0
C,0.9951923076923076,C,C,0.9977827050997783,C,C112,-,N-ter,C105,-,N-ter,-,-,-,-,-,-,-,-,-,-,-,-,-,0
-,0.0,NC,D,0.6526548672566371,NC,D113,-,N-ter,D106,-,N-ter,-,-,-,-,-,-,-,-,-,-,-,-,-,0
-,0.0,NC,-,0.0,NC,E114,-,N-ter,Q107,-,N-ter,-,-,-,-,-,-,-,-,-,-,-,-,-,0
-,0.0,NC,-,0.0,NC,K115,-,N-ter,D108,-,N-ter,-,-,-,-,-,-,-,-,-,-,-,-,-,0
G,0.9938186813186812,C,G,0.995575221238938,C,G116,-,N-ter,G109,-,N-ter,-,-,-,-,-,-,-,-,-,-,-,-,-,0
-,0.0,NC,-,0.0,NC,V117,-,N-ter,N110,-,N-ter,-,-,-,-,-,-,-,-,-,-,-,-,-,0
W,0.9927909371781668,C,W,0.9977876106194691,C,W118,-,N-ter,W111,-,N-ter,-,-,-,-,-,-,-,-,-,-,-,-,-,0
-,0.0,NC,F,0.8960176991150443,NC,F119,-,N-ter,F112,-,N-ter,-,-,-,-,-,-,-,-,-,-,-,-,-,0
-,0.0,NC,R,0.6106194690265486,NC,K120,-,N-ter,R113,-,N-ter,-,-,-,-,-,-,-,-,-,-,-,-,-,0
-,0.0,NC,H,0.9823008849557522,C,H121,-,N-ter,H114,-,N-ter,-10,-10,-10,-10,-10,-1,-10,-10,-4,-10,-10,-10,-10,13
-,0.0,NC,P,0.9933628318584071,C,P122,-,N-ter,P115,-,N-ter,-10,-10,-3,-10,-10,-2,-2,-10,-,-10,-10,-10,-10,12
-,0.0,NC,E,0.6769911504424779,NC,E123,-,N-ter,A116,-,N-ter,-,-,-,-,-,-,-,-,-,-,-,-,-,0
-,0.0,NC,S,0.7234513274336283,NC,N124,-,N-ter,S117,-,N-ter,-,-,-,-,-,-,-,-,-,-,-,-,-,0
-,0.0,NC,N,0.9933628318584071,C,N125,-,N-ter,N118,-,N-ter,-10,-10,-1,-3,-10,0,0,-3,-,-,-10,-10,-10,11
-,0.0,NC,R,0.9247787610619469,C,R126,-,N-ter,R119,-,N-ter,-10,-10,1,-4,-3,-3,-2,-4,-,2,-4,-10,-4,12
P,0.530234471410942,NC,T,0.9380530973451328,C,T127,-,N-ter,T120,-,N-ter,-10,-10,-2,-2,-2,-2,-1,-2,-,-,-2,-2,-2,11
W,0.6561469618464437,NC,W,0.9933481152993349,C,W128,-,N-ter,W121,-,N-ter,-4,-4,-10,-10,-,-,-,-10,-,-,-10,-10,-10,8
-,0.0,NC,T,0.5188470066518847,NC,S129,-,N-ter,T122,-,N-ter,-,-,-,-,-,-,-,-,-,-,-,-,-,0
-,0.0,NC,N,0.9889135254988913,C,N130,-,N-ter,N123,-,N-ter,-,-,-,-3,1,-,1,-3,-,-,-3,-3,-10,7
-,0.0,NC,Y,0.9623059866962306,C,Y131,-,N-ter,Y124,-,N-ter,-,-,-2,-10,2,-2,-10,-10,-,-,-4,-10,-10,9
-,0.0,NC,T,0.9556541019955654,C,T132,1.23,TM1,T125,-,N-ter,1,1,1,-10,1,1,1,-1,1,1,-10,0,1,13
-,0.0,NC,-,0.0,NC,M133,1.24,TM1,Q126,-,N-ter,-,-,-,-,-,-,-,-,-,-,-,-,-,0
C,0.9948647723382404,C,C,1.0,C,C134,1.25,TM1,C127,-,N-ter,-,-,-,-,-,-,-,-,-,-,-,-,-,0
-,0.0,NC,N,0.9227373068432672,C,N135,1.26,TM1,N128,-,N-ter,0,-1,-10,-3,-1,-1,0,-1,-10,-4,-1,-1,-1,13
-,0.0,NC,-,0.0,NC,A136,1.27,TM1,V129,-,N-ter,-,-,-,-,-,-,-,-,-,-,-,-,-,0
-,0.0,NC,-,0.0,NC,F137,1.28,TM1,N130,1.28,TM1,-,-,-,-,-,-,-,-,-,-,-,-,-,0
-,0.0,NC,T,0.9667405764966741,C,T138,1.29,TM1,T131,1.29,TM1,-2,-2,-10,-1,-1,-1,-2,-1,-2,-2,0,-10,-1,13
-,0.0,NC,-,0.0,NC,P139,1.3,TM1,H132,1.3,TM1,-,-,-,-,-,-,-,-,-,-,-,-,-,0
-,0.0,NC,E,0.8292682926829268,NC,E140,1.31,TM1,E133,1.31,TM1,-,-,-,-,-,-,-,-,-,-,-,-,-,0
-,0.0,NC,-,0.0,NC,-,-,-,-,-,-,-,-,-,-,-,-,-,-,-,-,-,-,-,0
-,0.0,NC,-,0.0,NC,-,-,-,-,-,-,-,-,-,-,-,-,-,-,-,-,-,-,-,0
-,0.0,NC,-,0.0,NC,-,-,-,-,-,-,-,-,-,-,-,-,-,-,-,-,-,-,-,0
-,0.0,NC,-,0.0,NC,-,-,-,-,-,-,-,-,-,-,-,-,-,-,-,-,-,-,-,0
-,0.0,NC,-,0.0,NC,-,-,-,-,-,-,-,-,-,-,-,-,-,-,-,-,-,-,-,0
-,0.0,NC,-,0.0,NC,-,-,-,-,-,-,-,-,-,-,-,-,-,-,-,-,-,-,-,0
-,0.0,NC,-,0.0,NC,-,-,-,-,-,-,-,-,-,-,-,-,-,-,-,-,-,-,-,0
-,0.0,NC,-,0.0,NC,-,-,-,-,-,-,-,-,-,-,-,-,-,-,-,-,-,-,-,0
-,0.0,NC,K,0.8473451327433629,NC,K141,1.32,TM1,K134,1.32,TM1,-,-,-,-,-,-,-,-,-,-,-,-,-,0
-,0.0,NC,-,0.0,NC,L142,1.33,TM1,V135,1.33,TM1,-,-,-,-,-,-,-,-,-,-,-,-,-,0
-,0.0,NC,K,0.7079646017699115,NC,K143,1.34,TM1,K136,1.34,TM1,-,-,-,-,-,-,-,-,-,-,-,-,-,0
-,0.0,NC,T,0.5055679287305123,NC,N144,1.35,TM1,T137,1.35,TM1,-,-,-,-,-,-,-,-,-,-,-,-,-,0
-,0.0,NC,A,0.9688195991091314,C,A145,1.36,TM1,A138,1.36,TM1,-10,-10,-10,-10,-10,-10,-10,-10,-10,-10,-10,-10,-10,13
-,0.0,NC,-,0.0,NC,Y146,1.37,TM1,L139,1.37,TM1,-,-,-,-,-,-,-,-,-,-,-,-,-,0
-,0.0,NC,-,0.0,NC,-,-,-,-,-,-,-,-,-,-,-,-,-,-,-,-,-,-,-,0
-,0.0,NC,N,0.5044642857142857,NC,V147,1.38,TM1,N140,1.38,TM1,-,-,-,-,-,-,-,-,-,-,-,-,-,0
-,0.0,NC,L,0.9598214285714286,C,L148,1.39,TM1,L141,1.39,TM1,-2,-2,0,1,-,-,-,1,-,-,-,1,1,7
-,0.0,NC,Y,0.5513392857142857,NC,Y149,1.4,TM1,F142,1.4,TM1,-,-,-,-,-,-,-,-,-,-,-,-,-,0
-,0.0,NC,Y,0.9955357142857143,C,Y150,1.41,TM1,Y143,1.41,TM1,-2,-2,-2,-2,-2,-2,-2,-2,-2,-2,-10,-2,-2,13
-,0.0,NC,L,0.6828193832599119,NC,L151,1.42,TM1,L144,1.42,TM1,-,-,-,-,-,-,-,-,-,-,-,-,-,0
Y,0.6710481968318166,NC,A,0.7466960352422908,NC,A152,1.43,TM1,T145,1.43,TM1,-,-,-,-,-,-,-,-,-,-,-,-,-,0
T,0.6641942009440324,NC,I,0.8127753303964758,NC,I153,1.44,TM1,I146,1.44,TM1,-,-,-,-,-,-,-,-,-,-,-,-,-,0
-,0.0,NC,-,0.0,NC,V154,1.45,TM1,I147,1.45,TM1,-,-,-,-,-,-,-,-,-,-,-,-,-,0
G,0.9905692152239812,C,G,0.9955947136563876,C,G155,1.46,TM1,G148,1.46,TM1,-,-,-,-,-,-,-,-,-,-,-,-,-,0
Y,0.5783983849259757,NC,H,1.0,C,H156,1.47,TM1,H149,1.47,TM1,-,-,2,2,2,2,2,2,2,2,2,-,-,9
S,0.5843150454392461,NC,-,0.0,NC,S157,1.48,TM1,G150,1.48,TM1,-,-,-,-,-,-,-,-,-,-,-,-,-,0
-,0.0,NC,L,0.9072847682119205,C,L158,1.49,TM1,L151,1.49,TM1,1,1,-,1,-,-,-,-2,1,1,-10,-,1,8
S,0.9882234185733512,C,S,0.9955849889624724,C,S159,1.5,TM1,S152,1.5,TM1,-,-,-,-,-,-,-,-,-,-,-,-,-,0
L,0.6004712218108381,NC,I,0.7726269315673289,NC,I160,1.51,TM1,I153,1.51,TM1,-,-,-,-,-,-,-,-,-,-,-,-,-,0
-,0.0,NC,-,0.0,NC,F161,1.52,TM1,A154,1.52,TM1,-,-,-,-,-,-,-,-,-,-,-,-,-,0
-,0.0,NC,S,0.7951541850220264,NC,T162,1.53,TM1,S155,1.53,TM1,-,-,-,-,-,-,-,-,-,-,-,-,-,0
L,0.9899159663865548,C,L,0.9977924944812362,C,L163,1.54,TM1,L156,1.54,TM1,-,-,-,-,-,-,-,-,-,-,-,-,-,0
-,0.0,NC,L,0.6814159292035398,NC,V164,1.55,TM1,L157,1.55,TM1,-,-,-,-,-,-,-,-,-,-,-,-,-,0
-,0.0,NC,I,0.9161147902869757,C,I165,1.56,TM1,I158,1.56,TM1,3,3,1,3,1,-,1,-1,3,3,3,-10,-1,12
A,0.7656145063801209,NC,S,0.9933774834437086,C,S166,1.57,TM1,S159,1.57,TM1,1,1,1,1,1,1,1,1,1,1,1,1,-1,13
-,0.0,NC,L,0.9845474613686535,C,L167,1.58,TM1,L160,1.58,TM1,0,0,-,1,-,-3,-,2,1,1,-,-10,-3,9
-,0.0,NC,G,0.6189427312775331,NC,G168,1.59,TM1,G161,1.59,TM1,-,-,-,-,-,-,-,-,-,-,-,-,-,0
I,0.7158176943699732,NC,I,0.986784140969163,C,I169,1.6,TM1,I162,1.6,TM1,1,1,-,-,-,-,1,-,-,-,-,-,-,3
L,0.6119103379056541,NC,F,0.9824175824175824,C,F170,1.61,TM1,F163,1.61,TM1,-,-,0,0,0,0,0,0,0,-1,0,0,0,11
-,0.0,NC,F,0.7956043956043956,NC,V171,1.62,TM1,F164,1.62,TM1,-,-,-,-,-,-,-,-,-,-,-,-,-,0
-,0.0,NC,Y,0.6681318681318681,NC,F172,1.63,TM1,Y165,1.63,TM1,-,-,-,-,-,-,-,-,-,-,-,-,-,0
F,0.7041499330655957,NC,F,0.9451754385964912,C,F173,1.64,TM1,F166,1.64,TM1,0,0,-,-,-,-,0,-,-,-,-,-,-,3
-,0.0,NC,-,0.0,NC,-,-,-,-,-,-,-,-,-,-,-,-,-,-,-,-,-,-,-,0
-,0.0,NC,-,0.0,NC,-,-,-,-,-,-,-,-,-,-,-,-,-,-,-,-,-,-,-,0
-,0.0,NC,-,0.0,NC,-,-,-,-,-,-,-,-,-,-,-,-,-,-,-,-,-,-,-,0
-,0.0,NC,-,0.0,NC,-,-,-,-,-,-,-,-,-,-,-,-,-,-,-,-,-,-,-,0
-,0.0,NC,-,0.0,NC,-,-,-,-,-,-,-,-,-,-,-,-,-,-,-,-,-,-,-,0
-,0.0,NC,-,0.0,NC,-,-,-,-,-,-,-,-,-,-,-,-,-,-,-,-,-,-,-,0
-,0.0,NC,-,0.0,NC,-,-,-,-,-,-,-,-,-,-,-,-,-,-,-,-,-,-,-,0
-,0.0,NC,-,0.0,NC,-,-,-,-,-,-,-,-,-,-,-,-,-,-,-,-,-,-,-,0
-,0.0,NC,-,0.0,NC,-,-,-,-,-,-,-,-,-,-,-,-,-,-,-,-,-,-,-,0
-,0.0,NC,-,0.0,NC,-,-,-,-,-,-,-,-,-,-,-,-,-,-,-,-,-,-,-,0
-,0.0,NC,-,0.0,NC,-,-,-,-,-,-,-,-,-,-,-,-,-,-,-,-,-,-,-,0
-,0.0,NC,-,0.0,NC,-,-,-,-,-,-,-,-,-,-,-,-,-,-,-,-,-,-,-,0
-,0.0,NC,-,0.0,NC,-,-,-,-,-,-,-,-,-,-,-,-,-,-,-,-,-,-,-,0
-,0.0,NC,-,0.0,NC,-,-,-,-,-,-,-,-,-,-,-,-,-,-,-,-,-,-,-,0
-,0.0,NC,-,0.0,NC,-,-,-,-,-,-,-,-,-,-,-,-,-,-,-,-,-,-,-,0
-,0.0,NC,-,0.0,NC,-,-,-,-,-,-,-,-,-,-,-,-,-,-,-,-,-,-,-,0
-,0.0,NC,-,0.0,NC,-,-,-,-,-,-,-,-,-,-,-,-,-,-,-,-,-,-,-,0
-,0.0,NC,-,0.0,NC,-,-,-,-,-,-,-,-,-,-,-,-,-,-,-,-,-,-,-,0
-,0.0,NC,-,0.0,NC,-,-,-,-,-,-,-,-,-,-,-,-,-,-,-,-,-,-,-,0
-,0.0,NC,-,0.0,NC,-,-,-,-,-,-,-,-,-,-,-,-,-,-,-,-,-,-,-,0
-,0.0,NC,-,0.0,NC,-,-,-,-,-,-,-,-,-,-,-,-,-,-,-,-,-,-,-,0
-,0.0,NC,-,0.0,NC,-,-,-,-,-,-,-,-,-,-,-,-,-,-,-,-,-,-,-,0
-,0.0,NC,-,0.0,NC,-,-,-,-,-,-,-,-,-,-,-,-,-,-,-,-,-,-,-,0
-,0.0,NC,-,0.0,NC,-,-,-,-,-,-,-,-,-,-,-,-,-,-,-,-,-,-,-,0
-,0.0,NC,-,0.0,NC,-,-,-,-,-,-,-,-,-,-,-,-,-,-,-,-,-,-,-,0
-,0.0,NC,-,0.0,NC,-,-,-,-,-,-,-,-,-,-,-,-,-,-,-,-,-,-,-,0
-,0.0,NC,-,0.0,NC,-,-,-,-,-,-,-,-,-,-,-,-,-,-,-,-,-,-,-,0
-,0.0,NC,-,0.0,NC,-,-,-,-,-,-,-,-,-,-,-,-,-,-,-,-,-,-,-,0
-,0.0,NC,-,0.0,NC,-,-,-,-,-,-,-,-,-,-,-,-,-,-,-,-,-,-,-,0
R,0.8292764254751583,NC,K,0.7549234135667396,NC,R174,12.48,ICL1,K167,12.48,ICL1,-,-,-,-,-,-,-,-,-,-,-,-,-,0
-,0.0,NC,S,0.9411764705882353,C,S175,12.49,ICL1,S168,12.49,ICL1,-,-,-1,-1,-1,-1,-1,-1,-1,-1,-1,-1,-1,11
L,0.8464606181455633,NC,L,0.9912854030501089,C,L176,12.5,ICL1,L169,12.5,ICL1,1,1,-,-,-,-,-,-,-,-,-,-,-,2
H,0.6049833887043189,NC,S,0.8366013071895425,NC,G177,12.51,ICL1,S170,12.51,ICL1,-,-,-,-,-,-,-,-,-,-,-,-,-,0
C,0.994682618810236,C,C,0.991304347826087,C,C178,2.44,TM2,C171,2.44,TM2,-,-,-,-,-,-,-,-,-,-,-,-,-,0
T,0.5938850116317713,NC,Q,0.9934782608695653,C,Q179,2.45,TM2,Q172,2.45,TM2,-3,-3,0,-2,-1,-1,-1,-1,-1,-1,-1,-1,-1,13
R,0.9956781914893617,C,R,1.0,C,R180,2.46,TM2,R173,2.46,TM2,-,-,-,-,-,-,-,-,-,-,-,-,-,0
N,0.8417553191489362,NC,I,0.8104575163398693,NC,V181,2.47,TM2,I174,2.47,TM2,-,-,-,-,-,-,-,-,-,-,-,-,-,0
Y,0.5697171381031614,NC,T,0.9956427015250545,C,T182,2.48,TM2,T175,2.48,TM2,-1,-1,-2,-2,-2,-2,-2,-2,-2,-2,-2,-2,-2,13
I,0.8330006653359947,NC,L,0.9869565217391304,C,L183,2.49,TM2,L176,2.49,TM2,1,1,1,1,1,1,1,1,1,1,1,1,1,13
H,0.9963418689723976,C,H,0.9978260869565218,C,H184,2.5,TM2,H177,2.5,TM2,-,-,-,-,-,-,-,-,-,-,-,-,-,0
-,0.0,NC,K,0.9978213507625272,C,K185,2.51,TM2,K178,2.51,TM2,-4,-4,-2,-10,-3,-3,-2,-2,-2,-2,-2,-2,-3,13
N,0.6677740863787376,NC,N,0.9781659388646288,C,N186,2.52,TM2,N179,2.52,TM2,-,-,-,0,-,-,-,-,0,0,0,0,-,5
L,0.9634430043203722,C,L,0.8122270742358079,NC,M187,2.53,TM2,L180,2.53,TM2,-,-,-,-,-,-,-,-,-,-,-,-,-,0
F,0.849351513136016,NC,F,1.0,C,F188,2.54,TM2,F181,2.54,TM2,-1,-1,-,-,-,-,-,-,-,-,-,-,-,2
-,0.0,NC,F,0.62882096069869,NC,L189,2.55,TM2,F182,2.55,TM2,-,-,-,-,-,-,-,-,-,-,-,-,-,0
S,0.757313829787234,NC,S,0.8122270742358079,NC,T190,2.56,TM2,S183,2.56,TM2,-,-,-,-,-,-,-,-,-,-,-,-,-,0
F,0.9048885932823412,C,F,0.5218340611353712,NC,Y191,2.57,TM2,F184,2.57,TM2,-,-,-,-,-,-,-,-,-,-,-,-,-,0
I,0.6311938809444629,NC,V,0.8427947598253275,NC,I192,2.58,TM2,V185,2.58,TM2,-,-,-,-,-,-,-,-,-,-,-,-,-,0
L,0.9109930255728994,C,L,0.6244541484716157,NC,L193,2.59,TM2,C186,2.59,TM2,-,-,-,-,-,-,-,-,-,-,-,-,-,0
R,0.7120557954168051,NC,N,1.0,C,N194,2.6,TM2,N187,2.6,TM2,-1,-1,0,0,-1,-1,-1,-1,-1,-1,-1,-1,-1,13
A,0.6622384589837264,NC,S,1.0,C,S195,2.61,TM2,S188,2.61,TM2,0,0,1,1,1,1,1,1,1,1,1,1,1,13
-,0.0,NC,-,0.0,NC,M196,2.62,TM2,V189,2.62,TM2,-,-,-,-,-,-,-,-,-,-,-,-,-,0
-,0.0,NC,-,0.0,NC,I197,2.63,TM2,V190,2.63,TM2,-,-,-,-,-,-,-,-,-,-,-,-,-,0
-,0.0,NC,T,0.7925764192139738,NC,I198,2.64,TM2,T191,2.64,TM2,-,-,-,-,-,-,-,-,-,-,-,-,-,0
F,0.5986733001658375,NC,I,0.9324618736383442,C,I199,2.65,TM2,I192,2.65,TM2,-1,-1,1,-1,1,-1,1,-1,-1,-1,-1,-1,1,13
-,0.0,NC,I,0.7995642701525054,NC,I200,2.66,TM2,I193,2.66,TM2,-,-,-,-,-,-,-,-,-,-,-,-,-,0
K,0.5899137358991373,NC,H,0.5337690631808278,NC,H201,2.67,TM2,H194,2.67,TM2,-,-,-,-,-,-,-,-,-,-,-,-,-,0
D,0.6790450928381963,NC,L,0.9760348583877996,C,L202,2.68,TM2,L195,2.68,TM2,-3,-3,-5,-5,-5,-5,-5,-5,-5,-5,-5,-5,-5,13
-,0.0,NC,-,0.0,NC,V203,2.69,TM2,T196,2.69,TM2,-,-,-,-,-,-,-,-,-,-,-,-,-,0
-,0.0,NC,A,0.6884531590413944,NC,E204,2.7,TM2,A197,2.7,TM2,-,-,-,-,-,-,-,-,-,-,-,-,-,0
L,0.5661252900232019,NC,V,0.9672489082969432,C,V205,2.71,TM2,V198,2.71,TM2,1,3,1,1,1,1,-10,1,1,-,1,1,1,12
-,0.0,NC,A,0.5109170305676856,NC,V206,-,ECL1,A199,-,ECL1,-,-,-,-,-,-,-,-,-,-,-,-,-,0
-,0.0,NC,N,0.6353711790393013,NC,P207,-,ECL1,N200,-,ECL1,-,-,-,-,-,-,-,-,-,-,-,-,-,0
-,0.0,NC,N,0.9497816593886463,C,N208,-,ECL1,N201,-,ECL1,-10,-10,-1,-10,-3,-3,-10,-1,-1,0,0,0,0,13
-,0.0,NC,-,0.0,NC,-,-,-,-,-,-,-,-,-,-,-,-,-,-,-,-,-,-,-,0
-,0.0,NC,-,0.0,NC,-,-,-,-,-,-,-,-,-,-,-,-,-,-,-,-,-,-,-,0
-,0.0,NC,-,0.0,NC,-,-,-,-,-,-,-,-,-,-,-,-,-,-,-,-,-,-,-,0
-,0.0,NC,-,0.0,NC,-,-,-,-,-,-,-,-,-,-,-,-,-,-,-,-,-,-,-,0
-,0.0,NC,-,0.0,NC,-,-,-,-,-,-,-,-,-,-,-,-,-,-,-,-,-,-,-,0
-,0.0,NC,-,0.0,NC,-,-,-,-,-,-,-,-,-,-,-,-,-,-,-,-,-,-,-,0
-,0.0,NC,-,0.0,NC,-,-,-,-,-,-,-,-,-,-,-,-,-,-,-,-,-,-,-,0
-,0.0,NC,-,0.0,NC,-,-,-,-,-,-,-,-,-,-,-,-,-,-,-,-,-,-,-,0
-,0.0,NC,-,0.0,NC,-,-,-,-,-,-,-,-,-,-,-,-,-,-,-,-,-,-,-,0
-,0.0,NC,-,0.0,NC,-,-,-,-,-,-,-,-,-,-,-,-,-,-,-,-,-,-,-,0
-,0.0,NC,-,0.0,NC,-,-,-,-,-,-,-,-,-,-,-,-,-,-,-,-,-,-,-,0
-,0.0,NC,-,0.0,NC,-,-,-,-,-,-,-,-,-,-,-,-,-,-,-,-,-,-,-,0
-,0.0,NC,-,0.0,NC,G209,-,ECL1,Q202,-,ECL1,-,-,-,-,-,-,-,-,-,-,-,-,-,0
-,0.0,NC,E,0.5054466230936819,NC,E210,-,ECL1,A203,-,ECL1,-,-,-,-,-,-,-,-,-,-,-,-,-,0
-,0.0,NC,L,0.840958605664488,NC,L211,-,ECL1,L204,-,ECL1,-,-,-,-,-,-,-,-,-,-,-,-,-,0
-,0.0,NC,-,0.0,NC,-,-,-,-,-,-,-,-,-,-,-,-,-,-,-,-,-,-,-,0
-,0.0,NC,-,0.0,NC,-,-,-,-,-,-,-,-,-,-,-,-,-,-,-,-,-,-,-,0
-,0.0,NC,-,0.0,NC,-,-,-,-,-,-,-,-,-,-,-,-,-,-,-,-,-,-,-,0
-,0.0,NC,-,0.0,NC,-,-,-,-,-,-,-,-,-,-,-,-,-,-,-,-,-,-,-,0
-,0.0,NC,-,0.0,NC,-,-,-,-,-,-,-,-,-,-,-,-,-,-,-,-,-,-,-,0
-,0.0,NC,-,0.0,NC,-,-,-,-,-,-,-,-,-,-,-,-,-,-,-,-,-,-,-,0
-,0.0,NC,-,0.0,NC,-,-,-,-,-,-,-,-,-,-,-,-,-,-,-,-,-,-,-,0
-,0.0,NC,-,0.0,NC,-,-,-,-,-,-,-,-,-,-,-,-,-,-,-,-,-,-,-,0
-,0.0,NC,-,0.0,NC,-,-,-,-,-,-,-,-,-,-,-,-,-,-,-,-,-,-,-,0
-,0.0,NC,-,0.0,NC,-,-,-,-,-,-,-,-,-,-,-,-,-,-,-,-,-,-,-,0
-,0.0,NC,-,0.0,NC,-,-,-,-,-,-,-,-,-,-,-,-,-,-,-,-,-,-,-,0
-,0.0,NC,-,0.0,NC,-,-,-,-,-,-,-,-,-,-,-,-,-,-,-,-,-,-,-,0
-,0.0,NC,-,0.0,NC,-,-,-,-,-,-,-,-,-,-,-,-,-,-,-,-,-,-,-,0
-,0.0,NC,V,0.9694323144104804,C,V212,-,ECL1,V205,-,ECL1,-4,-4,-2,-1,-3,-2,-2,-1,-10,-4,-1,-1,-1,13
-,0.0,NC,-,0.0,NC,R213,-,ECL1,A206,-,ECL1,-,-,-,-,-,-,-,-,-,-,-,-,-,0
-,0.0,NC,R,0.5436681222707423,NC,R214,-,ECL1,T207,-,ECL1,-,-,-,-,-,-,-,-,-,-,-,-,-,0
-,0.0,NC,-,0.0,NC,-,-,-,-,-,-,-,-,-,-,-,-,-,-,-,-,-,-,-,0
-,0.0,NC,-,0.0,NC,-,-,-,-,-,-,-,-,-,-,-,-,-,-,-,-,-,-,-,0
-,0.0,NC,-,0.0,NC,-,-,-,-,-,-,-,-,-,-,-,-,-,-,-,-,-,-,-,0
-,0.0,NC,N,0.6397379912663755,NC,D215,-,ECL1,N208,-,ECL1,-,-,-,-,-,-,-,-,-,-,-,-,-,0
-,0.0,NC,P,0.9978165938864629,C,P216,-,ECL1,P209,-,ECL1,-3,-2,-10,-2,-3,-1,-10,-2,-4,-4,-10,-1,-5,13
-,0.0,NC,V,0.673866090712743,NC,V217,3.27,TM3,V210,3.27,TM3,-,-,-,-,-,-,-,-,-,-,-,-,-,0
-,0.0,NC,S,0.7624190064794817,NC,S218,3.28,TM3,S211,3.28,TM3,-,-,-,-,-,-,-,-,-,-,-,-,-,0
C,0.9927440633245382,C,C,0.9935205183585313,C,C219,3.29,TM3,C212,3.29,TM3,-,-,-,-,-,-,-,-,-,-,-,-,-,0
K,0.5877887788778878,NC,K,0.9935205183585313,C,K220,3.3,TM3,K213,3.3,TM3,2,2,2,-,2,2,2,-,-,-,-,-,-,6
-,0.0,NC,V,0.816017316017316,NC,I221,3.31,TM3,V214,3.31,TM3,-,-,-,-,-,-,-,-,-,-,-,-,-,0
-,0.0,NC,-,0.0,NC,L222,3.32,TM3,S215,3.32,TM3,-,-,-,-,-,-,-,-,-,-,-,-,-,0
-,0.0,NC,Q,0.658008658008658,NC,H223,3.33,TM3,Q216,3.33,TM3,-,-,-,-,-,-,-,-,-,-,-,-,-,0
-,0.0,NC,F,0.9891774891774892,C,F224,3.34,TM3,F217,3.34,TM3,-3,-2,-1,-1,-1,0,-1,-1,-2,-1,-1,-1,-1,13
-,0.0,NC,-,0.0,NC,F225,3.35,TM3,I218,3.35,TM3,-,-,-,-,-,-,-,-,-,-,-,-,-,0
-,0.0,NC,H,0.8354978354978355,NC,H226,3.36,TM3,H219,3.36,TM3,-,-,-,-,-,-,-,-,-,-,-,-,-,0
-,0.0,NC,-,0.0,NC,Q227,3.37,TM3,L220,3.37,TM3,-,-,-,-,-,-,-,-,-,-,-,-,-,0
Y,0.9660737812911726,C,Y,0.9956709956709957,C,Y228,3.38,TM3,Y221,3.38,TM3,-,-,-,-,-,-,-,-,-,-,-,-,-,0
-,0.0,NC,L,0.5064655172413793,NC,M229,3.39,TM3,L222,3.39,TM3,-,-,-,-,-,-,-,-,-,-,-,-,-,0
-,0.0,NC,M,0.5505376344086022,NC,M230,3.4,TM3,M223,3.4,TM3,-,-,-,-,-,-,-,-,-,-,-,-,-,0
-,0.0,NC,G,0.7913978494623656,NC,A231,3.41,TM3,G224,3.41,TM3,-,-,-,-,-,-,-,-,-,-,-,-,-,0
-,0.0,NC,C,0.9913978494623656,C,C232,3.42,TM3,C225,3.42,TM3,-1,-1,-1,-1,-1,-1,-1,-2,-1,-1,-1,-1,-1,13
N,0.9727153188691652,C,N,0.9827956989247312,C,N233,3.43,TM3,N226,3.43,TM3,-,-,-,-,-,-,-,-,-,-,-,-,-,0
Y,0.6097961867192636,NC,Y,0.9978494623655914,C,Y234,3.44,TM3,Y227,3.44,TM3,3,3,-,3,-,-,-,-,-,-,-,3,3,5
F,0.5243421052631579,NC,F,0.9956896551724138,C,F235,3.45,TM3,F228,3.45,TM3,-,-,-3,-10,-2,3,-,-,3,3,-3,-,3,8
W,0.9980263157894737,C,W,0.9978448275862069,C,W236,3.46,TM3,W229,3.46,TM3,-,-,-,-,-,-,-,-,-,-,-,-,-,0
L,0.5623971024036879,NC,M,0.9978448275862069,C,M237,3.47,TM3,M230,3.47,TM3,-,-,2,2,2,2,2,2,1,1,2,2,2,11
L,0.7721435627263747,NC,L,1.0,C,L238,3.48,TM3,L231,3.48,TM3,0,0,-,-,-,-,-,0,-,-,-,-,-,3
V,0.662936142198815,NC,C,0.9978448275862069,C,C239,3.49,TM3,C232,3.49,TM3,-4,-1,-1,-1,-1,-1,-1,-2,-1,-1,-1,-1,-1,13
E,0.9967083607636604,C,E,0.9978448275862069,C,E240,3.5,TM3,E233,3.5,TM3,-,-,-,-,-,-,-,-,-,-,-,-,-,0
G,0.9138441302203224,C,G,0.9978494623655914,C,G241,3.51,TM3,G234,3.51,TM3,-,-,-,0,-,-,-,-,-,-,-,-,-,1
-,0.0,NC,I,0.9139784946236559,C,I242,3.52,TM3,I235,3.52,TM3,-2,-2,-,1,-10,3,-,1,1,1,1,1,1,11
Y,0.9671052631578948,C,Y,0.9849785407725322,C,Y243,3.53,TM3,Y236,3.53,TM3,-,-,-,-,-,-,-,-,-,-,-,-,-,0
L,0.9970384995064164,C,L,0.9978540772532188,C,L244,3.54,TM3,L237,3.54,TM3,-,-,-,-,-,-,-,-,-,-,-,-,-,0
H,0.7819796119697467,NC,H,0.9957081545064378,C,H245,3.55,TM3,H238,3.55,TM3,-,-,-,0,-,2,-,-2,-,-,-,-,-,3
T,0.6219592373438527,NC,T,0.9914163090128756,C,T246,3.56,TM3,T239,3.56,TM3,-,-,0,-1,1,-,-,-,1,1,-,-,-,5
L,0.8445101906640368,NC,L,0.9935622317596566,C,L247,3.57,TM3,L240,3.57,TM3,-2,-2,-,-,-,-,-,-,-,-,-,-,-,2
L,0.5518262586377097,NC,I,0.9698924731182795,C,I248,3.58,TM3,I241,3.58,TM3,-,-,1,1,1,1,1,1,-,-,1,1,1,9
V,0.5935441370223979,NC,V,0.9978494623655914,C,V249,3.59,TM3,V242,3.59,TM3,-,-,-,1,-,0,-10,-,-1,-1,-,0,-,6
-,0.0,NC,V,0.967741935483871,C,V250,3.6,TM3,V243,3.6,TM3,1,1,-10,-2,1,1,0,-3,1,-,3,-,-10,11
-,0.0,NC,A,0.9247311827956989,C,A251,-,ICL2,A244,-,ICL2,0,0,-,1,0,1,-10,0,-,-,1,1,-10,10
-,0.0,NC,V,0.9913793103448276,C,V252,-,ICL2,V245,-,ICL2,-2,-2,-,-10,-4,-,-,-1,-1,-1,-1,-1,3,10
F,0.6327404479578392,NC,F,0.9978448275862069,C,F253,-,ICL2,F246,-,ICL2,-3,-3,-,-4,-4,-,0,-,-,-,-,-,-,5
-,0.0,NC,A,0.8709677419354839,NC,T254,-,ICL2,A247,-,ICL2,-,-,-,-,-,-,-,-,-,-,-,-,-,0
E,0.6383957922419461,NC,E,0.9741935483870968,C,E255,-,ICL2,E248,-,ICL2,1,1,-,-10,-,-,-,-,-,1,-,-,-2,5
-,0.0,NC,K,0.556989247311828,NC,K256,-,ICL2,K249,-,ICL2,-,-,-,-,-,-,-,-,-,-,-,-,-,0
-,0.0,NC,Q,0.9827956989247312,C,Q257,-,ICL2,Q250,-,ICL2,-3,-3,0,1,-2,1,1,1,1,1,1,1,1,13
-,0.0,NC,H,0.7139784946236559,NC,R258,4.41,TM4,H251,4.41,TM4,-,-,-,-,-,-,-,-,-,-,-,-,-,0
-,0.0,NC,L,0.9505376344086022,C,L259,4.42,TM4,L252,4.42,TM4,-3,-3,0,0,0,0,-,0,-,-,-,0,0,9
-,0.0,NC,-,0.0,NC,R260,4.43,TM4,M253,4.43,TM4,-,-,-,-,-,-,-,-,-,-,-,-,-,0
-,0.0,NC,W,0.9935344827586207,C,W261,4.44,TM4,W254,4.44,TM4,-2,-3,-2,-,-10,-2,-4,-,-4,-4,-10,-10,-10,11
Y,0.5948616600790514,NC,Y,0.9978448275862069,C,Y262,4.45,TM4,Y255,4.45,TM4,3,3,-,-2,-,-,-,-,3,3,3,-,-,6
-,0.0,NC,Y,0.9892241379310345,C,Y263,4.46,TM4,Y256,4.46,TM4,-2,-2,-2,-2,-2,-2,-10,-2,-2,-2,-2,-2,-2,13
-,0.0,NC,L,0.7844827586206896,NC,L264,4.47,TM4,F257,4.47,TM4,-,-,-,-,-,-,-,-,-,-,-,-,-,0
I,0.5565074135090611,NC,L,1.0,C,L265,4.48,TM4,L258,4.48,TM4,1,1,1,-10,-,1,-10,1,0,1,-,1,1,11
G,0.9884754692130392,C,G,0.9978448275862069,C,G266,4.49,TM4,G259,4.49,TM4,-,-,-,-,-,-,-,-,-,-,-,-,-,0
W,0.9944060546232312,C,W,0.9957081545064378,C,W267,4.5,TM4,W260,4.5,TM4,-,-,-,-,-,-,-,-,-,-,-,-,-,0
G,0.8292682926829268,NC,G,0.9956803455723542,C,G268,4.51,TM4,G261,4.51,TM4,-4,-4,-,-,-,-,-10,-,-,-,-,-,-,3
-,0.0,NC,F,0.9458874458874459,C,F269,4.52,TM4,F262,4.52,TM4,-1,-1,-3,-10,-3,-1,-10,-2,0,-,-3,-10,-1,12
P,0.9880676168379184,C,P,0.9978260869565218,C,P270,4.53,TM4,P263,4.53,TM4,-,-,-,-,-,-,-,-,-,-,-,-,-,0
-,0.0,NC,L,0.9739130434782609,C,L271,4.54,TM4,L264,4.54,TM4,0,-2,-10,-10,-2,-,-10,-2,-2,-2,-2,-3,-2,12
-,0.0,NC,I,0.5010845986984815,NC,V272,4.55,TM4,I265,4.55,TM4,-,-,-,-,-,-,-,-,-,-,-,-,-,0
F,0.5607569721115537,NC,P,0.9978308026030369,C,P273,4.56,TM4,P266,4.56,TM4,-4,-4,-4,-4,-4,-4,-4,-4,-4,-4,-4,-4,-4,13
-,0.0,NC,A,0.7489177489177489,NC,T274,4.57,TM4,A267,4.57,TM4,-,-,-,-,-,-,-,-,-,-,-,-,-,0
-,0.0,NC,-,0.0,NC,T275,4.58,TM4,C268,4.58,TM4,-,-,-,-,-,-,-,-,-,-,-,-,-,0
-,0.0,NC,I,0.9134199134199135,C,I276,4.59,TM4,I269,4.59,TM4,-2,-2,-4,-10,-4,-4,-4,3,3,-2,-10,-2,-10,13
W,0.8368841544607191,NC,H,0.9956803455723542,C,H277,4.6,TM4,H270,4.6,TM4,-3,-3,-3,-3,-3,-3,-3,-3,-3,-3,-3,-3,-3,13
A,0.5457570715474209,NC,A,0.9935064935064936,C,A278,4.61,TM4,A271,4.61,TM4,-,-,0,-2,0,0,-10,-,-,-,-,0,0,7
-,0.0,NC,V,0.6399132321041214,NC,I279,4.62,TM4,I272,4.62,TM4,-,-,-,-,-,-,-,-,-,-,-,-,-,0
-,0.0,NC,A,0.8484848484848485,NC,T280,4.63,TM4,A273,4.63,TM4,-,-,-,-,-,-,-,-,-,-,-,-,-,0
R,0.6268308921438083,NC,R,0.9956709956709957,C,R281,4.64,TM4,R274,4.64,TM4,2,2,2,2,-,2,-,-,-,-,-,-,-,5
-,0.0,NC,-,0.0,NC,A282,4.65,TM4,S275,4.65,TM4,-,-,-,-,-,-,-,-,-,-,-,-,-,0
-,0.0,NC,-,0.0,NC,V283,4.66,TM4,L276,4.66,TM4,-,-,-,-,-,-,-,-,-,-,-,-,-,0
-,0.0,NC,Y,0.9414316702819957,C,Y284,4.67,TM4,Y277,4.67,TM4,-,-,-,3,-,-,-2,3,-2,-2,-10,3,-2,8
E,0.5171381031613976,NC,Y,0.5054229934924078,NC,F285,4.68,TM4,Y278,-,ECL2,-,-,-,-,-,-,-,-,-,-,-,-,-,0
N,0.5123087159015303,NC,N,0.8333333333333334,NC,N286,-,ECL2,N279,-,ECL2,-,-,-,-,-,-,-,-,-,-,-,-,-,0
-,0.0,NC,D,0.9956709956709957,C,D287,-,ECL2,D280,-,ECL2,1,1,-4,-1,-1,1,-1,-1,-1,-2,-10,-10,-1,13
-,0.0,NC,N,0.959051724137931,C,N288,-,ECL2,N281,-,ECL2,0,0,0,-2,0,-1,-1,-1,-1,-1,-1,-1,-1,13
C,0.9923358880373208,C,C,1.0,C,C289,45.5,ECL2,C282,45.5,ECL2,-,-,-,-,-,-,-,-,-,-,-,-,-,0
W,0.9936645548516172,C,W,1.0,C,W290,45.51,ECL2,W283,45.51,ECL2,-,-,-,-,-,-,-,-,-,-,-,-,-,0
-,0.0,NC,I,0.5421166306695464,NC,L291,45.52,ECL2,I284,45.52,ECL2,-,-,-,-,-,-,-,-,-,-,-,-,-,0
-,0.0,NC,S,0.9870689655172413,C,S292,-,ECL2,S285,-,ECL2,-1,-1,-10,-10,-1,-1,1,-2,-3,-3,-3,-10,1,13
-,0.0,NC,S,0.5107758620689655,NC,V293,-,ECL2,S286,-,ECL2,-,-,-,-,-,-,-,-,-,-,-,-,-,0
-,0.0,NC,-,0.0,NC,-,-,-,-,-,-,-,-,-,-,-,-,-,-,-,-,-,-,-,0
-,0.0,NC,-,0.0,NC,-,-,-,-,-,-,-,-,-,-,-,-,-,-,-,-,-,-,-,0
-,0.0,NC,D,0.5625,NC,E294,-,ECL2,D287,-,ECL2,-,-,-,-,-,-,-,-,-,-,-,-,-,0
-,0.0,NC,T,1.0,C,T295,-,ECL2,T288,-,TM5,0,-1,-1,1,-1,-1,-10,-,0,0,0,-10,-10,12
-,0.0,NC,H,0.7306034482758621,NC,H296,-,ECL2,H289,-,TM5,-,-,-,-,-,-,-,-,-,-,-,-,-,0
-,0.0,NC,L,1.0,C,L297,-,ECL2,L290,5.35,TM5,-2,-10,0,-2,1,-2,1,-,-,1,1,-10,-3,11
W,0.543066178915863,NC,L,0.9913793103448276,C,L298,5.36,TM5,L291,5.36,TM5,-5,-5,-2,-2,-2,-2,-2,-2,-3,-3,-2,-2,-2,13
W,0.6299003322259136,NC,Y,0.9978448275862069,C,Y299,5.37,TM5,Y292,5.37,TM5,-,-,2,2,2,-2,2,2,2,2,2,2,2,11
I,0.7877781467950847,NC,I,0.8577586206896551,NC,I300,5.38,TM5,I293,5.38,TM5,-,-,-,-,-,-,-,-,-,-,-,-,-,0
I,0.6594756057085961,NC,I,0.7025862068965517,NC,I301,5.39,TM5,I294,5.39,TM5,-,-,-,-,-,-,-,-,-,-,-,-,-,0
-,0.0,NC,H,1.0,C,H302,5.4,TM5,H295,5.4,TM5,1,1,0,-1,0,0,0,-1,1,1,0,-1,0,13
G,0.5701958181214736,NC,G,0.9870689655172413,C,G303,5.41,TM5,G296,5.41,TM5,-,-,-4,-,-2,-4,-,-,-4,0,-,-10,-10,7
P,0.9913707268503154,C,P,1.0,C,P304,5.42,TM5,P297,5.42,TM5,-,-,-,-,-,-,-,-,-,-,-,-,-,0
I,0.6064430421786782,NC,I,0.6918103448275862,NC,V305,5.43,TM5,I298,5.43,TM5,-,-,-,-,-,-,-,-,-,-,-,-,-,0
-,0.0,NC,C,0.5172413793103449,NC,M306,5.44,TM5,C299,5.44,TM5,-,-,-,-,-,-,-,-,-,-,-,-,-,0
-,0.0,NC,A,0.9333333333333333,C,A307,5.45,TM5,A300,5.45,TM5,-2,-2,-2,-10,-10,-3,-2,0,-,-,-2,-10,-2,11
-,0.0,NC,A,0.9978494623655914,C,A308,5.46,TM5,A301,5.46,TM5,0,0,-,1,0,-,-10,1,-,-,1,1,1,9
I,0.5476269498838368,NC,L,0.9935483870967742,C,L309,5.47,TM5,L302,5.47,TM5,-,-,1,1,1,1,1,1,1,1,1,1,1,11
-,0.0,NC,L,0.7952586206896551,NC,V310,5.48,TM5,L303,5.48,TM5,-,-,-,-,-,-,-,-,-,-,-,-,-,0
V,0.5397296406198483,NC,V,0.9508547008547008,C,V311,5.49,TM5,V304,5.49,TM5,3,3,3,-,3,-,-,3,-,1,3,-,-,7
N,0.9709379128137384,C,N,0.9850107066381156,C,N312,5.5,TM5,N305,5.5,TM5,-,-,-,-,-,-,-,-,-,-,-,-,-,0
F,0.8776455026455027,NC,L,0.6459227467811158,NC,F313,5.51,TM5,L306,5.51,TM5,-,-,-,-,-,-,-,-,-,-,-,-,-,0
-,0.0,NC,F,0.9914163090128756,C,F314,5.52,TM5,F307,5.52,TM5,-1,-1,-,-10,0,0,-,-1,-1,-1,-1,-1,-1,11
-,0.0,NC,F,0.9870967741935484,C,F315,5.53,TM5,F308,5.53,TM5,-,-,-1,0,-1,-1,-1,0,0,0,0,0,0,11
F,0.6938099966898378,NC,L,0.9870967741935484,C,L316,5.54,TM5,L309,5.54,TM5,-,-,0,0,0,0,0,0,0,0,0,0,0,11
-,0.0,NC,L,0.9913793103448276,C,L317,5.55,TM5,L310,5.55,TM5,0,0,1,-10,1,1,-,1,1,-,-10,1,1,11
N,0.5483764082173624,NC,N,0.9956709956709957,C,N318,5.56,TM5,N311,5.56,TM5,-,-,-1,-,-1,-1,0,-1,-,-,-,-3,0,7
I,0.8996356409407088,NC,I,0.9956709956709957,C,I319,5.57,TM5,I312,5.57,TM5,-,-,-,-,-,3,-,-,-,-1,-,-,-,2
-,0.0,NC,V,0.8787878787878788,NC,V320,5.58,TM5,V313,5.58,TM5,-,-,-,-,-,-,-,-,-,-,-,-,-,0
R,0.7015568068896986,NC,R,0.9913419913419913,C,R321,5.59,TM5,R314,5.59,TM5,-,-,-10,-,-3,-4,2,-3,-,-,-,-,-,5
I,0.6176275679257787,NC,V,0.9978354978354979,C,V322,5.6,TM5,V315,5.6,TM5,3,3,3,3,3,3,1,3,-,-,3,3,3,11
L,0.941351888667992,C,L,0.9956709956709957,C,L323,5.61,TM5,L316,5.61,TM5,-,-,-,-,-,1,-,-,-,-,-,-,-,1
-,0.0,NC,I,0.5108225108225108,NC,V324,5.62,TM5,I317,5.62,TM5,-,-,-,-,-,-,-,-,-,-,-,-,-,0
-,0.0,NC,T,0.8809523809523809,NC,T325,5.63,TM5,T318,5.63,TM5,-,-,-,-,-,-,-,-,-,-,-,-,-,0
K,0.9960264900662252,C,K,0.9978354978354979,C,K326,5.64,TM5,K319,5.64,TM5,-,-,-,-,-,-,-,-,-,-,-,-,-,0
L,0.8951025810721377,NC,L,0.8401727861771058,NC,M327,5.65,TM5,L320,5.65,TM5,-,-,-,-,-,-,-,-,-,-,-,-,-,0
R,0.5066137566137566,NC,K,0.5754310344827587,NC,R328,5.66,TM5,K321,5.66,TM5,-,-,-,-,-,-,-,-,-,-,-,-,-,0
-,0.0,NC,-,0.0,NC,E329,-,ICL3,V322,-,ICL3,-,-,-,-,-,-,-,-,-,-,-,-,-,0
-,0.0,NC,T,0.9397849462365592,C,T330,-,ICL3,T323,-,ICL3,1,1,-2,-1,-1,0,-10,-2,-,-,-10,-2,-2,11
-,0.0,NC,H,0.8862660944206009,NC,H331,-,ICL3,H324,-,ICL3,-,-,-,-,-,-,-,-,-,-,-,-,-,0
-,0.0,NC,-,0.0,NC,E332,-,ICL3,Q325,-,ICL3,-,-,-,-,-,-,-,-,-,-,-,-,-,0
-,0.0,NC,-,0.0,NC,-,-,-,-,-,-,-,-,-,-,-,-,-,-,-,-,-,-,-,0
-,0.0,NC,-,0.0,NC,-,-,-,-,-,-,-,-,-,-,-,-,-,-,-,-,-,-,-,0
-,0.0,NC,A,0.927038626609442,C,A333,-,ICL3,A326,-,ICL3,1,1,0,-2,-10,0,-10,-2,-1,-10,-2,-2,-2,13
-,0.0,NC,E,0.9571734475374732,C,E334,-,ICL3,E327,-,ICL3,-,-,1,-1,1,1,1,-,1,1,-,-,1,8
-,0.0,NC,S,0.9764453961456103,C,S335,-,ICL3,S328,-,ICL3,1,1,-10,-,-10,-10,-10,-,1,1,-10,-,0,10
-,0.0,NC,-,0.0,NC,-,-,-,-,-,-,-,-,-,-,-,-,-,-,-,-,-,-,-,0
-,0.0,NC,N,0.648068669527897,NC,H336,-,ICL3,N329,-,ICL3,-,-,-,-,-,-,-,-,-,-,-,-,-,0
Q,0.6215292609995728,NC,L,0.5246252676659529,NC,M337,-,ICL3,L330,-,ICL3,-,-,-,-,-,-,-,-,-,-,-,-,-,0
Y,0.9319907560250908,C,Y,0.9957264957264957,C,Y338,6.35,TM6,Y331,6.35,TM6,-,-,-,-,-,-2,-,-,-,-,-,-,-,1
-,0.0,NC,M,0.8098290598290598,NC,L339,6.36,TM6,M332,6.36,TM6,-,-,-,-,-,-,-,-,-,-,-,-,-,0
-,0.0,NC,-,0.0,NC,-,-,-,-,-,-,-,-,-,-,-,-,-,-,-,-,-,-,-,0
R,0.5379516075571761,NC,K,0.9957264957264957,C,K340,6.37,TM6,K333,6.37,TM6,-,-,2,2,2,2,2,2,-,-,2,2,2,9
L,0.692154915590864,NC,A,0.9978632478632479,C,A341,6.38,TM6,A334,6.38,TM6,-,-,-2,-2,-2,-2,-2,-2,-2,-2,-2,-2,-2,11
A,0.5418735518040384,NC,V,0.9957264957264957,C,V342,6.39,TM6,V335,6.39,TM6,-,-,0,-2,0,0,0,0,1,0,0,0,0,11
K,0.6773659827928524,NC,R,0.9102564102564102,C,K343,6.4,TM6,R336,6.4,TM6,2,2,2,2,-,2,-,-,2,2,2,2,2,10
S,0.6751571286801191,NC,A,0.9935897435897436,C,A344,6.41,TM6,A337,6.41,TM6,-,-,1,1,1,1,1,1,1,1,1,1,1,11
T,0.9897520661157024,C,T,0.9914712153518124,C,T345,6.42,TM6,T338,6.42,TM6,-,-,-,-,-,-,-,-,-,-,-,-,-,0
L,0.9702380952380952,C,L,0.9230769230769231,C,M346,6.43,TM6,L339,6.43,TM6,-,-,-,-,-,-,-,-,-,-,-,-,-,0
-,0.0,NC,I,0.9529914529914529,C,I347,6.44,TM6,I340,6.44,TM6,3,3,-1,1,-1,-1,3,1,3,3,1,1,1,13
L,0.9953719008264464,C,L,0.997867803837953,C,L348,6.45,TM6,L341,6.45,TM6,-,-,-,-,-,-,-,-,-,-,-,-,-,0
I,0.5213364207740655,NC,V,0.9914712153518124,C,V349,6.46,TM6,V342,6.46,TM6,1,1,3,3,-,3,3,3,1,-,3,3,3,11
P,0.9292328042328042,C,P,0.9957356076759062,C,P350,6.47,TM6,P343,6.47,TM6,-,-,-,-,-,-,-,-,-,-3,-,-,-,1
L,0.9404565001653986,C,L,1.0,C,L351,6.48,TM6,L344,6.48,TM6,-,-,-,-,-,-,-,-,-,1,-,-,-,1
L,0.5312810327706058,NC,L,0.9978632478632479,C,L352,6.49,TM6,L345,6.49,TM6,-,-,-,0,-,-,-,0,0,0,0,0,0,7
G,0.9980145598941098,C,G,0.9978586723768736,C,G353,6.5,TM6,G346,6.5,TM6,-,-,-,-,-,-,-,-,-,-,-,-,-,0
I,0.5539021164021164,NC,I,0.9357601713062098,C,I354,6.51,TM6,I347,6.51,TM6,-,-,-,-1,3,-1,-10,-,3,3,3,-10,3,9
H,0.6635792259345021,NC,Q,0.6295503211991434,NC,Q355,6.52,TM6,E348,6.52,TM6,-,-,-,-,-,-,-,-,-,-,-,-,-,0
Y,0.6142904399603043,NC,F,0.8779443254817987,NC,F356,6.53,TM6,F349,6.53,TM6,-,-,-,-,-,-,-,-,-,-,-,-,-,0
-,0.0,NC,V,0.9849785407725322,C,V357,6.54,TM6,V350,6.54,TM6,1,1,-,3,-,-,-10,0,3,3,3,3,-10,10
-,0.0,NC,L,0.5128755364806867,NC,V358,6.55,TM6,L351,6.55,TM6,-,-,-,-,-,-,-,-,-,-,-,-,-,0
F,0.9050611974859412,C,-,0.0,NC,F359,6.56,TM6,I352,6.56,TM6,-,-,-,-,-,-,-,-,-,-,-,-,-,0
-,0.0,NC,P,0.9978540772532188,C,P360,6.57,TM6,P353,6.57,TM6,-4,-4,-1,-3,-1,-1,-10,-1,-3,-3,-1,-1,-1,13
-,0.0,NC,W,0.8562231759656652,NC,W361,6.58,TM6,W354,6.58,TM6,-,-,-,-,-,-,-,-,-,-,-,-,-,0
-,0.0,NC,R,0.8308351177730193,NC,R362,-,ECL3,R355,-,ECL3,-,-,-,-,-,-,-,-,-,-,-,-,-,0
P,0.7536472148541115,NC,P,1.0,C,P363,-,ECL3,P356,-,ECL3,-,-,-2,-,-2,-3,-2,-,-,-,-,-,-,4
-,0.0,NC,-,0.0,NC,-,-,-,-,-,-,-,-,-,-,-,-,-,-,-,-,-,-,-,0
-,0.0,NC,-,0.0,NC,-,-,-,-,-,-,-,-,-,-,-,-,-,-,-,-,-,-,-,0
-,0.0,NC,E,0.728051391862955,NC,S364,-,ECL3,E357,-,ECL3,-,-,-,-,-,-,-,-,-,-,-,-,-,0
-,0.0,NC,G,0.5117773019271948,NC,N365,-,ECL3,G358,-,ECL3,-,-,-,-,-,-,-,-,-,-,-,-,-,0
-,0.0,NC,R,0.6638115631691649,NC,K366,7.32,TM7,K359,7.32,TM7,-,-,-,-,-,-,-,-,-,-,-,-,-,0
-,0.0,NC,-,0.0,NC,M367,7.33,TM7,I360,7.33,TM7,-,-,-,-,-,-,-,-,-,-,-,-,-,0
-,0.0,NC,A,0.6537634408602151,NC,L368,7.34,TM7,A361,7.34,TM7,-,-,-,-,-,-,-,-,-,-,-,-,-,0
G,0.7931858936043037,NC,-,0.0,NC,G369,7.35,TM7,E362,7.35,TM7,-,-,-,-,-,-,-,-,-,-,-,-,-,0
-,0.0,NC,-,0.0,NC,-,-,-,-,-,-,-,-,-,-,-,-,-,-,-,-,-,-,-,0
-,0.0,NC,-,0.0,NC,-,-,-,-,-,-,-,-,-,-,-,-,-,-,-,-,-,-,-,0
-,0.0,NC,-,0.0,NC,-,-,-,-,-,-,-,-,-,-,-,-,-,-,-,-,-,-,-,0
-,0.0,NC,E,0.8133047210300429,NC,K370,7.36,TM7,E363,7.36,TM7,-,-,-,-,-,-,-,-,-,-,-,-,-,0
-,0.0,NC,I,0.5995717344753747,NC,I371,7.37,TM7,V364,7.37,TM7,-,-,-,-,-,-,-,-,-,-,-,-,-,0
-,0.0,NC,Y,0.9700214132762313,C,Y372,7.38,TM7,Y365,7.38,TM7,3,3,-3,-3,-3,-3,-3,-3,-2,-3,-2,-3,-10,13
-,0.0,NC,D,0.8819742489270386,NC,D373,7.39,TM7,D366,7.39,TM7,-,-,-,-,-,-,-,-,-,-,-,-,-,0
-,0.0,NC,Y,0.9742489270386266,C,Y374,7.4,TM7,Y367,7.4,TM7,-,-,3,-10,-10,3,3,-2,2,2,3,-2,-10,11
F,0.5039735099337749,NC,I,0.5674518201284796,NC,V375,7.41,TM7,I368,7.41,TM7,-,-,-,-,-,-,-,-,-,-,-,-,-,0
E,0.5168986083499006,NC,M,0.9549356223175965,C,M376,7.42,TM7,M369,7.42,TM7,-3,-3,-4,-2,-2,-2,0,-2,-2,-2,-2,-2,-2,13
L,0.5847121111846459,NC,H,0.9400428265524625,C,H377,7.43,TM7,H370,7.43,TM7,-1,-1,-3,-3,-4,-3,-3,-3,-2,-3,-3,-3,-3,13
-,0.0,NC,I,0.8008565310492506,NC,S378,7.44,TM7,I371,7.44,TM7,-,-,-,-,-,-,-,-,-,-,-,-,-,0
L,0.657606894265827,NC,L,0.9635974304068522,C,L379,7.45,TM7,L372,7.45,TM7,-,-,-,-,-,0,-,-,0,0,-,1,-,4
-,0.0,NC,M,0.7815845824411135,NC,I380,7.46,TM7,M373,7.46,TM7,-,-,-,-,-,-,-,-,-,-,-,-,-,0
S,0.8386883073865519,NC,H,0.9850107066381156,C,H381,7.47,TM7,H374,7.47,TM7,-1,-1,-1,-1,-1,-1,-1,-1,-1,-1,-1,-1,-1,13
F,0.8639523336643495,NC,Y,0.7430406852248393,NC,F382,7.48,TM7,F375,7.48,TM7,-,-,-,-,-,-,-,-,-,-,-,-,-,0
Q,0.949685534591195,C,Q,0.9957173447537473,C,Q383,7.49,TM7,Q376,7.49,TM7,-,-,-,-,-,-,1,-,-,-,-,-,-,1
G,0.9897854954034728,C,G,0.9931972789115646,C,G384,7.5,TM7,G377,7.5,TM7,-,-,-,-,-,-,-,-,-,-,-,-,-,0
F,0.5939414567733152,NC,L,0.8140589569160998,NC,F385,7.51,TM7,L378,7.51,TM7,-,-,-,-,-,-,-,-,-,-,-,-,-,0
-,0.0,NC,L,0.8027210884353742,NC,F386,7.52,TM7,L379,7.52,TM7,-,-,-,-,-,-,-,-,-,-,-,-,-,0
V,0.9805924412665986,C,V,0.9909502262443439,C,V387,7.53,TM7,V380,7.53,TM7,-,-,-,-,-,-,-,-,-,-,-,-,-,0
A,0.7105978260869565,NC,A,0.7787810383747178,NC,A388,7.54,TM7,S381,7.54,TM7,-,-,-,-,-,-,-,-,-,-,-,-,-,0
-,0.0,NC,T,0.8690744920993227,NC,T389,7.55,TM7,T382,7.55,TM7,-,-,-,-,-,-,-,-,-,-,-,-,-,0
L,0.5295717199184229,NC,I,0.9887133182844243,C,I390,7.56,TM7,I383,7.56,TM7,-1,-1,1,1,1,1,1,1,-,-,1,1,1,11
Y,0.8653519211152669,NC,F,0.7968397291196389,NC,Y391,7.57,TM7,F384,7.57,TM7,-,-,-,-,-,-,-,-,-,-,-,-,-,0
C,0.9758749575263336,C,C,0.9864559819413092,C,C392,7.58,TM7,C385,7.58,TM7,-,-,-,-,-,-,-,-,-,-,-,-,-,0
F,0.9371389738362216,C,F,0.9909706546275395,C,F393,7.59,TM7,F386,7.59,TM7,-,-,-,-,-,-,-,-,-,3,-,-,-,1
-,0.0,NC,F,0.8081264108352144,NC,C394,7.6,TM7,F387,7.6,TM7,-,-,-,-,-,-,-,-,-,-,-,-,-,0
N,0.9819482288828338,C,N,0.9887387387387387,C,N395,8.47,H8,N388,8.47,H8,-,-,-,-,-,-,-,-,-,-,-,-,-,0
G,0.5814032697547684,NC,G,0.8009049773755657,NC,N396,8.48,H8,G389,8.48,H8,-,-,-,-,-,-,-,-,-,-,-,-,-,0
E,0.980632008154944,C,E,0.9752252252252253,C,E397,8.49,H8,E390,8.49,H8,-,-,-,-,-,-,-,-,-,-,-,-,-,0
V,0.9825737265415551,C,V,0.9869565217391304,C,V398,8.5,H8,V391,8.5,H8,-,-,-,-,-,-,-,-,-,-,-,-,-,0
Q,0.7400539447066756,NC,Q,0.9803063457330415,C,Q399,8.51,H8,Q392,8.51,H8,1,1,-,-,-,-,1,-,-,-,-,-,-,3
-,0.0,NC,A,0.6238938053097345,NC,T400,8.52,H8,A393,8.52,H8,-,-,-,-,-,-,-,-,-,-,-,-,-,0
E,0.6762809636918901,NC,-,0.0,NC,T401,8.53,H8,I394,8.53,H8,-,-,-,-,-,-,-,-,-,-,-,-,-,0
-,0.0,NC,L,0.8650442477876106,NC,V402,8.54,H8,L395,8.54,H8,-,-,-,-,-,-,-,-,-,-,-,-,-,0
-,0.0,NC,K,0.5133333333333333,NC,K403,8.55,H8,R396,8.55,H8,-,-,-,-,-,-,-,-,-,-,-,-,-,0
-,0.0,NC,R,0.9955654101995566,C,R404,8.56,H8,R397,8.56,H8,2,2,2,-,-,2,2,-,2,2,-,-,-,7
-,0.0,NC,-,0.0,NC,Q405,8.57,H8,N398,8.57,H8,-,-,-,-,-,-,-,-,-,-,-,-,-,0
W,0.9691645751165292,C,W,0.9933628318584071,C,W406,8.58,H8,W399,8.58,H8,-,-,-,-10,-,-,-,-,-,-,-,-,-,1
-,0.0,NC,N,0.5420353982300885,NC,A407,8.59,H8,N400,8.59,H8,-,-,-,-,-,-,-,-,-,-,-,-,-,0
R,0.5877732240437158,NC,Q,0.9845474613686535,C,Q408,8.6,H8,Q401,8.6,H8,1,1,1,1,1,1,1,0,1,1,-,1,0,12
W,0.6375128117526477,NC,Y,0.8163716814159292,NC,F409,8.61,H8,Y402,8.61,H8,-,-,-,-,-,-,-,-,-,-,-,-,-,0
-,0.0,NC,K,0.745575221238938,NC,K410,8.62,H8,K403,8.62,H8,-,-,-,-,-,-,-,-,-,-,-,-,-,0
L,0.5832610581092801,NC,I,0.6008869179600886,NC,I411,8.63,H8,I404,8.63,H8,-,-,-,-,-,-,-,-,-,-,-,-,-,0
-,0.0,NC,-,0.0,NC,-,-,-,-,-,-,-,-,-,-,-,-,-,-,-,-,-,-,-,0
-,0.0,NC,Q,0.9733924611973392,C,Q412,8.64,H8,Q405,8.64,H8,1,1,-2,-10,1,2,-1,0,-1,0,-10,-,-10,12
-,0.0,NC,F,0.5452436194895591,NC,W413,8.65,H8,F406,8.65,H8,-,-,-,-,-,-,-,-,-,-,-,-,-,0
-,0.0,NC,G,0.7053364269141531,NC,N414,8.66,H8,G407,8.66,H8,-,-,-,-,-,-,-,-,-,-,-,-,-,0
-,0.0,NC,-,0.0,NC,Q415,8.67,H8,N408,8.67,H8,-,-,-,-,-,-,-,-,-,-,-,-,-,0
-,0.0,NC,-,0.0,NC,R416,8.68,H8,S409,8.68,H8,-,-,-,-,-,-,-,-,-,-,-,-,-,0
-,0.0,NC,-,0.0,NC,W417,8.69,H8,F410,8.69,H8,-,-,-,-,-,-,-,-,-,-,-,-,-,0
-,0.0,NC,-,0.0,NC,G418,8.7,H8,S411,8.7,H8,-,-,-,-,-,-,-,-,-,-,-,-,-,0
-,0.0,NC,-,0.0,NC,R419,8.71,H8,N412,8.71,H8,-,-,-,-,-,-,-,-,-,-,-,-,-,0
-,0.0,NC,-,0.0,NC,R420,8.72,H8,S413,8.72,H8,-,-,-,-,-,-,-,-,-,-,-,-,-,0
-,0.0,NC,-,0.0,NC,P421,-,C-ter,E414,-,C-ter,-,-,-,-,-,-,-,-,-,-,-,-,-,0
-,0.0,NC,A,0.5078651685393258,NC,S422,-,C-ter,A415,-,C-ter,-,-,-,-,-,-,-,-,-,-,-,-,-,0
-,0.0,NC,-,0.0,NC,-,-,-,-,-,-,-,-,-,-,-,-,-,-,-,-,-,-,-,0
-,0.0,NC,-,0.0,NC,-,-,-,-,-,-,-,-,-,-,-,-,-,-,-,-,-,-,-,0
-,0.0,NC,-,0.0,NC,-,-,-,-,-,-,-,-,-,-,-,-,-,-,-,-,-,-,-,0
-,0.0,NC,-,0.0,NC,-,-,-,-,-,-,-,-,-,-,-,-,-,-,-,-,-,-,-,0
-,0.0,NC,-,0.0,NC,-,-,-,-,-,-,-,-,-,-,-,-,-,-,-,-,-,-,-,0
-,0.0,NC,-,0.0,NC,-,-,-,-,-,-,-,-,-,-,-,-,-,-,-,-,-,-,-,0
-,0.0,NC,-,0.0,NC,N423,-,C-ter,L416,-,C-ter,-,-,-,-,-,-,-,-,-,-,-,-,-,0
R,0.6095238095238096,NC,R,0.9955257270693513,C,R424,-,C-ter,R417,-,C-ter,-,-,-,-,-,2,2,2,-,-2,-10,2,-,6
-,0.0,NC,-,0.0,NC,-,-,-,-,-,-,-,-,-,-,-,-,-,-,-,-,-,-,-,0
-,0.0,NC,-,0.0,NC,-,-,-,-,-,-,-,-,-,-,-,-,-,-,-,-,-,-,-,0
-,0.0,NC,-,0.0,NC,-,-,-,-,-,-,-,-,-,-,-,-,-,-,-,-,-,-,-,0
-,0.0,NC,-,0.0,NC,-,-,-,-,-,-,-,-,-,-,-,-,-,-,-,-,-,-,-,0
-,0.0,NC,-,0.0,NC,-,-,-,-,-,-,-,-,-,-,-,-,-,-,-,-,-,-,-,0
-,0.0,NC,-,0.0,NC,-,-,-,-,-,-,-,-,-,-,-,-,-,-,-,-,-,-,-,0
-,0.0,NC,-,0.0,NC,-,-,-,-,-,-,-,-,-,-,-,-,-,-,-,-,-,-,-,0
-,0.0,NC,-,0.0,NC,-,-,-,-,-,-,-,-,-,-,-,-,-,-,-,-,-,-,-,0
-,0.0,NC,-,0.0,NC,-,-,-,-,-,-,-,-,-,-,-,-,-,-,-,-,-,-,-,0
-,0.0,NC,-,0.0,NC,-,-,-,-,-,-,-,-,-,-,-,-,-,-,-,-,-,-,-,0
-,0.0,NC,-,0.0,NC,-,-,-,-,-,-,-,-,-,-,-,-,-,-,-,-,-,-,-,0
-,0.0,NC,-,0.0,NC,-,-,-,-,-,-,-,-,-,-,-,-,-,-,-,-,-,-,-,0
-,0.0,NC,-,0.0,NC,-,-,-,-,-,-,-,-,-,-,-,-,-,-,-,-,-,-,-,0
-,0.0,NC,-,0.0,NC,-,-,-,-,-,-,-,-,-,-,-,-,-,-,-,-,-,-,-,0
P,0.5123639960435212,NC,-,0.0,NC,-,-,-,-,-,-,-,-,-,-,-,-,-,-,-,-,-,-,-,0
-,0.0,NC,-,0.0,NC,-,-,-,-,-,-,-,-,-,-,-,-,-,-,-,-,-,-,-,0
-,0.0,NC,-,0.0,NC,-,-,-,-,-,-,-,-,-,-,-,-,-,-,-,-,-,-,-,0
-,0.0,NC,-,0.0,NC,-,-,-,-,-,-,-,-,-,-,-,-,-,-,-,-,-,-,-,0
-,0.0,NC,-,0.0,NC,-,-,-,-,-,-,-,-,-,-,-,-,-,-,-,-,-,-,-,0
-,0.0,NC,-,0.0,NC,-,-,-,-,-,-,-,-,-,-,-,-,-,-,-,-,-,-,-,0
-,0.0,NC,-,0.0,NC,-,-,-,-,-,-,-,-,-,-,-,-,-,-,-,-,-,-,-,0
-,0.0,NC,-,0.0,NC,-,-,-,-,-,-,-,-,-,-,-,-,-,-,-,-,-,-,-,0
-,0.0,NC,S,0.7723214285714286,NC,S425,-,C-ter,S418,-,C-ter,-,-,-,-,-,-,-,-,-,-,-,-,-,0
-,0.0,NC,A,0.6220095693779905,NC,-,-,-,A419,-,C-ter,-,-,-,-,-,-,-,-,-,-,-,-,-,0
-,0.0,NC,-,0.0,NC,-,-,-,-,-,-,-,-,-,-,-,-,-,-,-,-,-,-,-,0
-,0.0,NC,-,0.0,NC,-,-,-,-,-,-,-,-,-,-,-,-,-,-,-,-,-,-,-,0
-,0.0,NC,-,0.0,NC,-,-,-,-,-,-,-,-,-,-,-,-,-,-,-,-,-,-,-,0
-,0.0,NC,-,0.0,NC,-,-,-,-,-,-,-,-,-,-,-,-,-,-,-,-,-,-,-,0
-,0.0,NC,-,0.0,NC,-,-,-,-,-,-,-,-,-,-,-,-,-,-,-,-,-,-,-,0
S,0.74812734082397,NC,S,0.891566265060241,NC,-,-,-,S420,-,C-ter,-,-,-,-,-,-,-,-,-,-,-,-,-,0
-,0.0,NC,Y,0.8647342995169082,NC,-,-,-,Y421,-,C-ter,-,-,-,-,-,-,-,-,-,-,-,-,-,0
-,0.0,NC,-,0.0,NC,-,-,-,-,-,-,-,-,-,-,-,-,-,-,-,-,-,-,-,0
-,0.0,NC,-,0.0,NC,-,-,-,-,-,-,-,-,-,-,-,-,-,-,-,-,-,-,-,0
-,0.0,NC,-,0.0,NC,-,-,-,-,-,-,-,-,-,-,-,-,-,-,-,-,-,-,-,0
-,0.0,NC,-,0.0,NC,-,-,-,-,-,-,-,-,-,-,-,-,-,-,-,-,-,-,-,0
-,0.0,NC,-,0.0,NC,-,-,-,-,-,-,-,-,-,-,-,-,-,-,-,-,-,-,-,0
-,0.0,NC,-,0.0,NC,-,-,-,-,-,-,-,-,-,-,-,-,-,-,-,-,-,-,-,0
-,0.0,NC,-,0.0,NC,-,-,-,-,-,-,-,-,-,-,-,-,-,-,-,-,-,-,-,0
-,0.0,NC,-,0.0,NC,-,-,-,-,-,-,-,-,-,-,-,-,-,-,-,-,-,-,-,0
-,0.0,NC,-,0.0,NC,-,-,-,-,-,-,-,-,-,-,-,-,-,-,-,-,-,-,-,0
-,0.0,NC,-,0.0,NC,A426,-,C-ter,-,-,-,-,-,-,-,-,-,-,-,-,-,-,-,-,0
-,0.0,NC,-,0.0,NC,R427,-,C-ter,-,-,-,-,-,-,-,-,-,-,-,-,-,-,-,-,0
-,0.0,NC,-,0.0,NC,-,-,-,-,-,-,-,-,-,-,-,-,-,-,-,-,-,-,-,0
-,0.0,NC,-,0.0,NC,-,-,-,-,-,-,-,-,-,-,-,-,-,-,-,-,-,-,-,0
-,0.0,NC,-,0.0,NC,A428,-,C-ter,-,-,-,-,-,-,-,-,-,-,-,-,-,-,-,-,0
-,0.0,NC,-,0.0,NC,-,-,-,-,-,-,-,-,-,-,-,-,-,-,-,-,-,-,-,0
-,0.0,NC,-,0.0,NC,-,-,-,-,-,-,-,-,-,-,-,-,-,-,-,-,-,-,-,0
L,0.5905612244897959,NC,-,0.0,NC,-,-,-,-,-,-,-,-,-,-,-,-,-,-,-,-,-,-,-,0
-,0.0,NC,-,0.0,NC,-,-,-,-,-,-,-,-,-,-,-,-,-,-,-,-,-,-,-,0
-,0.0,NC,-,0.0,NC,-,-,-,-,-,-,-,-,-,-,-,-,-,-,-,-,-,-,-,0
-,0.0,NC,T,0.8149779735682819,NC,A429,-,C-ter,T422,-,C-ter,-,-,-,-,-,-,-,-,-,-,-,-,-,0
-,0.0,NC,A,0.589010989010989,NC,A430,-,C-ter,V423,-,C-ter,-,-,-,-,-,-,-,-,-,-,-,-,-,0
-,0.0,NC,-,0.0,NC,-,-,-,-,-,-,-,-,-,-,-,-,-,-,-,-,-,-,-,0
-,0.0,NC,-,0.0,NC,-,-,-,-,-,-,-,-,-,-,-,-,-,-,-,-,-,-,-,0
-,0.0,NC,-,0.0,NC,-,-,-,-,-,-,-,-,-,-,-,-,-,-,-,-,-,-,-,0
-,0.0,NC,-,0.0,NC,-,-,-,-,-,-,-,-,-,-,-,-,-,-,-,-,-,-,-,0
-,0.0,NC,-,0.0,NC,-,-,-,-,-,-,-,-,-,-,-,-,-,-,-,-,-,-,-,0
-,0.0,NC,-,0.0,NC,-,-,-,-,-,-,-,-,-,-,-,-,-,-,-,-,-,-,-,0
-,0.0,NC,-,0.0,NC,-,-,-,-,-,-,-,-,-,-,-,-,-,-,-,-,-,-,-,0
-,0.0,NC,S,0.5142857142857142,NC,A431,-,C-ter,S424,-,C-ter,-,-,-,-,-,-,-,-,-,-,-,-,-,0
-,0.0,NC,S,0.5868131868131868,NC,A432,-,C-ter,T425,-,C-ter,-,-,-,-,-,-,-,-,-,-,-,-,-,0
-,0.0,NC,-,0.0,NC,A433,-,C-ter,-,-,-,-,-,-,-,-,-,-,-,-,-,-,-,-,0
-,0.0,NC,-,0.0,NC,E434,-,C-ter,-,-,-,-,-,-,-,-,-,-,-,-,-,-,-,-,0
-,0.0,NC,I,0.778021978021978,NC,A435,-,C-ter,I426,-,C-ter,-,-,-,-,-,-,-,-,-,-,-,-,-,0
-,0.0,NC,-,0.0,NC,G436,-,C-ter,S427,-,C-ter,-,-,-,-,-,-,-,-,-,-,-,-,-,0
-,0.0,NC,-,0.0,NC,-,-,-,-,-,-,-,-,-,-,-,-,-,-,-,-,-,-,-,0
-,0.0,NC,-,0.0,NC,-,-,-,-,-,-,-,-,-,-,-,-,-,-,-,-,-,-,-,0
-,0.0,NC,-,0.0,NC,-,-,-,-,-,-,-,-,-,-,-,-,-,-,-,-,-,-,-,0
-,0.0,NC,-,0.0,NC,-,-,-,-,-,-,-,-,-,-,-,-,-,-,-,-,-,-,-,0
-,0.0,NC,-,0.0,NC,-,-,-,-,-,-,-,-,-,-,-,-,-,-,-,-,-,-,-,0
-,0.0,NC,-,0.0,NC,-,-,-,-,-,-,-,-,-,-,-,-,-,-,-,-,-,-,-,0
-,0.0,NC,-,0.0,NC,-,-,-,-,-,-,-,-,-,-,-,-,-,-,-,-,-,-,-,0
-,0.0,NC,-,0.0,NC,-,-,-,-,-,-,-,-,-,-,-,-,-,-,-,-,-,-,-,0
-,0.0,NC,-,0.0,NC,D437,-,C-ter,D428,-,C-ter,-,-,-,-,-,-,-,-,-,-,-,-,-,0
-,0.0,NC,V,0.6103603603603603,NC,I438,-,C-ter,G429,-,C-ter,-,-,-,-,-,-,-,-,-,-,-,-,-,0
-,0.0,NC,P,0.5521064301552107,NC,P439,-,C-ter,P430,-,C-ter,-,-,-,-,-,-,-,-,-,-,-,-,-,0
G,0.7981651376146789,NC,-,0.0,NC,I440,-,C-ter,G431,-,C-ter,-,-,-,-,-,-,-,-,-,-,-,-,-,0
-,0.0,NC,Y,0.7790178571428571,NC,Y441,-,C-ter,Y432,-,C-ter,-,-,-,-,-,-,-,-,-,-,-,-,-,0
-,0.0,NC,-,0.0,NC,I442,-,C-ter,S433,-,C-ter,-,-,-,-,-,-,-,-,-,-,-,-,-,0
-,0.0,NC,Y,0.6319444444444444,NC,C443,-,C-ter,-,-,-,-,-,-,-,-,-,-,-,-,-,-,-,-,0
-,0.0,NC,-,0.0,NC,-,-,-,-,-,-,-,-,-,-,-,-,-,-,-,-,-,-,-,0
-,0.0,NC,-,0.0,NC,-,-,-,-,-,-,-,-,-,-,-,-,-,-,-,-,-,-,-,0
-,0.0,NC,-,0.0,NC,-,-,-,-,-,-,-,-,-,-,-,-,-,-,-,-,-,-,-,0
-,0.0,NC,-,0.0,NC,-,-,-,-,-,-,-,-,-,-,-,-,-,-,-,-,-,-,-,0
-,0.0,NC,-,0.0,NC,-,-,-,-,-,-,-,-,-,-,-,-,-,-,-,-,-,-,-,0
-,0.0,NC,-,0.0,NC,-,-,-,-,-,-,-,-,-,-,-,-,-,-,-,-,-,-,-,0
-,0.0,NC,-,0.0,NC,-,-,-,-,-,-,-,-,-,-,-,-,-,-,-,-,-,-,-,0
-,0.0,NC,H,0.71280276816609,NC,H444,-,C-ter,-,-,-,-,-,-,-,-,-,-,-,-,-,-,-,-,0
-,0.0,NC,H,0.6039823008849557,NC,Q445,-,C-ter,H434,-,C-ter,-,-,-,-,-,-,-,-,-,-,-,-,-,0
-,0.0,NC,D,0.7676991150442478,NC,E446,-,C-ter,D435,-,C-ter,-,-,-,-,-,-,-,-,-,-,-,-,-,0
-,0.0,NC,-,0.0,NC,-,-,-,-,-,-,-,-,-,-,-,-,-,-,-,-,-,-,-,0
-,0.0,NC,-,0.0,NC,-,-,-,-,-,-,-,-,-,-,-,-,-,-,-,-,-,-,-,0
-,0.0,NC,-,0.0,NC,-,-,-,-,-,-,-,-,-,-,-,-,-,-,-,-,-,-,-,0
-,0.0,NC,-,0.0,NC,-,-,-,-,-,-,-,-,-,-,-,-,-,-,-,-,-,-,-,0
S,0.5689823874755382,NC,-,0.0,NC,-,-,-,-,-,-,-,-,-,-,-,-,-,-,-,-,-,-,-,0
-,0.0,NC,-,0.0,NC,-,-,-,-,-,-,-,-,-,-,-,-,-,-,-,-,-,-,-,0
-,0.0,NC,-,0.0,NC,-,-,-,-,-,-,-,-,-,-,-,-,-,-,-,-,-,-,-,0
-,0.0,NC,-,0.0,NC,-,-,-,-,-,-,-,-,-,-,-,-,-,-,-,-,-,-,-,0
-,0.0,NC,-,0.0,NC,P447,-,C-ter,C436,-,C-ter,-,-,-,-,-,-,-,-,-,-,-,-,-,0
-,0.0,NC,-,0.0,NC,R448,-,C-ter,P437,-,C-ter,-,-,-,-,-,-,-,-,-,-,-,-,-,0
-,0.0,NC,-,0.0,NC,-,-,-,-,-,-,-,-,-,-,-,-,-,-,-,-,-,-,-,0
-,0.0,NC,-,0.0,NC,-,-,-,-,-,-,-,-,-,-,-,-,-,-,-,-,-,-,-,0
S,0.7429028388644542,NC,-,0.0,NC,N449,-,C-ter,S438,-,C-ter,-,-,-,-,-,-,-,-,-,-,-,-,-,0
-,0.0,NC,-,0.0,NC,-,-,-,-,-,-,-,-,-,-,-,-,-,-,-,-,-,-,-,0
P,0.5084449621432732,NC,-,0.0,NC,-,-,-,-,-,-,-,-,-,-,-,-,-,-,-,-,-,-,-,0
-,0.0,NC,E,0.9358407079646017,C,E450,-,C-ter,E439,-,C-ter,-1,-1,-10,-10,-1,-10,-10,2,-,-,-10,1,-10,11
-,0.0,NC,H,0.6327433628318584,NC,P451,-,C-ter,H440,-,C-ter,-,-,-,-,-,-,-,-,-,-,-,-,-,0
-,0.0,NC,L,0.6740576496674058,NC,A452,-,C-ter,L441,-,C-ter,-,-,-,-,-,-,-,-,-,-,-,-,-,0
-,0.0,NC,-,0.0,NC,-,-,-,-,-,-,-,-,-,-,-,-,-,-,-,-,-,-,-,0
-,0.0,NC,-,0.0,NC,-,-,-,-,-,-,-,-,-,-,-,-,-,-,-,-,-,-,-,0
-,0.0,NC,N,0.9490022172949002,C,N453,-,C-ter,N442,-,C-ter,-10,-10,-10,-10,-10,-10,-10,-4,-1,-1,-1,0,-10,13
-,0.0,NC,G,0.8169642857142857,NC,N454,-,C-ter,G443,-,C-ter,-,-,-,-,-,-,-,-,-,-,-,-,-,0
-,0.0,NC,K,0.5915178571428571,NC,Q455,-,C-ter,K444,-,C-ter,-,-,-,-,-,-,-,-,-,-,-,-,-,0
-,0.0,NC,-,0.0,NC,-,-,-,-,-,-,-,-,-,-,-,-,-,-,-,-,-,-,-,0
-,0.0,NC,-,0.0,NC,-,-,-,-,-,-,-,-,-,-,-,-,-,-,-,-,-,-,-,0
-,0.0,NC,-,0.0,NC,G456,-,C-ter,S445,-,C-ter,-,-,-,-,-,-,-,-,-,-,-,-,-,0
-,0.0,NC,-,0.0,NC,E457,-,C-ter,I446,-,C-ter,-,-,-,-,-,-,-,-,-,-,-,-,-,0
-,0.0,NC,-,0.0,NC,-,-,-,-,-,-,-,-,-,-,-,-,-,-,-,-,-,-,-,0
-,0.0,NC,-,0.0,NC,E458,-,C-ter,H447,-,C-ter,-,-,-,-,-,-,-,-,-,-,-,-,-,0
-,0.0,NC,-,0.0,NC,-,-,-,-,-,-,-,-,-,-,-,-,-,-,-,-,-,-,-,0
-,0.0,NC,-,0.0,NC,-,-,-,-,-,-,-,-,-,-,-,-,-,-,-,-,-,-,-,0
-,0.0,NC,D,0.7827050997782705,NC,S459,-,C-ter,D448,-,C-ter,-,-,-,-,-,-,-,-,-,-,-,-,-,0
-,0.0,NC,-,0.0,NC,A460,-,C-ter,I449,-,C-ter,-,-,-,-,-,-,-,-,-,-,-,-,-,0
-,0.0,NC,E,0.8167770419426048,NC,E461,-,C-ter,E450,-,C-ter,-,-,-,-,-,-,-,-,-,-,-,-,-,0
-,0.0,NC,-,0.0,NC,-,-,-,-,-,-,-,-,-,-,-,-,-,-,-,-,-,-,-,0
-,0.0,NC,-,0.0,NC,-,-,-,-,-,-,-,-,-,-,-,-,-,-,-,-,-,-,-,0
-,0.0,NC,-,0.0,NC,I462,-,C-ter,N451,-,C-ter,-,-,-,-,-,-,-,-,-,-,-,-,-,0
-,0.0,NC,V,0.6022471910112359,NC,I463,-,C-ter,V452,-,C-ter,-,-,-,-,-,-,-,-,-,-,-,-,-,0
-,0.0,NC,-,0.0,NC,-,-,-,-,-,-,-,-,-,-,-,-,-,-,-,-,-,-,-,0
-,0.0,NC,-,0.0,NC,P464,-,C-ter,L453,-,C-ter,-,-,-,-,-,-,-,-,-,-,-,-,-,0
-,0.0,NC,L,0.8116591928251121,NC,L465,-,C-ter,L454,-,C-ter,-,-,-,-,-,-,-,-,-,-,-,-,-,0
-,0.0,NC,K,0.7767857142857143,NC,N466,-,C-ter,K455,-,C-ter,-,-,-,-,-,-,-,-,-,-,-,-,-,0
-,0.0,NC,-,0.0,NC,-,-,-,-,-,-,-,-,-,-,-,-,-,-,-,-,-,-,-,0
-,0.0,NC,-,0.0,NC,-,-,-,-,-,-,-,-,-,-,-,-,-,-,-,-,-,-,-,0
-,0.0,NC,-,0.0,NC,-,-,-,-,-,-,-,-,-,-,-,-,-,-,-,-,-,-,-,0
-,0.0,NC,-,0.0,NC,-,-,-,-,-,-,-,-,-,-,-,-,-,-,-,-,-,-,-,0
-,0.0,NC,-,0.0,NC,-,-,-,-,-,-,-,-,-,-,-,-,-,-,-,-,-,-,-,0
-,0.0,NC,-,0.0,NC,-,-,-,-,-,-,-,-,-,-,-,-,-,-,-,-,-,-,-,0
-,0.0,NC,-,0.0,NC,-,-,-,-,-,-,-,-,-,-,-,-,-,-,-,-,-,-,-,0
-,0.0,NC,-,0.0,NC,-,-,-,-,-,-,-,-,-,-,-,-,-,-,-,-,-,-,-,0
-,0.0,NC,-,0.0,NC,-,-,-,-,-,-,-,-,-,-,-,-,-,-,-,-,-,-,-,0
-,0.0,NC,-,0.0,NC,-,-,-,-,-,-,-,-,-,-,-,-,-,-,-,-,-,-,-,0
-,0.0,NC,-,0.0,NC,-,-,-,-,-,-,-,-,-,-,-,-,-,-,-,-,-,-,-,0
-,0.0,NC,-,0.0,NC,-,-,-,-,-,-,-,-,-,-,-,-,-,-,-,-,-,-,-,0
-,0.0,NC,-,0.0,NC,-,-,-,-,-,-,-,-,-,-,-,-,-,-,-,-,-,-,-,0
-,0.0,NC,-,0.0,NC,I467,-,C-ter,-,-,-,-,-,-,-,-,-,-,-,-,-,-,-,-,0
-,0.0,NC,-,0.0,NC,I468,-,C-ter,-,-,-,-,-,-,-,-,-,-,-,-,-,-,-,-,0
-,0.0,NC,-,0.0,NC,E469,-,C-ter,P456,-,C-ter,-,-,-,-,-,-,-,-,-,-,-,-,-,0
-,0.0,NC,-,0.0,NC,-,-,-,-,-,-,-,-,-,-,-,-,-,-,-,-,-,-,-,0
-,0.0,NC,-,0.0,NC,-,-,-,-,-,-,-,-,-,-,-,-,-,-,-,-,-,-,-,0
-,0.0,NC,-,0.0,NC,-,-,-,-,-,-,-,-,-,-,-,-,-,-,-,-,-,-,-,0
-,0.0,NC,-,0.0,NC,-,-,-,-,-,-,-,-,-,-,-,-,-,-,-,-,-,-,-,0
-,0.0,NC,-,0.0,NC,-,-,-,-,-,-,-,-,-,-,-,-,-,-,-,-,-,-,-,0
-,0.0,NC,-,0.0,NC,-,-,-,-,-,-,-,-,-,-,-,-,-,-,-,-,-,-,-,0
-,0.0,NC,-,0.0,NC,Q470,-,C-ter,E457,-,C-ter,-,-,-,-,-,-,-,-,-,-,-,-,-,0
E,0.5042926465098917,NC,-,0.0,NC,E471,-,C-ter,N458,-,C-ter,-,-,-,-,-,-,-,-,-,-,-,-,-,0
-,0.0,NC,-,0.0,NC,S472,-,C-ter,L459,-,C-ter,-,-,-,-,-,-,-,-,-,-,-,-,-,0
-,0.0,NC,-,0.0,NC,-,-,-,-,-,-,-,-,-,-,-,-,-,-,-,-,-,-,-,0
-,0.0,NC,-,0.0,NC,-,-,-,-,-,-,-,-,-,-,-,-,-,-,-,-,-,-,-,0
-,0.0,NC,Y,0.5154394299287411,NC,S473,-,C-ter,Y460,-,C-ter,-,-,-,-,-,-,-,-,-,-,-,-,-,0
-,0.0,NC,A,0.5785714285714286,NC,A474,-,C-ter,N461,-,C-ter,-,-,-,-,-,-,-,-,-,-,-,-,-,0
-,0.0,NC,-,0.0,NC,-,-,-,-,-,-,-,-,-,-,-,-,-,-,-,-,-,-,-,0
-,0.0,NC,-,0.0,NC,-,-,-,-,-,-,-,-,-,-,-,-,-,-,-,-,-,-,-,0
-,0.0,NC,-,0.0,NC,-,-,-,-,-,-,-,-,-,-,-,-,-,-,-,-,-,-,-,0
