global_residue,global_frequency,global_status,vipr2_seq,vipr2_residue,vipr2_frequency,vipr2_status,Wootten,crfr2_blosum80,sctr_blosum80,vipr1_blosum80,pacr_blosum80,crfr1_blosum80,glp1r_blosum80,pth1r_blosum80,gcgr_blosum80,pth2r_blosum80,calcr_blosum80,glp2r_blosum80,calrl_blosum80,gipr_blosum80,ghrhr_blosum80,Domain,count
M,0.8711590296495957,NC,M1,M,0.8712121212121212,NC,-,-,-,-,-,-,-,-,-,-,-,-,-,-,-,N-ter,0
-,0.0,NC,R2,R,0.6439393939393939,NC,-,-,-,-,-,-,-,-,-,-,-,-,-,-,-,N-ter,0
-,0.0,NC,-,-,0.0,NC,-,-,-,-,-,-,-,-,-,-,-,-,-,-,-,-,0
-,0.0,NC,-,-,0.0,NC,-,-,-,-,-,-,-,-,-,-,-,-,-,-,-,-,0
-,0.0,NC,-,-,0.0,NC,-,-,-,-,-,-,-,-,-,-,-,-,-,-,-,-,0
-,0.0,NC,-,-,0.0,NC,-,-,-,-,-,-,-,-,-,-,-,-,-,-,-,-,0
-,0.0,NC,-,-,0.0,NC,-,-,-,-,-,-,-,-,-,-,-,-,-,-,-,-,0
-,0.0,NC,-,-,0.0,NC,-,-,-,-,-,-,-,-,-,-,-,-,-,-,-,-,0
-,0.0,NC,-,-,0.0,NC,-,-,-,-,-,-,-,-,-,-,-,-,-,-,-,-,0
-,0.0,NC,-,-,0.0,NC,-,-,-,-,-,-,-,-,-,-,-,-,-,-,-,-,0
-,0.0,NC,-,-,0.0,NC,-,-,-,-,-,-,-,-,-,-,-,-,-,-,-,-,0
-,0.0,NC,-,-,0.0,NC,-,-,-,-,-,-,-,-,-,-,-,-,-,-,-,-,0
-,0.0,NC,T3,-,0.0,NC,-,-,-,-,-,-,-,-,-,-,-,-,-,-,-,N-ter,0
-,0.0,NC,-,-,0.0,NC,-,-,-,-,-,-,-,-,-,-,-,-,-,-,-,-,0
-,0.0,NC,-,-,0.0,NC,-,-,-,-,-,-,-,-,-,-,-,-,-,-,-,-,0
-,0.0,NC,-,-,0.0,NC,-,-,-,-,-,-,-,-,-,-,-,-,-,-,-,-,0
-,0.0,NC,-,-,0.0,NC,-,-,-,-,-,-,-,-,-,-,-,-,-,-,-,-,0
-,0.0,NC,-,-,0.0,NC,-,-,-,-,-,-,-,-,-,-,-,-,-,-,-,-,0
-,0.0,NC,-,-,0.0,NC,-,-,-,-,-,-,-,-,-,-,-,-,-,-,-,-,0
-,0.0,NC,-,-,0.0,NC,-,-,-,-,-,-,-,-,-,-,-,-,-,-,-,-,0
-,0.0,NC,-,-,0.0,NC,-,-,-,-,-,-,-,-,-,-,-,-,-,-,-,-,0
-,0.0,NC,-,-,0.0,NC,-,-,-,-,-,-,-,-,-,-,-,-,-,-,-,-,0
-,0.0,NC,-,-,0.0,NC,-,-,-,-,-,-,-,-,-,-,-,-,-,-,-,-,0
-,0.0,NC,-,-,0.0,NC,-,-,-,-,-,-,-,-,-,-,-,-,-,-,-,-,0
-,0.0,NC,-,-,0.0,NC,-,-,-,-,-,-,-,-,-,-,-,-,-,-,-,-,0
-,0.0,NC,-,-,0.0,NC,-,-,-,-,-,-,-,-,-,-,-,-,-,-,-,-,0
-,0.0,NC,-,-,0.0,NC,-,-,-,-,-,-,-,-,-,-,-,-,-,-,-,-,0
-,0.0,NC,-,-,0.0,NC,-,-,-,-,-,-,-,-,-,-,-,-,-,-,-,-,0
-,0.0,NC,-,-,0.0,NC,-,-,-,-,-,-,-,-,-,-,-,-,-,-,-,-,0
-,0.0,NC,-,-,0.0,NC,-,-,-,-,-,-,-,-,-,-,-,-,-,-,-,-,0
-,0.0,NC,-,-,0.0,NC,-,-,-,-,-,-,-,-,-,-,-,-,-,-,-,-,0
-,0.0,NC,-,-,0.0,NC,-,-,-,-,-,-,-,-,-,-,-,-,-,-,-,-,0
-,0.0,NC,-,-,0.0,NC,-,-,-,-,-,-,-,-,-,-,-,-,-,-,-,-,0
-,0.0,NC,-,-,0.0,NC,-,-,-,-,-,-,-,-,-,-,-,-,-,-,-,-,0
-,0.0,NC,-,-,0.0,NC,-,-,-,-,-,-,-,-,-,-,-,-,-,-,-,-,0
-,0.0,NC,-,-,0.0,NC,-,-,-,-,-,-,-,-,-,-,-,-,-,-,-,-,0
-,0.0,NC,-,-,0.0,NC,-,-,-,-,-,-,-,-,-,-,-,-,-,-,-,-,0
-,0.0,NC,-,-,0.0,NC,-,-,-,-,-,-,-,-,-,-,-,-,-,-,-,-,0
-,0.0,NC,-,-,0.0,NC,-,-,-,-,-,-,-,-,-,-,-,-,-,-,-,-,0
-,0.0,NC,-,-,0.0,NC,-,-,-,-,-,-,-,-,-,-,-,-,-,-,-,-,0
-,0.0,NC,-,-,0.0,NC,-,-,-,-,-,-,-,-,-,-,-,-,-,-,-,-,0
-,0.0,NC,-,-,0.0,NC,-,-,-,-,-,-,-,-,-,-,-,-,-,-,-,-,0
-,0.0,NC,-,-,0.0,NC,-,-,-,-,-,-,-,-,-,-,-,-,-,-,-,-,0
-,0.0,NC,-,-,0.0,NC,-,-,-,-,-,-,-,-,-,-,-,-,-,-,-,-,0
-,0.0,NC,-,-,0.0,NC,-,-,-,-,-,-,-,-,-,-,-,-,-,-,-,-,0
-,0.0,NC,-,-,0.0,NC,-,-,-,-,-,-,-,-,-,-,-,-,-,-,-,-,0
-,0.0,NC,-,-,0.0,NC,-,-,-,-,-,-,-,-,-,-,-,-,-,-,-,-,0
-,0.0,NC,-,-,0.0,NC,-,-,-,-,-,-,-,-,-,-,-,-,-,-,-,-,0
-,0.0,NC,-,-,0.0,NC,-,-,-,-,-,-,-,-,-,-,-,-,-,-,-,-,0
-,0.0,NC,-,-,0.0,NC,-,-,-,-,-,-,-,-,-,-,-,-,-,-,-,-,0
-,0.0,NC,-,-,0.0,NC,-,-,-,-,-,-,-,-,-,-,-,-,-,-,-,-,0
-,0.0,NC,-,-,0.0,NC,-,-,-,-,-,-,-,-,-,-,-,-,-,-,-,-,0
-,0.0,NC,-,-,0.0,NC,-,-,-,-,-,-,-,-,-,-,-,-,-,-,-,-,0
-,0.0,NC,-,-,0.0,NC,-,-,-,-,-,-,-,-,-,-,-,-,-,-,-,-,0
-,0.0,NC,-,-,0.0,NC,-,-,-,-,-,-,-,-,-,-,-,-,-,-,-,-,0
-,0.0,NC,-,-,0.0,NC,-,-,-,-,-,-,-,-,-,-,-,-,-,-,-,-,0
-,0.0,NC,-,-,0.0,NC,-,-,-,-,-,-,-,-,-,-,-,-,-,-,-,-,0
-,0.0,NC,-,-,0.0,NC,-,-,-,-,-,-,-,-,-,-,-,-,-,-,-,-,0
-,0.0,NC,-,-,0.0,NC,-,-,-,-,-,-,-,-,-,-,-,-,-,-,-,-,0
-,0.0,NC,-,-,0.0,NC,-,-,-,-,-,-,-,-,-,-,-,-,-,-,-,-,0
-,0.0,NC,-,-,0.0,NC,-,-,-,-,-,-,-,-,-,-,-,-,-,-,-,-,0
-,0.0,NC,-,-,0.0,NC,-,-,-,-,-,-,-,-,-,-,-,-,-,-,-,-,0
-,0.0,NC,-,-,0.0,NC,-,-,-,-,-,-,-,-,-,-,-,-,-,-,-,-,0
-,0.0,NC,-,-,0.0,NC,-,-,-,-,-,-,-,-,-,-,-,-,-,-,-,-,0
-,0.0,NC,L4,-,0.0,NC,-,-,-,-,-,-,-,-,-,-,-,-,-,-,-,N-ter,0
-,0.0,NC,-,-,0.0,NC,-,-,-,-,-,-,-,-,-,-,-,-,-,-,-,-,0
-,0.0,NC,L5,L,0.7672413793103449,NC,-,-,-,-,-,-,-,-,-,-,-,-,-,-,-,N-ter,0
-,0.0,NC,-,-,0.0,NC,-,-,-,-,-,-,-,-,-,-,-,-,-,-,-,-,0
-,0.0,NC,-,-,0.0,NC,-,-,-,-,-,-,-,-,-,-,-,-,-,-,-,-,0
-,0.0,NC,P6,-,0.0,NC,-,-,-,-,-,-,-,-,-,-,-,-,-,-,-,N-ter,0
-,0.0,NC,P7,-,0.0,NC,-,-,-,-,-,-,-,-,-,-,-,-,-,-,-,N-ter,0
-,0.0,NC,A8,-,0.0,NC,-,-,-,-,-,-,-,-,-,-,-,-,-,-,-,N-ter,0
-,0.0,NC,-,-,0.0,NC,-,-,-,-,-,-,-,-,-,-,-,-,-,-,-,-,0
-,0.0,NC,-,-,0.0,NC,-,-,-,-,-,-,-,-,-,-,-,-,-,-,-,-,0
-,0.0,NC,L9,L,0.7244094488188977,NC,-,-,-,-,-,-,-,-,-,-,-,-,-,-,-,N-ter,0
-,0.0,NC,-,-,0.0,NC,-,-,-,-,-,-,-,-,-,-,-,-,-,-,-,-,0
-,0.0,NC,-,-,0.0,NC,-,-,-,-,-,-,-,-,-,-,-,-,-,-,-,-,0
-,0.0,NC,-,-,0.0,NC,-,-,-,-,-,-,-,-,-,-,-,-,-,-,-,-,0
-,0.0,NC,-,-,0.0,NC,-,-,-,-,-,-,-,-,-,-,-,-,-,-,-,-,0
-,0.0,NC,-,-,0.0,NC,-,-,-,-,-,-,-,-,-,-,-,-,-,-,-,-,0
-,0.0,NC,-,-,0.0,NC,-,-,-,-,-,-,-,-,-,-,-,-,-,-,-,-,0
-,0.0,NC,-,-,0.0,NC,-,-,-,-,-,-,-,-,-,-,-,-,-,-,-,-,0
L,0.5614117647058824,NC,L10,L,0.7007874015748031,NC,-,-,-,-,-,-,-,-,-,-,-,-,-,-,-,N-ter,0
L,0.5155096011816839,NC,T11,-,0.0,NC,-,-,-,-,-,-,-,-,-,-,-,-,-,-,-,N-ter,0
-,0.0,NC,-,-,0.0,NC,-,-,-,-,-,-,-,-,-,-,-,-,-,-,-,-,0
-,0.0,NC,-,-,0.0,NC,-,-,-,-,-,-,-,-,-,-,-,-,-,-,-,-,0
-,0.0,NC,-,-,0.0,NC,-,-,-,-,-,-,-,-,-,-,-,-,-,-,-,-,0
-,0.0,NC,C12,C,0.5433070866141733,NC,-,-,-,-,-,-,-,-,-,-,-,-,-,-,-,N-ter,0
-,0.0,NC,-,-,0.0,NC,-,-,-,-,-,-,-,-,-,-,-,-,-,-,-,-,0
-,0.0,NC,-,-,0.0,NC,-,-,-,-,-,-,-,-,-,-,-,-,-,-,-,-,0
-,0.0,NC,-,-,0.0,NC,-,-,-,-,-,-,-,-,-,-,-,-,-,-,-,-,0
-,0.0,NC,-,-,0.0,NC,-,-,-,-,-,-,-,-,-,-,-,-,-,-,-,-,0
-,0.0,NC,-,-,0.0,NC,-,-,-,-,-,-,-,-,-,-,-,-,-,-,-,-,0
-,0.0,NC,-,-,0.0,NC,-,-,-,-,-,-,-,-,-,-,-,-,-,-,-,-,0
L,0.7147087857847977,NC,-,-,0.0,NC,-,-,-,-,-,-,-,-,-,-,-,-,-,-,-,-,0
-,0.0,NC,-,-,0.0,NC,-,-,-,-,-,-,-,-,-,-,-,-,-,-,-,-,0
-,0.0,NC,W13,W,0.5547445255474452,NC,-,-,-,-,-,-,-,-,-,-,-,-,-,-,-,N-ter,0
-,0.0,NC,-,-,0.0,NC,-,-,-,-,-,-,-,-,-,-,-,-,-,-,-,-,0
-,0.0,NC,-,-,0.0,NC,-,-,-,-,-,-,-,-,-,-,-,-,-,-,-,-,0
-,0.0,NC,L14,-,0.0,NC,-,-,-,-,-,-,-,-,-,-,-,-,-,-,-,N-ter,0
-,0.0,NC,-,-,0.0,NC,-,-,-,-,-,-,-,-,-,-,-,-,-,-,-,-,0
-,0.0,NC,L15,L,0.6623376623376623,NC,-,-,-,-,-,-,-,-,-,-,-,-,-,-,-,N-ter,0
-,0.0,NC,-,-,0.0,NC,-,-,-,-,-,-,-,-,-,-,-,-,-,-,-,-,0
-,0.0,NC,-,-,0.0,NC,-,-,-,-,-,-,-,-,-,-,-,-,-,-,-,-,0
-,0.0,NC,-,-,0.0,NC,-,-,-,-,-,-,-,-,-,-,-,-,-,-,-,-,0
-,0.0,NC,-,-,0.0,NC,-,-,-,-,-,-,-,-,-,-,-,-,-,-,-,-,0
-,0.0,NC,-,-,0.0,NC,-,-,-,-,-,-,-,-,-,-,-,-,-,-,-,-,0
-,0.0,NC,-,-,0.0,NC,-,-,-,-,-,-,-,-,-,-,-,-,-,-,-,-,0
-,0.0,NC,A16,-,0.0,NC,-,-,-,-,-,-,-,-,-,-,-,-,-,-,-,N-ter,0
-,0.0,NC,-,-,0.0,NC,-,-,-,-,-,-,-,-,-,-,-,-,-,-,-,-,0
-,0.0,NC,-,-,0.0,NC,-,-,-,-,-,-,-,-,-,-,-,-,-,-,-,-,0
-,0.0,NC,P17,-,0.0,NC,-,-,-,-,-,-,-,-,-,-,-,-,-,-,-,N-ter,0
-,0.0,NC,-,-,0.0,NC,-,-,-,-,-,-,-,-,-,-,-,-,-,-,-,-,0
-,0.0,NC,-,-,0.0,NC,-,-,-,-,-,-,-,-,-,-,-,-,-,-,-,-,0
-,0.0,NC,-,-,0.0,NC,-,-,-,-,-,-,-,-,-,-,-,-,-,-,-,-,0
-,0.0,NC,-,-,0.0,NC,-,-,-,-,-,-,-,-,-,-,-,-,-,-,-,-,0
-,0.0,NC,-,-,0.0,NC,-,-,-,-,-,-,-,-,-,-,-,-,-,-,-,-,0
-,0.0,NC,-,-,0.0,NC,-,-,-,-,-,-,-,-,-,-,-,-,-,-,-,-,0
-,0.0,NC,-,-,0.0,NC,-,-,-,-,-,-,-,-,-,-,-,-,-,-,-,-,0
-,0.0,NC,V18,V,0.877906976744186,NC,-,-,-,-,-,-,-,-,-,-,-,-,-,-,-,N-ter,0
-,0.0,NC,-,-,0.0,NC,-,-,-,-,-,-,-,-,-,-,-,-,-,-,-,-,0
-,0.0,NC,-,-,0.0,NC,-,-,-,-,-,-,-,-,-,-,-,-,-,-,-,-,0
-,0.0,NC,N19,N,0.5872093023255814,NC,-,-,-,-,-,-,-,-,-,-,-,-,-,-,-,N-ter,0
-,0.0,NC,S20,-,0.0,NC,-,-,-,-,-,-,-,-,-,-,-,-,-,-,-,N-ter,0
-,0.0,NC,-,-,0.0,NC,-,-,-,-,-,-,-,-,-,-,-,-,-,-,-,-,0
-,0.0,NC,-,-,0.0,NC,-,-,-,-,-,-,-,-,-,-,-,-,-,-,-,-,0
-,0.0,NC,-,-,0.0,NC,-,-,-,-,-,-,-,-,-,-,-,-,-,-,-,-,0
-,0.0,NC,-,-,0.0,NC,-,-,-,-,-,-,-,-,-,-,-,-,-,-,-,-,0
-,0.0,NC,-,-,0.0,NC,-,-,-,-,-,-,-,-,-,-,-,-,-,-,-,-,0
-,0.0,NC,-,-,0.0,NC,-,-,-,-,-,-,-,-,-,-,-,-,-,-,-,-,0
-,0.0,NC,I21,-,0.0,NC,-,-,-,-,-,-,-,-,-,-,-,-,-,-,-,N-ter,0
-,0.0,NC,H22,H,0.9080459770114943,C,-,-10,-3,-10,-,-10,-1,-10,-2,-10,-10,0,0,-3,-,N-ter,12
-,0.0,NC,P23,P,0.9132947976878613,C,-,-10,-10,-10,-1,-,-10,-2,-10,-2,-,-10,-10,-10,-,N-ter,11
-,0.0,NC,-,-,0.0,NC,-,-,-,-,-,-,-,-,-,-,-,-,-,-,-,-,0
-,0.0,NC,-,-,0.0,NC,-,-,-,-,-,-,-,-,-,-,-,-,-,-,-,-,0
-,0.0,NC,E24,E,0.72,NC,-,-,-,-,-,-,-,-,-,-,-,-,-,-,-,N-ter,0
-,0.0,NC,C25,C,0.9488636363636364,C,-,-10,-,-,-,-10,-10,-5,-10,-5,-10,-10,-10,-10,-,N-ter,10
-,0.0,NC,R26,R,0.7283236994219653,NC,-,-,-,-,-,-,-,-,-,-,-,-,-,-,-,N-ter,0
-,0.0,NC,F27,F,0.815028901734104,NC,-,-,-,-,-,-,-,-,-,-,-,-,-,-,-,N-ter,0
-,0.0,NC,-,-,0.0,NC,-,-,-,-,-,-,-,-,-,-,-,-,-,-,-,-,0
-,0.0,NC,-,-,0.0,NC,-,-,-,-,-,-,-,-,-,-,-,-,-,-,-,-,0
-,0.0,NC,-,-,0.0,NC,-,-,-,-,-,-,-,-,-,-,-,-,-,-,-,-,0
-,0.0,NC,-,-,0.0,NC,-,-,-,-,-,-,-,-,-,-,-,-,-,-,-,-,0
-,0.0,NC,-,-,0.0,NC,-,-,-,-,-,-,-,-,-,-,-,-,-,-,-,-,0
-,0.0,NC,-,-,0.0,NC,-,-,-,-,-,-,-,-,-,-,-,-,-,-,-,-,0
-,0.0,NC,-,-,0.0,NC,-,-,-,-,-,-,-,-,-,-,-,-,-,-,-,-,0
-,0.0,NC,H28,-,0.0,NC,-,-,-,-,-,-,-,-,-,-,-,-,-,-,-,N-ter,0
-,0.0,NC,-,-,0.0,NC,-,-,-,-,-,-,-,-,-,-,-,-,-,-,-,-,0
-,0.0,NC,-,-,0.0,NC,-,-,-,-,-,-,-,-,-,-,-,-,-,-,-,-,0
-,0.0,NC,L29,L,0.8529411764705882,NC,-,-,-,-,-,-,-,-,-,-,-,-,-,-,-,N-ter,0
-,0.0,NC,E30,E,0.9230769230769231,C,-,-10,-3,-10,-4,-1,1,-4,-10,-4,1,1,1,-1,2,N-ter,14
-,0.0,NC,-,-,0.0,NC,-,-,-,-,-,-,-,-,-,-,-,-,-,-,-,-,0
-,0.0,NC,I31,I,0.7294117647058823,NC,-,-,-,-,-,-,-,-,-,-,-,-,-,-,-,N-ter,0
-,0.0,NC,Q32,-,0.0,NC,-,-,-,-,-,-,-,-,-,-,-,-,-,-,-,N-ter,0
-,0.0,NC,E33,-,0.0,NC,-,-,-,-,-,-,-,-,-,-,-,-,-,-,-,N-ter,0
-,0.0,NC,E34,E,0.7411764705882353,NC,-,-,-,-,-,-,-,-,-,-,-,-,-,-,-,N-ter,0
-,0.0,NC,E35,E,0.8,NC,-,-,-,-,-,-,-,-,-,-,-,-,-,-,-,N-ter,0
-,0.0,NC,T36,T,0.5964912280701754,NC,-,-,-,-,-,-,-,-,-,-,-,-,-,-,-,N-ter,0
-,0.0,NC,K37,-,0.0,NC,-,-,-,-,-,-,-,-,-,-,-,-,-,-,-,N-ter,0
C,0.9436349693251533,C,C38,C,0.9826589595375722,C,-,-10,-,-,-,-,-,-,-,-,-,-,-,-,-,N-ter,1
-,0.0,NC,A39,-,0.0,NC,-,-,-,-,-,-,-,-,-,-,-,-,-,-,-,N-ter,0
-,0.0,NC,E40,E,0.6763005780346821,NC,-,-,-,-,-,-,-,-,-,-,-,-,-,-,-,N-ter,0
-,0.0,NC,L41,L,0.6416184971098265,NC,-,-,-,-,-,-,-,-,-,-,-,-,-,-,-,N-ter,0
-,0.0,NC,L42,L,0.953757225433526,C,-,-10,-,-10,1,-,-,-,-10,1,2,-,1,-,-10,N-ter,8
-,0.0,NC,R43,-,0.0,NC,-,-,-,-,-,-,-,-,-,-,-,-,-,-,-,N-ter,0
-,0.0,NC,-,-,0.0,NC,-,-,-,-,-,-,-,-,-,-,-,-,-,-,-,-,0
-,0.0,NC,S44,-,0.0,NC,-,-,-,-,-,-,-,-,-,-,-,-,-,-,-,N-ter,0
-,0.0,NC,Q45,-,0.0,NC,-,-,-,-,-,-,-,-,-,-,-,-,-,-,-,N-ter,0
-,0.0,NC,-,-,0.0,NC,-,-,-,-,-,-,-,-,-,-,-,-,-,-,-,-,0
-,0.0,NC,-,-,0.0,NC,-,-,-,-,-,-,-,-,-,-,-,-,-,-,-,-,0
-,0.0,NC,-,-,0.0,NC,-,-,-,-,-,-,-,-,-,-,-,-,-,-,-,-,0
-,0.0,NC,-,-,0.0,NC,-,-,-,-,-,-,-,-,-,-,-,-,-,-,-,-,0
-,0.0,NC,-,-,0.0,NC,-,-,-,-,-,-,-,-,-,-,-,-,-,-,-,-,0
-,0.0,NC,-,-,0.0,NC,-,-,-,-,-,-,-,-,-,-,-,-,-,-,-,-,0
-,0.0,NC,-,-,0.0,NC,-,-,-,-,-,-,-,-,-,-,-,-,-,-,-,-,0
-,0.0,NC,-,-,0.0,NC,-,-,-,-,-,-,-,-,-,-,-,-,-,-,-,-,0
-,0.0,NC,-,-,0.0,NC,-,-,-,-,-,-,-,-,-,-,-,-,-,-,-,-,0
-,0.0,NC,-,-,0.0,NC,-,-,-,-,-,-,-,-,-,-,-,-,-,-,-,-,0
-,0.0,NC,-,-,0.0,NC,-,-,-,-,-,-,-,-,-,-,-,-,-,-,-,-,0
-,0.0,NC,-,-,0.0,NC,-,-,-,-,-,-,-,-,-,-,-,-,-,-,-,-,0
-,0.0,NC,-,-,0.0,NC,-,-,-,-,-,-,-,-,-,-,-,-,-,-,-,-,0
-,0.0,NC,-,-,0.0,NC,-,-,-,-,-,-,-,-,-,-,-,-,-,-,-,-,0
-,0.0,NC,-,-,0.0,NC,-,-,-,-,-,-,-,-,-,-,-,-,-,-,-,-,0
-,0.0,NC,-,-,0.0,NC,-,-,-,-,-,-,-,-,-,-,-,-,-,-,-,-,0
-,0.0,NC,-,-,0.0,NC,-,-,-,-,-,-,-,-,-,-,-,-,-,-,-,-,0
-,0.0,NC,-,-,0.0,NC,-,-,-,-,-,-,-,-,-,-,-,-,-,-,-,-,0
-,0.0,NC,-,-,0.0,NC,-,-,-,-,-,-,-,-,-,-,-,-,-,-,-,-,0
-,0.0,NC,-,-,0.0,NC,-,-,-,-,-,-,-,-,-,-,-,-,-,-,-,-,0
-,0.0,NC,-,-,0.0,NC,-,-,-,-,-,-,-,-,-,-,-,-,-,-,-,-,0
-,0.0,NC,-,-,0.0,NC,-,-,-,-,-,-,-,-,-,-,-,-,-,-,-,-,0
-,0.0,NC,-,-,0.0,NC,-,-,-,-,-,-,-,-,-,-,-,-,-,-,-,-,0
-,0.0,NC,-,-,0.0,NC,-,-,-,-,-,-,-,-,-,-,-,-,-,-,-,-,0
-,0.0,NC,-,-,0.0,NC,-,-,-,-,-,-,-,-,-,-,-,-,-,-,-,-,0
-,0.0,NC,-,-,0.0,NC,-,-,-,-,-,-,-,-,-,-,-,-,-,-,-,-,0
-,0.0,NC,-,-,0.0,NC,-,-,-,-,-,-,-,-,-,-,-,-,-,-,-,-,0
-,0.0,NC,-,-,0.0,NC,-,-,-,-,-,-,-,-,-,-,-,-,-,-,-,-,0
-,0.0,NC,-,-,0.0,NC,-,-,-,-,-,-,-,-,-,-,-,-,-,-,-,-,0
-,0.0,NC,-,-,0.0,NC,-,-,-,-,-,-,-,-,-,-,-,-,-,-,-,-,0
-,0.0,NC,-,-,0.0,NC,-,-,-,-,-,-,-,-,-,-,-,-,-,-,-,-,0
-,0.0,NC,-,-,0.0,NC,-,-,-,-,-,-,-,-,-,-,-,-,-,-,-,-,0
-,0.0,NC,-,-,0.0,NC,-,-,-,-,-,-,-,-,-,-,-,-,-,-,-,-,0
-,0.0,NC,-,-,0.0,NC,-,-,-,-,-,-,-,-,-,-,-,-,-,-,-,-,0
-,0.0,NC,-,-,0.0,NC,-,-,-,-,-,-,-,-,-,-,-,-,-,-,-,-,0
-,0.0,NC,-,-,0.0,NC,-,-,-,-,-,-,-,-,-,-,-,-,-,-,-,-,0
-,0.0,NC,-,-,0.0,NC,-,-,-,-,-,-,-,-,-,-,-,-,-,-,-,-,0
-,0.0,NC,-,-,0.0,NC,-,-,-,-,-,-,-,-,-,-,-,-,-,-,-,-,0
-,0.0,NC,-,-,0.0,NC,-,-,-,-,-,-,-,-,-,-,-,-,-,-,-,-,0
-,0.0,NC,-,-,0.0,NC,-,-,-,-,-,-,-,-,-,-,-,-,-,-,-,-,0
-,0.0,NC,-,-,0.0,NC,-,-,-,-,-,-,-,-,-,-,-,-,-,-,-,-,0
-,0.0,NC,-,-,0.0,NC,-,-,-,-,-,-,-,-,-,-,-,-,-,-,-,-,0
-,0.0,NC,-,-,0.0,NC,-,-,-,-,-,-,-,-,-,-,-,-,-,-,-,-,0
-,0.0,NC,-,-,0.0,NC,-,-,-,-,-,-,-,-,-,-,-,-,-,-,-,-,0
-,0.0,NC,-,-,0.0,NC,-,-,-,-,-,-,-,-,-,-,-,-,-,-,-,-,0
-,0.0,NC,T46,-,0.0,NC,-,-,-,-,-,-,-,-,-,-,-,-,-,-,-,N-ter,0
-,0.0,NC,E47,-,0.0,NC,-,-,-,-,-,-,-,-,-,-,-,-,-,-,-,N-ter,0
-,0.0,NC,K48,-,0.0,NC,-,-,-,-,-,-,-,-,-,-,-,-,-,-,-,N-ter,0
-,0.0,NC,H49,-,0.0,NC,-,-,-,-,-,-,-,-,-,-,-,-,-,-,-,N-ter,0
-,0.0,NC,K50,K,0.6190476190476191,NC,-,-,-,-,-,-,-,-,-,-,-,-,-,-,-,N-ter,0
-,0.0,NC,-,-,0.0,NC,-,-,-,-,-,-,-,-,-,-,-,-,-,-,-,-,0
-,0.0,NC,-,-,0.0,NC,-,-,-,-,-,-,-,-,-,-,-,-,-,-,-,-,0
-,0.0,NC,A51,G,0.5759162303664922,NC,-,-,-,-,-,-,-,-,-,-,-,-,-,-,-,N-ter,0
C,0.9904187366926899,C,C52,C,1.0,C,-,-,-,-,-,-,-,-,-,-,-,-,-,-,-,N-ter,0
-,0.0,NC,S53,-,0.0,NC,-,-,-,-,-,-,-,-,-,-,-,-,-,-,-,N-ter,0
-,0.0,NC,G54,G,0.9736842105263158,C,-,-10,-,-10,-,0,-3,-3,-3,-3,-3,-,-3,-,-3,N-ter,10
-,0.0,NC,V55,V,0.631578947368421,NC,-,-,-,-,-,-,-,-,-,-,-,-,-,-,-,N-ter,0
W,0.6192498230714791,NC,W56,W,0.9947368421052631,C,-,-10,-,-,-,-3,0,-,0,-,-,0,-,0,-,N-ter,6
D,0.9833863556026865,C,D57,D,0.9842105263157894,C,-,-,-,-,-,-,-,-,-,-,-,-,-,-,-,N-ter,0
-,0.0,NC,N58,N,0.8842105263157894,NC,-,-,-,-,-,-,-,-,-,-,-,-,-,-,-,N-ter,0
-,0.0,NC,I59,I,0.9,C,-,-,1,-,-,-,-2,-,-2,1,-3,-1,-3,-2,1,N-ter,9
-,0.0,NC,-,-,0.0,NC,-,-,-,-,-,-,-,-,-,-,-,-,-,-,-,-,0
-,0.0,NC,T60,T,0.7368421052631579,NC,-,-,-,-,-,-,-,-,-,-,-,-,-,-,-,N-ter,0
C,0.9883638928067701,C,C61,C,0.9947368421052631,C,-,-,-,-,-,-,-,-,-,-,-,-,-,-,-,N-ter,0
W,0.9911816578483245,C,W62,W,1.0,C,-,-,-,-,-,-,-,-,-,-,-,-,-,-,-,N-ter,0
P,0.647847565278758,NC,R63,R,0.6020942408376964,NC,-,-,-,-,-,-,-,-,-,-,-,-,-,-,-,N-ter,0
-,0.0,NC,P64,P,0.703125,NC,-,-,-,-,-,-,-,-,-,-,-,-,-,-,-,N-ter,0
-,0.0,NC,A65,A,0.9635416666666666,C,-,1,1,-,-,1,0,0,0,0,0,1,0,-10,-,N-ter,11
-,0.0,NC,N66,-,0.0,NC,-,-,-,-,-,-,-,-,-,-,-,-,-,-,-,N-ter,0
-,0.0,NC,V67,-,0.0,NC,-,-,-,-,-,-,-,-,-,-,-,-,-,-,-,N-ter,0
G,0.8664081776524498,NC,G68,G,0.9895287958115183,C,-,-,-,-,-,-,-,-,-1,-,-,-,-,-1,-,N-ter,2
-,0.0,NC,E69,E,0.9424083769633508,C,-,-10,2,-,-,2,0,-10,-1,1,-10,-1,-1,-10,-,N-ter,11
-,0.0,NC,T70,T,0.9109947643979057,C,-,-2,-,0,-10,-2,-2,0,-,-10,-10,-10,-10,-,-10,N-ter,11
V,0.6686640817765245,NC,V71,V,0.9633507853403142,C,-,-,-,-,-,-,-,-,0,-10,-10,-,-2,0,-,N-ter,5
-,0.0,NC,T72,T,0.9267015706806283,C,-,-1,-10,0,-10,-10,0,0,0,0,-10,1,-10,-1,-10,N-ter,14
-,0.0,NC,V73,V,0.7225130890052356,NC,-,-,-,-,-,-,-,-,-,-,-,-,-,-,-,N-ter,0
-,0.0,NC,P74,P,0.8894736842105263,NC,-,-,-,-,-,-,-,-,-,-,-,-,-,-,-,N-ter,0
C,0.9915373765867419,C,C75,C,1.0,C,-,-,-,-,-,-,-,-,-,-,-,-,-,-,-,N-ter,0
P,0.9929577464788732,C,P76,P,1.0,C,-,-,-,-,-,-,-,-,-,-,-,-,-,-,-,N-ter,0
-,0.0,NC,K77,K,0.6455026455026455,NC,-,-,-,-,-,-,-,-,-,-,-,-,-,-,-,N-ter,0
Y,0.6186770428015564,NC,V78,V,0.6931216931216931,NC,-,-,-,-,-,-,-,-,-,-,-,-,-,-,-,N-ter,0
F,0.5307637906647807,NC,F79,F,0.7037037037037037,NC,-,-,-,-,-,-,-,-,-,-,-,-,-,-,-,N-ter,0
-,0.0,NC,S80,S,0.6878306878306878,NC,-,-,-,-,-,-,-,-,-,-,-,-,-,-,-,N-ter,0
-,0.0,NC,N81,-,0.0,NC,-,-,-,-,-,-,-,-,-,-,-,-,-,-,-,N-ter,0
-,0.0,NC,F82,F,0.6263157894736842,NC,-,-,-,-,-,-,-,-,-,-,-,-,-,-,-,N-ter,0
-,0.0,NC,Y83,-,0.0,NC,-,-,-,-,-,-,-,-,-,-,-,-,-,-,-,N-ter,0
-,0.0,NC,S84,-,0.0,NC,-,-,-,-,-,-,-,-,-,-,-,-,-,-,-,N-ter,0
-,0.0,NC,-,-,0.0,NC,-,-,-,-,-,-,-,-,-,-,-,-,-,-,-,-,0
-,0.0,NC,-,-,0.0,NC,-,-,-,-,-,-,-,-,-,-,-,-,-,-,-,-,0
-,0.0,NC,-,-,0.0,NC,-,-,-,-,-,-,-,-,-,-,-,-,-,-,-,-,0
-,0.0,NC,-,-,0.0,NC,-,-,-,-,-,-,-,-,-,-,-,-,-,-,-,-,0
-,0.0,NC,-,-,0.0,NC,-,-,-,-,-,-,-,-,-,-,-,-,-,-,-,-,0
-,0.0,NC,-,-,0.0,NC,-,-,-,-,-,-,-,-,-,-,-,-,-,-,-,-,0
-,0.0,NC,-,-,0.0,NC,-,-,-,-,-,-,-,-,-,-,-,-,-,-,-,-,0
-,0.0,NC,-,-,0.0,NC,-,-,-,-,-,-,-,-,-,-,-,-,-,-,-,-,0
-,0.0,NC,-,-,0.0,NC,-,-,-,-,-,-,-,-,-,-,-,-,-,-,-,-,0
-,0.0,NC,-,-,0.0,NC,-,-,-,-,-,-,-,-,-,-,-,-,-,-,-,-,0
-,0.0,NC,-,-,0.0,NC,-,-,-,-,-,-,-,-,-,-,-,-,-,-,-,-,0
-,0.0,NC,-,-,0.0,NC,-,-,-,-,-,-,-,-,-,-,-,-,-,-,-,-,0
-,0.0,NC,-,-,0.0,NC,-,-,-,-,-,-,-,-,-,-,-,-,-,-,-,-,0
-,0.0,NC,-,-,0.0,NC,-,-,-,-,-,-,-,-,-,-,-,-,-,-,-,-,0
-,0.0,NC,-,-,0.0,NC,-,-,-,-,-,-,-,-,-,-,-,-,-,-,-,-,0
-,0.0,NC,-,-,0.0,NC,-,-,-,-,-,-,-,-,-,-,-,-,-,-,-,-,0
-,0.0,NC,-,-,0.0,NC,-,-,-,-,-,-,-,-,-,-,-,-,-,-,-,-,0
-,0.0,NC,-,-,0.0,NC,-,-,-,-,-,-,-,-,-,-,-,-,-,-,-,-,0
-,0.0,NC,-,-,0.0,NC,-,-,-,-,-,-,-,-,-,-,-,-,-,-,-,-,0
-,0.0,NC,-,-,0.0,NC,-,-,-,-,-,-,-,-,-,-,-,-,-,-,-,-,0
-,0.0,NC,-,-,0.0,NC,-,-,-,-,-,-,-,-,-,-,-,-,-,-,-,-,0
-,0.0,NC,-,-,0.0,NC,-,-,-,-,-,-,-,-,-,-,-,-,-,-,-,-,0
-,0.0,NC,-,-,0.0,NC,-,-,-,-,-,-,-,-,-,-,-,-,-,-,-,-,0
-,0.0,NC,K85,K,0.6787564766839378,NC,-,-,-,-,-,-,-,-,-,-,-,-,-,-,-,N-ter,0
-,0.0,NC,A86,P,0.5309278350515464,NC,-,-,-,-,-,-,-,-,-,-,-,-,-,-,-,N-ter,0
G,0.5943886387253204,NC,G87,G,0.9897435897435898,C,-,-3,-,-,-,-1,-,-,-3,-,-3,-,-3,-,-,N-ter,5
-,0.0,NC,N88,N,0.9076923076923077,C,-,-,-10,-,-10,-,0,0,-10,-10,0,-1,0,-4,-10,N-ter,11
V,0.5132347885871433,NC,I89,I,0.9536082474226805,C,-,-2,3,3,3,-5,3,-2,3,-2,-2,-2,3,3,3,N-ter,14
-,0.0,NC,S90,S,0.9587628865979382,C,-,-2,-10,-,-,-2,-2,-2,-3,-3,1,-2,1,-3,-1,N-ter,12
R,0.7036782399449982,NC,K91,K,0.7564766839378239,NC,-,-,-,-,-,-,-,-,-,-,-,-,-,-,-,N-ter,0
-,0.0,NC,N92,N,0.9740932642487047,C,-,-1,-,-10,-,-1,-4,-1,-10,0,-3,-10,-4,-10,-,N-ter,11
C,0.9951923076923077,C,C93,C,0.9948186528497409,C,-,-,-,-,-,-,-,-,-,-,-,-,-,-,-,N-ter,0
-,0.0,NC,T94,T,0.979381443298969,C,-,-2,-,-,-,-2,-,-1,-2,-10,-1,-2,-1,-2,-,N-ter,9
-,0.0,NC,S95,S,0.7025641025641025,NC,-,-,-,-,-,-,-,-,-,-,-,-,-,-,-,N-ter,0
-,0.0,NC,D96,-,0.0,NC,-,-,-,-,-,-,-,-,-,-,-,-,-,-,-,N-ter,0
G,0.9938186813186813,C,G97,G,0.9845360824742269,C,-,-,-,-,-,-,-,-,-,-,-,-,-,-,-,N-ter,0
-,0.0,NC,-,-,0.0,NC,-,-,-,-,-,-,-,-,-,-,-,-,-,-,-,-,0
W,0.9927909371781668,C,W98,W,0.9896907216494846,C,-,-,-,-,-,-,-,-,-,-,-,-,-,-,-,N-ter,0
-,0.0,NC,S99,S,0.9587628865979382,C,-,1,-,1,-,1,-3,0,-2,-1,-3,0,-3,-10,-,N-ter,11
-,0.0,NC,E100,E,0.5492227979274611,NC,-,-,-,-,-,-,-,-,-,-,-,-,-,-,-,N-ter,0
-,0.0,NC,-,-,0.0,NC,-,-,-,-,-,-,-,-,-,-,-,-,-,-,-,-,0
-,0.0,NC,-,-,0.0,NC,-,-,-,-,-,-,-,-,-,-,-,-,-,-,-,-,0
-,0.0,NC,-,-,0.0,NC,-,-,-,-,-,-,-,-,-,-,-,-,-,-,-,-,0
-,0.0,NC,-,-,0.0,NC,-,-,-,-,-,-,-,-,-,-,-,-,-,-,-,-,0
-,0.0,NC,T101,-,0.0,NC,-,-,-,-,-,-,-,-,-,-,-,-,-,-,-,N-ter,0
-,0.0,NC,F102,F,0.9329896907216495,C,-,-10,-,-10,-,-10,0,-4,-4,-4,-4,-4,-4,-4,-,N-ter,11
P,0.530234471410942,NC,P103,P,0.9948453608247423,C,-,-10,-,-,-,-10,-,-2,-,-2,-2,-4,-2,-,-,N-ter,7
W,0.6561469618464437,NC,-,-,0.0,NC,-,-,-,-,-,-,-,-,-,-,-,-,-,-,-,-,0
-,0.0,NC,D104,D,0.6735751295336787,NC,-,-,-,-,-,-,-,-,-,-,-,-,-,-,-,N-ter,0
-,0.0,NC,F105,-,0.0,NC,-,-,-,-,-,-,-,-,-,-,-,-,-,-,-,N-ter,0
-,0.0,NC,V106,-,0.0,NC,-,-,-,-,-,-,-,-,-,-,-,-,-,-,-,N-ter,0
-,0.0,NC,D107,S,0.5025906735751295,NC,-,-,-,-,-,-,-,-,-,-,-,-,-,-,-,N-ter,0
-,0.0,NC,A108,A,0.5463917525773195,NC,-,-,-,-,-,-,-,-,-,-,-,-,-,-,-,N-ter,0
C,0.9948647723382403,C,C109,C,0.9896907216494846,C,-,-,-,-,-,-,-,-,-,-,-,-,-,-,-,N-ter,0
-,0.0,NC,G110,G,0.9067357512953368,C,-,-3,-,-,-,-2,-3,-10,-10,-4,-1,-1,-1,-3,-3,N-ter,11
-,0.0,NC,Y111,Y,0.6683937823834197,NC,-,-,-,-,-,-,-,-,-,-,-,-,-,-,-,N-ter,0
-,0.0,NC,S112,-,0.0,NC,-,-,-,-,-,-,-,-,-,-,-,-,-,-,-,TM1,0
-,0.0,NC,D113,D,0.6597938144329897,NC,1.26,-,-,-,-,-,-,-,-,-,-,-,-,-,-,TM1,0
-,0.0,NC,P114,-,0.0,NC,1.27,-,-,-,-,-,-,-,-,-,-,-,-,-,-,TM1,0
-,0.0,NC,E115,E,0.6528497409326425,NC,1.28,-,-,-,-,-,-,-,-,-,-,-,-,-,-,TM1,0
-,0.0,NC,-,-,0.0,NC,-,-,-,-,-,-,-,-,-,-,-,-,-,-,-,-,0
-,0.0,NC,-,-,0.0,NC,-,-,-,-,-,-,-,-,-,-,-,-,-,-,-,-,0
-,0.0,NC,-,-,0.0,NC,-,-,-,-,-,-,-,-,-,-,-,-,-,-,-,-,0
-,0.0,NC,D116,D,0.8541666666666666,NC,1.29,-,-,-,-,-,-,-,-,-,-,-,-,-,-,TM1,0
-,0.0,NC,-,-,0.0,NC,-,-,-,-,-,-,-,-,-,-,-,-,-,-,-,-,0
-,0.0,NC,-,-,0.0,NC,-,-,-,-,-,-,-,-,-,-,-,-,-,-,-,-,0
-,0.0,NC,E117,E,0.5273972602739726,NC,1.3,-,-,-,-,-,-,-,-,-,-,-,-,-,-,TM1,0
-,0.0,NC,S118,-,0.0,NC,1.31,-,-,-,-,-,-,-,-,-,-,-,-,-,-,TM1,0
-,0.0,NC,K119,K,0.8730964467005076,NC,1.32,-,-,-,-,-,-,-,-,-,-,-,-,-,-,TM1,0
-,0.0,NC,I120,-,0.0,NC,1.33,-,-,-,-,-,-,-,-,-,-,-,-,-,-,TM1,0
-,0.0,NC,T121,-,0.0,NC,1.34,-,-,-,-,-,-,-,-,-,-,-,-,-,-,TM1,0
-,0.0,NC,F122,F,0.9950248756218906,C,1.35,-2,3,-,3,-2,-10,-1,-10,-,-10,0,-2,-1,3,TM1,12
-,0.0,NC,-,-,0.0,NC,-,-,-,-,-,-,-,-,-,-,-,-,-,-,-,-,0
-,0.0,NC,Y123,Y,0.9601990049751243,C,1.36,-,-10,-,-,-,-2,3,-,3,-,-2,-2,-2,3,TM1,8
-,0.0,NC,I124,V,0.5396039603960396,NC,1.37,-,-,-,-,-,-,-,-,-,-,-,-,-,-,TM1,0
-,0.0,NC,L125,-,0.0,NC,1.38,-,-,-,-,-,-,-,-,-,-,-,-,-,-,TM1,0
-,0.0,NC,V126,V,0.9207920792079208,C,1.39,0,1,-,-,0,1,1,-1,1,1,1,1,1,-,TM1,11
-,0.0,NC,K127,K,0.8118811881188119,NC,1.4,-,-,-,-,-,-,-,-,-,-,-,-,-,-,TM1,0
-,0.0,NC,A128,A,0.7079207920792079,NC,1.41,-,-,-,-,-,-,-,-,-,-,-,-,-,-,TM1,0
-,0.0,NC,I129,I,0.6732673267326733,NC,1.42,-,-,-,-,-,-,-,-,-,-,-,-,-,-,TM1,0
Y,0.6710481968318166,NC,Y130,Y,0.995049504950495,C,1.43,-3,-,-,-,-3,-,-,-,-,-2,-,-2,-,-,TM1,4
T,0.6641942009440324,NC,T131,T,0.9901477832512315,C,1.44,-2,-,-,-,-2,-,-,-,-,-1,-,-1,-,-,TM1,4
-,0.0,NC,L132,L,0.9655172413793104,C,1.45,-,1,1,1,-,1,1,1,-10,1,1,1,1,-10,TM1,12
G,0.9905692152239811,C,G133,G,0.995049504950495,C,1.46,-,-,-,-,-,-,-,-,-,-,-,-,-,-,TM1,0
Y,0.5783983849259757,NC,Y134,H,0.5891089108910891,NC,1.47,-,-,-,-,-,-,-,-,-,-,-,-,-,-,TM1,0
S,0.5843150454392461,NC,S135,S,0.9900990099009901,C,1.48,-2,-,-,-,-2,1,-,-,-,1,-,-1,-,-,TM1,5
-,0.0,NC,V136,V,0.6403940886699507,NC,1.49,-,-,-,-,-,-,-,-,-,-,-,-,-,-,TM1,0
S,0.9882234185733513,C,S137,S,0.9901477832512315,C,1.5,-,-,-,-,-,-,-,-,-,-,-,-,-,-,TM1,0
L,0.6004712218108381,NC,L138,L,0.9852216748768473,C,1.51,1,-,-,-,-,0,-,-,0,1,-,1,-,-10,TM1,6
-,0.0,NC,M139,I,0.7635467980295566,NC,1.52,-,-,-,-,-,-,-,-,-,-,-,-,-,-,TM1,0
-,0.0,NC,S140,A,0.6157635467980296,NC,1.53,-,-,-,-,-,-,-,-,-,-,-,-,-,-,TM1,0
L,0.9899159663865547,C,L141,L,0.9950738916256158,C,1.54,-,-,-,-,-,-,-,-,-,-,-,-,-,-,TM1,0
-,0.0,NC,A142,T,0.7142857142857143,NC,1.55,-,-,-,-,-,-,-,-,-,-,-,-,-,-,TM1,0
-,0.0,NC,T143,T,0.9607843137254902,C,1.56,0,0,-10,-,0,-1,0,-2,0,-1,-2,-1,-2,0,TM1,13
A,0.7656145063801209,NC,G144,G,0.9901960784313726,C,1.57,0,0,0,0,0,0,0,0,0,-1,0,-1,0,0,TM1,14
-,0.0,NC,S145,S,0.9558823529411765,C,1.58,-3,-3,-10,-2,-3,-,-2,-3,-3,-3,-3,-3,-3,-2,TM1,13
-,0.0,NC,I146,I,0.6201923076923077,NC,1.59,-,-,-,-,-,-,-,-,-,-,-,-,-,-,TM1,0
I,0.7158176943699732,NC,I147,I,0.9519230769230769,C,1.6,1,-,-,-,1,-,-,-,-,-,1,-,-,-,TM1,3
L,0.6119103379056541,NC,L148,L,0.9375,C,1.61,0,-,-,-,0,-,-,-,1,0,-,0,-,-,TM1,5
-,0.0,NC,C149,C,0.966183574879227,C,1.62,-2,-,-10,-,-2,-2,-4,-2,-4,-3,-2,-3,-2,-10,TM1,12
-,0.0,NC,L150,L,0.927536231884058,C,1.63,-2,-10,-,-3,-3,-4,-2,-4,-2,-2,-10,-2,-10,-2,TM1,13
F,0.7041499330655957,NC,F151,F,0.9710144927536232,C,1.64,0,-,-,-,0,-,-,-,-,-,0,-,-,-,TM1,3
-,0.0,NC,-,-,0.0,NC,-,-,-,-,-,-,-,-,-,-,-,-,-,-,-,-,0
-,0.0,NC,-,-,0.0,NC,-,-,-,-,-,-,-,-,-,-,-,-,-,-,-,-,0
-,0.0,NC,-,-,0.0,NC,-,-,-,-,-,-,-,-,-,-,-,-,-,-,-,-,0
-,0.0,NC,-,-,0.0,NC,-,-,-,-,-,-,-,-,-,-,-,-,-,-,-,-,0
-,0.0,NC,-,-,0.0,NC,-,-,-,-,-,-,-,-,-,-,-,-,-,-,-,-,0
-,0.0,NC,-,-,0.0,NC,-,-,-,-,-,-,-,-,-,-,-,-,-,-,-,-,0
-,0.0,NC,-,-,0.0,NC,-,-,-,-,-,-,-,-,-,-,-,-,-,-,-,-,0
-,0.0,NC,-,-,0.0,NC,-,-,-,-,-,-,-,-,-,-,-,-,-,-,-,-,0
-,0.0,NC,-,-,0.0,NC,-,-,-,-,-,-,-,-,-,-,-,-,-,-,-,-,0
-,0.0,NC,-,-,0.0,NC,-,-,-,-,-,-,-,-,-,-,-,-,-,-,-,-,0
-,0.0,NC,-,-,0.0,NC,-,-,-,-,-,-,-,-,-,-,-,-,-,-,-,-,0
-,0.0,NC,-,-,0.0,NC,-,-,-,-,-,-,-,-,-,-,-,-,-,-,-,-,0
-,0.0,NC,-,-,0.0,NC,-,-,-,-,-,-,-,-,-,-,-,-,-,-,-,-,0
-,0.0,NC,-,-,0.0,NC,-,-,-,-,-,-,-,-,-,-,-,-,-,-,-,-,0
-,0.0,NC,-,-,0.0,NC,-,-,-,-,-,-,-,-,-,-,-,-,-,-,-,-,0
-,0.0,NC,-,-,0.0,NC,-,-,-,-,-,-,-,-,-,-,-,-,-,-,-,-,0
-,0.0,NC,-,-,0.0,NC,-,-,-,-,-,-,-,-,-,-,-,-,-,-,-,-,0
-,0.0,NC,-,-,0.0,NC,-,-,-,-,-,-,-,-,-,-,-,-,-,-,-,-,0
-,0.0,NC,-,-,0.0,NC,-,-,-,-,-,-,-,-,-,-,-,-,-,-,-,-,0
-,0.0,NC,-,-,0.0,NC,-,-,-,-,-,-,-,-,-,-,-,-,-,-,-,-,0
-,0.0,NC,-,-,0.0,NC,-,-,-,-,-,-,-,-,-,-,-,-,-,-,-,-,0
-,0.0,NC,-,-,0.0,NC,-,-,-,-,-,-,-,-,-,-,-,-,-,-,-,-,0
-,0.0,NC,-,-,0.0,NC,-,-,-,-,-,-,-,-,-,-,-,-,-,-,-,-,0
-,0.0,NC,-,-,0.0,NC,-,-,-,-,-,-,-,-,-,-,-,-,-,-,-,-,0
-,0.0,NC,-,-,0.0,NC,-,-,-,-,-,-,-,-,-,-,-,-,-,-,-,-,0
-,0.0,NC,-,-,0.0,NC,-,-,-,-,-,-,-,-,-,-,-,-,-,-,-,-,0
-,0.0,NC,-,-,0.0,NC,-,-,-,-,-,-,-,-,-,-,-,-,-,-,-,-,0
-,0.0,NC,-,-,0.0,NC,-,-,-,-,-,-,-,-,-,-,-,-,-,-,-,-,0
-,0.0,NC,-,-,0.0,NC,-,-,-,-,-,-,-,-,-,-,-,-,-,-,-,-,0
R,0.8292764254751583,NC,R152,R,0.9760765550239234,C,12.48,-,-,-,-,-,-,-,-1,-,2,-,2,-,-,ICL1,3
-,0.0,NC,K153,K,0.9428571428571428,C,12.49,-1,2,-,-,-1,-1,2,-,2,-1,-,-1,2,2,ICL1,10
L,0.8464606181455633,NC,L154,L,0.9904306220095693,C,12.5,1,-,-,-,1,-,-,-,-,-,-,-,-,-,ICL1,2
H,0.6049833887043189,NC,H155,H,0.9760765550239234,C,12.51,0,-,-,-,0,-,-,-,-,-1,-,-1,0,0,ICL1,6
C,0.994682618810236,C,C156,C,0.9904306220095693,C,2.44,-,-,-,-,-,-,-,-,-,-,-,-,-,-,TM2,0
T,0.5938850116317713,NC,T157,T,0.9904306220095693,C,2.45,-2,-,-,-,-2,-,-,-1,-,-1,-,-1,-,-2,TM2,6
R,0.9956781914893617,C,R158,R,0.9952153110047847,C,2.46,-,-,-,-,-,-,-,-,-,-,-,-,-,-,TM2,0
N,0.8417553191489362,NC,N159,N,0.9952153110047847,C,2.47,-,-,-,-,-,-,-,-,-,-4,-,-4,-,-,TM2,2
Y,0.5697171381031614,NC,Y160,Y,0.9760765550239234,C,2.48,-2,-,-,3,-2,-,-,-,-,-2,-,-2,-,-,TM2,5
I,0.8330006653359947,NC,I161,I,0.9856459330143541,C,2.49,-,-,-,-,-,-,-,-,-,1,-,1,-,-,TM2,2
H,0.9963418689723977,C,H162,H,0.9904306220095693,C,2.5,-,-,-,-,-,-,-,-,-,-,-,-,-,-,TM2,0
-,0.0,NC,L163,L,0.9952380952380953,C,2.51,-2,2,2,2,-2,-,2,2,2,-3,2,-3,1,-10,TM2,13
N,0.6677740863787376,NC,N164,N,0.9904761904761905,C,2.52,-,0,0,-,-,-,0,-,0,-,-,-,-,0,TM2,5
L,0.9634430043203722,C,L165,L,0.9952380952380953,C,2.53,-,-,-,-,-,-,-,-,-,-,-,-,-,-,TM2,0
F,0.849351513136016,NC,F166,F,0.9904306220095693,C,2.54,-1,-,-,-,-1,-,-,-,-,-,-,-,-,-,TM2,2
-,0.0,NC,L167,L,0.7272727272727273,NC,2.55,-,-,-,-,-,-,-,-,-,-,-,-,-,-,TM2,0
S,0.757313829787234,NC,S168,S,0.9904306220095693,C,2.56,1,-,-,-,1,-,-,-,-,-,-,-,-,1,TM2,3
F,0.9048885932823412,C,F169,F,0.9904306220095693,C,2.57,-,-,-,-,-,-,-,-,-,3,-,-,-,-,TM2,1
I,0.6311938809444629,NC,I170,I,0.9519230769230769,C,2.58,-,-,-,-,-,-,1,-,1,3,-,3,1,-,TM2,5
L,0.9109930255728994,C,L171,L,0.9904761904761905,C,2.59,-,-,-,-,-,-,-,-,-,-,-,-2,-,-,TM2,1
R,0.7120557954168051,NC,R172,R,0.9238095238095239,C,2.6,-,-,-,-,-,-,-,2,-,-1,-,-1,-,2,TM2,4
A,0.6622384589837264,NC,A173,A,0.9808612440191388,C,2.61,-2,-,-,-,-2,-,-,-,-,1,-,1,-,-,TM2,4
-,0.0,NC,I174,I,0.645933014354067,NC,2.62,-,-,-,-,-,-,-,-,-,-,-,-,-,-,TM2,0
-,0.0,NC,S175,S,0.7272727272727273,NC,2.63,-,-,-,-,-,-,-,-,-,-,-,-,-,-,TM2,0
-,0.0,NC,V176,V,0.9760765550239234,C,2.64,-3,-4,-,-,-3,-,3,-,3,0,-,0,3,-,TM2,8
F,0.5986733001658375,NC,L177,L,0.9473684210526315,C,2.65,0,0,0,0,0,0,0,-,0,1,-,1,-,0,TM2,11
-,0.0,NC,V178,V,0.9186602870813397,C,2.66,1,3,3,3,-,3,-,-,-,3,-10,3,0,3,TM2,10
K,0.5899137358991373,NC,K179,K,0.9952153110047847,C,2.67,-3,-,-,-,-3,-,-,-3,-,-1,-,-10,2,-,TM2,6
D,0.6790450928381963,NC,D180,D,0.9904306220095693,C,2.68,-1,-,-,-,-1,-,-,-,-,-5,-,-5,-,-,TM2,4
-,0.0,NC,D181,D,0.8086124401913876,NC,2.69,-,-,-,-,-,-,-,-,-,-,-,-,-,-,TM2,0
-,0.0,NC,V182,I,0.645933014354067,NC,2.7,-,-,-,-,-,-,-,-,-,-,-,-,-,-,TM2,0
L,0.5661252900232019,NC,L183,L,0.9712918660287081,C,2.71,1,-,-,-,2,-,-,-,1,1,-10,1,-,-,TM2,6
-,0.0,NC,Y184,Y,0.7081339712918661,NC,-,-,-,-,-,-,-,-,-,-,-,-,-,-,-,ECL1,0
-,0.0,NC,S185,S,0.8229665071770335,NC,-,-,-,-,-,-,-,-,-,-,-,-,-,-,-,ECL1,0
-,0.0,NC,S186,S,0.5817307692307693,NC,-,-,-,-,-,-,-,-,-,-,-,-,-,-,-,ECL1,0
-,0.0,NC,-,-,0.0,NC,-,-,-,-,-,-,-,-,-,-,-,-,-,-,-,-,0
-,0.0,NC,-,-,0.0,NC,-,-,-,-,-,-,-,-,-,-,-,-,-,-,-,-,0
-,0.0,NC,-,-,0.0,NC,-,-,-,-,-,-,-,-,-,-,-,-,-,-,-,-,0
-,0.0,NC,-,-,0.0,NC,-,-,-,-,-,-,-,-,-,-,-,-,-,-,-,-,0
-,0.0,NC,-,-,0.0,NC,-,-,-,-,-,-,-,-,-,-,-,-,-,-,-,-,0
-,0.0,NC,-,-,0.0,NC,-,-,-,-,-,-,-,-,-,-,-,-,-,-,-,-,0
-,0.0,NC,-,-,0.0,NC,-,-,-,-,-,-,-,-,-,-,-,-,-,-,-,-,0
-,0.0,NC,-,-,0.0,NC,-,-,-,-,-,-,-,-,-,-,-,-,-,-,-,-,0
-,0.0,NC,-,-,0.0,NC,-,-,-,-,-,-,-,-,-,-,-,-,-,-,-,-,0
-,0.0,NC,-,-,0.0,NC,-,-,-,-,-,-,-,-,-,-,-,-,-,-,-,-,0
-,0.0,NC,-,-,0.0,NC,-,-,-,-,-,-,-,-,-,-,-,-,-,-,-,-,0
-,0.0,NC,-,-,0.0,NC,-,-,-,-,-,-,-,-,-,-,-,-,-,-,-,-,0
-,0.0,NC,S187,S,0.7294685990338164,NC,-,-,-,-,-,-,-,-,-,-,-,-,-,-,-,ECL1,0
-,0.0,NC,G188,-,0.0,NC,-,-,-,-,-,-,-,-,-,-,-,-,-,-,-,ECL1,0
-,0.0,NC,T189,T,0.8709677419354839,NC,-,-,-,-,-,-,-,-,-,-,-,-,-,-,-,ECL1,0
-,0.0,NC,-,-,0.0,NC,-,-,-,-,-,-,-,-,-,-,-,-,-,-,-,-,0
-,0.0,NC,-,-,0.0,NC,-,-,-,-,-,-,-,-,-,-,-,-,-,-,-,-,0
-,0.0,NC,-,-,0.0,NC,-,-,-,-,-,-,-,-,-,-,-,-,-,-,-,-,0
-,0.0,NC,-,-,0.0,NC,-,-,-,-,-,-,-,-,-,-,-,-,-,-,-,-,0
-,0.0,NC,L190,-,0.0,NC,-,-,-,-,-,-,-,-,-,-,-,-,-,-,-,ECL1,0
-,0.0,NC,-,-,0.0,NC,-,-,-,-,-,-,-,-,-,-,-,-,-,-,-,-,0
-,0.0,NC,-,-,0.0,NC,-,-,-,-,-,-,-,-,-,-,-,-,-,-,-,-,0
-,0.0,NC,-,-,0.0,NC,-,-,-,-,-,-,-,-,-,-,-,-,-,-,-,-,0
-,0.0,NC,-,-,0.0,NC,-,-,-,-,-,-,-,-,-,-,-,-,-,-,-,-,0
-,0.0,NC,-,-,0.0,NC,-,-,-,-,-,-,-,-,-,-,-,-,-,-,-,-,0
-,0.0,NC,-,-,0.0,NC,-,-,-,-,-,-,-,-,-,-,-,-,-,-,-,-,0
-,0.0,NC,H191,H,0.6763285024154589,NC,-,-,-,-,-,-,-,-,-,-,-,-,-,-,-,ECL1,0
-,0.0,NC,-,-,0.0,NC,-,-,-,-,-,-,-,-,-,-,-,-,-,-,-,-,0
-,0.0,NC,C192,C,1.0,C,-,-4,-,-,-,-4,-2,-10,-2,-4,-1,-2,-1,-3,-,ECL1,10
-,0.0,NC,P193,P,0.5748792270531401,NC,-,-,-,-,-,-,-,-,-,-,-,-,-,-,-,ECL1,0
-,0.0,NC,D194,-,0.0,NC,-,-,-,-,-,-,-,-,-,-,-,-,-,-,-,ECL1,0
-,0.0,NC,Q195,Q,0.62,NC,-,-,-,-,-,-,-,-,-,-,-,-,-,-,-,ECL1,0
-,0.0,NC,P196,P,0.5893719806763285,NC,-,-,-,-,-,-,-,-,-,-,-,-,-,-,-,ECL1,0
-,0.0,NC,S197,S,0.5266666666666666,NC,-,-,-,-,-,-,-,-,-,-,-,-,-,-,-,ECL1,0
-,0.0,NC,S198,S,0.9711538461538461,C,-,0,-1,-1,-,0,-10,0,1,0,-1,-3,0,1,-,ECL1,12
-,0.0,NC,W199,W,0.7067307692307693,NC,3.26,-,-,-,-,-,-,-,-,-,-,-,-,-,-,TM3,0
-,0.0,NC,V200,V,0.8632075471698113,NC,3.27,-,-,-,-,-,-,-,-,-,-,-,-,-,-,TM3,0
-,0.0,NC,G201,G,0.95260663507109,C,3.28,-4,-,-,-3,-4,-,-,-,-,-1,-10,-1,0,-10,TM3,8
C,0.9927440633245382,C,C202,C,1.0,C,3.29,-,-,-,-,-,-,-,-,-,-,-,-,-,-,TM3,0
K,0.5877887788778878,NC,K203,K,0.9811320754716981,C,3.3,2,-,-,-,2,2,-,2,-,-,2,-,2,-,TM3,6
-,0.0,NC,L204,A,0.5586854460093896,NC,3.31,-,-,-,-,-,-,-,-,-,-,-,-,-,-,TM3,0
-,0.0,NC,S205,S,0.7276995305164319,NC,3.32,-,-,-,-,-,-,-,-,-,-,-,-,-,-,TM3,0
-,0.0,NC,L206,L,0.9953051643192489,C,3.33,-2,2,-10,2,-2,0,1,-10,1,-3,-3,-3,-3,1,TM3,14
-,0.0,NC,V207,V,0.9528301886792453,C,3.34,0,-,-,-,0,1,0,-,-,-1,-,-1,3,-,TM3,7
-,0.0,NC,F208,F,0.8726415094339622,NC,3.35,-,-,-,-,-,-,-,-,-,-,-,-,-,-,TM3,0
-,0.0,NC,L209,F,0.8867924528301887,NC,3.36,-,-,-,-,-,-,-,-,-,-,-,-,-,-,TM3,0
-,0.0,NC,Q210,Q,0.8957345971563981,NC,3.37,-,-,-,-,-,-,-,-,-,-,-,-,-,-,TM3,0
Y,0.9660737812911726,C,Y211,Y,0.995260663507109,C,3.38,-,-,-,-,-,-,-,-,-,-,-,-,-,-,TM3,0
-,0.0,NC,C212,-,0.0,NC,3.39,-,-,-,-,-,-,-,-,-,-,-,-,-,-,TM3,0
-,0.0,NC,I213,I,0.6492890995260664,NC,3.4,-,-,-,-,-,-,-,-,-,-,-,-,-,-,TM3,0
-,0.0,NC,M214,M,0.9386792452830188,C,3.41,1,-,-,-10,1,-1,-1,1,-1,-4,-4,-4,-4,-,TM3,11
-,0.0,NC,A215,A,0.9905660377358491,C,3.42,0,-,-,1,0,-,0,-,0,-1,-,-1,-,0,TM3,8
N,0.9727153188691651,C,N216,N,1.0,C,3.43,-,-,-,-,-,-,-,-,-,-,-,-,-,-,TM3,0
Y,0.6097961867192636,NC,F217,F,0.9858490566037735,C,3.44,-,3,-,3,-,3,3,3,3,3,3,3,3,-,TM3,10
F,0.5243421052631579,NC,F218,Y,0.6415094339622641,NC,3.45,-,-,-,-,-,-,-,-,-,-,-,-,-,-,TM3,0
W,0.9980263157894737,C,W219,W,0.9952830188679245,C,3.46,-,-,-,-,-,-,-,-,-,-,-,-,-,-,TM3,0
L,0.5623971024036879,NC,L220,L,0.990521327014218,C,3.47,2,-,-,-,2,-,1,-,1,2,-,2,-,-,TM3,6
L,0.7721435627263747,NC,L221,L,0.995260663507109,C,3.48,0,-,-,0,0,-,-,-,-,-,-,-,-,-,TM3,3
V,0.662936142198815,NC,V222,V,0.9809523809523809,C,3.49,-,-,-,3,-4,-,-,-,-,-1,-,-1,-,-,TM3,4
E,0.9967083607636603,C,E223,E,0.9904761904761905,C,3.5,-,-,-,-,-,-,-,-,-,-,-,-,-,-,TM3,0
G,0.9138441302203223,C,G224,G,0.9904761904761905,C,3.51,-,-,-,-,-,-,-,-,-,-,-,-,-,0,TM3,1
-,0.0,NC,L225,L,0.9952380952380953,C,3.52,-2,-,-,-,-2,1,-,1,-,1,1,1,-10,-,TM3,8
Y,0.9671052631578947,C,Y226,Y,0.9620853080568721,C,3.53,-,-,-,-,-,-,-,-,-,-,-,-,-,-,TM3,0
L,0.9970384995064165,C,L227,L,1.0,C,3.54,-,-,-,-,-,-,-,-,-,-,-,-,-,-,TM3,0
H,0.7819796119697467,NC,H228,H,0.957345971563981,C,3.55,-,-,-,-2,-,2,-,-,-,-,-,-,-,0,TM3,3
T,0.6219592373438527,NC,T229,T,0.6824644549763034,NC,3.56,-,-,-,-,-,-,-,-,-,-,-,-,-,-,TM3,0
L,0.8445101906640368,NC,L230,L,0.995260663507109,C,3.57,-2,-,-,-,-2,-,-,-,-,-,-,-,-,-,TM3,2
L,0.5518262586377097,NC,L231,L,0.990521327014218,C,3.58,1,-,-,-,1,-,1,-,1,1,-,1,-,-,TM3,6
V,0.5935441370223979,NC,V232,V,0.8104265402843602,NC,3.59,-,-,-,-,-,-,-,-,-,-,-,-,-,-,TM3,0
-,0.0,NC,A233,-,0.0,NC,3.6,-,-,-,-,-,-,-,-,-,-,-,-,-,-,TM3,0
-,0.0,NC,-,-,0.0,NC,-,-,-,-,-,-,-,-,-,-,-,-,-,-,-,-,0
-,0.0,NC,M234,I,0.7819905213270142,NC,-,-,-,-,-,-,-,-,-,-,-,-,-,-,-,ICL2,0
F,0.6327404479578392,NC,L235,F,0.8436018957345972,NC,-,-,-,-,-,-,-,-,-,-,-,-,-,-,-,ICL2,0
-,0.0,NC,P236,S,0.7914691943127962,NC,4.37,-,-,-,-,-,-,-,-,-,-,-,-,-,-,ICL2,0
E,0.6383957922419461,NC,P237,P,0.6698113207547169,NC,4.38,-,-,-,-,-,-,-,-,-,-,-,-,-,-,ICL2,0
-,0.0,NC,R238,N,0.6161137440758294,NC,4.39,-,-,-,-,-,-,-,-,-,-,-,-,-,-,ICL2,0
-,0.0,NC,R239,R,0.9150943396226415,C,4.4,-3,2,2,-,-3,-,2,-1,2,1,-,1,-3,-,TM4,10
-,0.0,NC,C240,H,0.6150234741784038,NC,4.41,-,-,-,-,-,-,-,-,-,-,-,-,-,-,TM4,0
-,0.0,NC,F241,F,0.9624413145539906,C,4.42,-4,0,-,-,-4,-,0,-,0,0,0,0,-,-,TM4,8
-,0.0,NC,L242,-,0.0,NC,4.43,-,-,-,-,-,-,-,-,-,-,-,-,-,-,TM4,0
-,0.0,NC,A243,-,0.0,NC,4.44,-,-,-,-,-,-,-,-,-,-,-,-,-,-,TM4,0
Y,0.5948616600790514,NC,Y244,Y,0.9811320754716981,C,4.45,3,3,-,-,3,-,3,-,3,-,-,-,-,-2,TM4,6
-,0.0,NC,L245,L,0.8254716981132075,NC,4.46,-,-,-,-,-,-,-,-,-,-,-,-,-,-,TM4,0
-,0.0,NC,L246,L,0.8104265402843602,NC,4.47,-,-,-,-,-,-,-,-,-,-,-,-,-,-,TM4,0
I,0.556507413509061,NC,I247,I,0.933649289099526,C,4.48,-,1,-,-,-,-,-1,-,-,1,-10,1,1,-10,TM4,7
G,0.9884754692130392,C,G248,G,0.990521327014218,C,4.49,-,-,-,-,-,-,-,-,-,-,-,-,-,-,TM4,0
W,0.9944060546232313,C,W249,W,0.990521327014218,C,4.5,-,-,-,-,-,-,-,-,-,-,-,-,-,-,TM4,0
G,0.8292682926829268,NC,G250,G,0.9812206572769953,C,4.51,-4,-,-,-,-4,-,-,-,-,-,-10,-,-,-,TM4,3
-,0.0,NC,L251,I,0.7666666666666667,NC,4.52,-,-,-,-,-,-,-,-,-,-,-,-,-,-,TM4,0
P,0.9880676168379184,C,P252,P,0.9809523809523809,C,4.53,-,-,-,-,-,-,-,-,-,-,-,-,-,-,TM4,0
-,0.0,NC,T253,T,0.9285714285714286,C,4.54,-1,0,1,-,-2,-2,0,-10,0,-2,-10,-2,0,-10,TM4,13
-,0.0,NC,V254,V,0.5428571428571428,NC,4.55,-,-,-,-,-,-,-,-,-,-,-,-,-,-,TM4,0
F,0.5607569721115537,NC,C255,F,0.5952380952380952,NC,4.56,-,-,-,-,-,-,-,-,-,-,-,-,-,-,TM4,0
-,0.0,NC,I256,I,0.5571428571428572,NC,4.57,-,-,-,-,-,-,-,-,-,-,-,-,-,-,TM4,0
-,0.0,NC,G257,-,0.0,NC,4.58,-,-,-,-,-,-,-,-,-,-,-,-,-,-,TM4,0
-,0.0,NC,A258,-,0.0,NC,4.59,-,-,-,-,-,-,-,-,-,-,-,-,-,-,TM4,0
W,0.8368841544607191,NC,W259,W,0.9761904761904762,C,4.6,-,-,-,-,-,-,-,-,-,-3,-,-3,-,-,TM4,2
A,0.5457570715474209,NC,T260,T,0.6476190476190476,NC,4.61,-,-,-,-,-,-,-,-,-,-,-,-,-,-,TM4,0
-,0.0,NC,A261,-,0.0,NC,4.62,-,-,-,-,-,-,-,-,-,-,-,-,-,-,TM4,0
-,0.0,NC,A262,T,0.5311004784688995,NC,4.63,-,-,-,-,-,-,-,-,-,-,-,-,-,-,TM4,0
R,0.6268308921438083,NC,R263,R,0.9808612440191388,C,4.64,2,-,-,-,2,2,-,2,-,-,-,-,-,2,TM4,5
-,0.0,NC,L264,I,0.5120772946859904,NC,4.65,-,-,-,-,-,-,-,-,-,-,-,-,-,-,TM4,0
-,0.0,NC,Y265,-,0.0,NC,4.66,-,-,-,-,-,-,-,-,-,-,-,-,-,-,TM4,0
-,0.0,NC,L266,L,0.9371980676328503,C,4.67,-2,-10,0,0,-2,-2,-,-2,-,-2,-,-2,-2,0,TM4,11
E,0.5171381031613976,NC,E267,E,0.9565217391304348,C,4.68,-,-,-10,1,1,-,-1,-,-1,-4,-,-3,-,-,TM4,7
N,0.5123087159015303,NC,D268,D,0.9516908212560387,C,-,1,-,-,-,1,-,-,1,-,1,1,1,1,-,ECL2,7
-,0.0,NC,T269,T,0.9033816425120773,C,-,-1,-10,-10,-,-1,-1,-,-1,0,-1,-,-1,-,-,ECL2,9
-,0.0,NC,G270,G,0.9571428571428572,C,-,-2,-,-,-,-2,-,-3,-2,-3,-1,-,-1,-2,0,ECL2,9
C,0.9923358880373209,C,C271,C,0.9660194174757282,C,45.5,-,-,-,-,-,-,-,-,-,-,-,-,-,-,ECL2,0
W,0.9936645548516172,C,W272,W,0.9802955665024631,C,45.51,-,-,-,-,-,-,-,-,-,-,-,-,-,-,ECL2,0
-,0.0,NC,D273,D,0.7745098039215687,NC,45.52,-,-,-,-,-,-,-,-,-,-,-,-,-,-,ECL2,0
-,0.0,NC,T274,T,0.7931034482758621,NC,-,-,-,-,-,-,-,-,-,-,-,-,-,-,-,ECL2,0
-,0.0,NC,N275,N,0.9313725490196079,C,-,0,-,-4,-,0,-,0,-,0,-4,-,0,-,-,ECL2,7
-,0.0,NC,D276,D,0.553921568627451,NC,-,-,-,-,-,-,-,-,-,-,-,-,-,-,-,ECL2,0
-,0.0,NC,-,-,0.0,NC,-,-,-,-,-,-,-,-,-,-,-,-,-,-,-,-,0
-,0.0,NC,H277,H,0.7352941176470589,NC,5.32,-,-,-,-,-,-,-,-,-,-,-,-,-,-,TM5,0
-,0.0,NC,S278,-,0.0,NC,5.33,-,-,-,-,-,-,-,-,-,-,-,-,-,-,TM5,0
-,0.0,NC,V279,-,0.0,NC,5.34,-,-,-,-,-,-,-,-,-,-,-,-,-,-,TM5,0
-,0.0,NC,P280,P,0.9656862745098039,C,5.35,-10,-4,-10,-3,-2,-4,-3,-4,-4,-3,-4,-3,-4,-4,TM5,14
W,0.543066178915863,NC,W281,W,0.8029556650246306,NC,5.36,-,-,-,-,-,-,-,-,-,-,-,-,-,-,TM5,0
W,0.6299003322259136,NC,W282,W,0.8888888888888888,NC,5.37,-,-,-,-,-,-,-,-,-,-,-,-,-,-,TM5,0
I,0.7877781467950847,NC,V283,V,0.8599033816425121,NC,5.38,-,-,-,-,-,-,-,-,-,-,-,-,-,-,TM5,0
I,0.6594756057085961,NC,I284,I,0.9468599033816425,C,5.39,-2,-,-,-,-2,-,-,1,-2,3,-,-,-,-,TM5,5
-,0.0,NC,R285,R,0.7233009708737864,NC,5.4,-,-,-,-,-,-,-,-,-,-,-,-,-,-,TM5,0
G,0.5701958181214736,NC,I286,-,0.0,NC,5.41,-,-,-,-,-,-,-,-,-,-,-,-,-,-,TM5,0
P,0.9913707268503154,C,P287,P,0.9902912621359223,C,5.42,-,-,-,-,-,-,-,-,-,-,-,-,-,-,TM5,0
I,0.6064430421786782,NC,I288,I,0.9704433497536946,C,5.43,3,3,-,3,1,-,-,3,-,3,1,-,-,-,TM5,7
-,0.0,NC,L289,L,0.7401960784313726,NC,5.44,-,-,-,-,-,-,-,-,-,-,-,-,-,-,TM5,0
-,0.0,NC,I290,I,0.6601941747572816,NC,5.45,-,-,-,-,-,-,-,-,-,-,-,-,-,-,TM5,0
-,0.0,NC,S291,S,0.970873786407767,C,5.46,-2,-,-,-,-2,1,1,1,1,1,-10,1,1,-,TM5,10
I,0.5476269498838368,NC,I292,I,0.9219512195121952,C,5.47,1,-,-,-,1,-,-,-,-,1,3,1,-,3,TM5,6
-,0.0,NC,I293,I,0.6428571428571429,NC,5.48,-,-,-,-,-,-,-,-,-,-,-,-,-,-,TM5,0
V,0.5397296406198483,NC,V294,V,0.8952380952380953,NC,5.49,-,-,-,-,-,-,-,-,-,-,-,-,-,-,TM5,0
N,0.9709379128137384,C,N295,N,0.9857142857142858,C,5.5,-,-,-,-,-,-,-,-,-,-,-,-,-,-,TM5,0
F,0.8776455026455027,NC,F296,F,0.9952153110047847,C,5.51,-,-,-,-,-,-,-,-,-,-,-,0,-,-,TM5,1
-,0.0,NC,V297,I,0.6028708133971292,NC,5.52,-,-,-,-,-,-,-,-,-,-,-,-,-,-,TM5,0
-,0.0,NC,L298,L,0.8995215311004785,NC,5.53,-,-,-,-,-,-,-,-,-,-,-,-,-,-,TM5,0
F,0.6938099966898378,NC,F299,F,1.0,C,5.54,0,-,-,-,0,-,-,-,-,0,-,0,-,-,TM5,4
-,0.0,NC,I300,I,0.784688995215311,NC,5.55,-,-,-,-,-,-,-,-,-,-,-,-,-,-,TM5,0
N,0.5483764082173624,NC,S301,S,0.9095238095238095,C,5.56,0,0,-2,-1,0,-1,0,-1,0,0,-1,0,-1,0,TM5,14
I,0.8996356409407088,NC,I302,I,0.9952380952380953,C,5.57,-,-,-,-,-,3,-,-,-1,-,-,-,-,-,TM5,2
-,0.0,NC,I303,I,0.9142857142857143,C,5.58,3,1,-,-,3,-,-,-,3,3,1,3,1,-,TM5,8
R,0.7015568068896986,NC,R304,R,0.9857142857142858,C,5.59,-,-,-,-3,-,-4,-,-10,-,-,2,-,-3,-,TM5,5
I,0.6176275679257787,NC,I305,I,1.0,C,5.6,-,-,-,-,-,-,3,-,3,3,1,3,-,-,TM5,5
L,0.941351888667992,C,L306,L,1.0,C,5.61,-,-,-,-,-,1,-,-,-,-,-,-,-,-,TM5,1
-,0.0,NC,L307,L,0.7142857142857143,NC,5.62,-,-,-,-,-,-,-,-,-,-,-,-,-,-,TM5,0
-,0.0,NC,Q308,Q,0.9904761904761905,C,5.63,-1,1,-,-,-1,0,-1,0,-1,-1,0,-1,0,-10,TM5,12
K,0.9960264900662251,C,K309,K,0.9952380952380953,C,5.64,-,-,-,-,-,-,-,-,-,-,-,-,-,-,TM5,0
L,0.8951025810721377,NC,L310,L,0.9952380952380953,C,5.65,-,-,-,-,-,-,-,-,1,-,-,-,-,-,TM5,1
R,0.5066137566137566,NC,T311,R,0.5952380952380952,NC,-,-,-,-,-,-,-,-,-,-,-,-,-,-,-,ICL3,0
-,0.0,NC,S312,S,0.7285714285714285,NC,-,-,-,-,-,-,-,-,-,-,-,-,-,-,-,ICL3,0
-,0.0,NC,P313,P,0.9952380952380953,C,-,-1,-10,-,-,-1,-3,-2,-3,-2,-2,-10,-2,-2,-2,ICL3,12
-,0.0,NC,D314,D,0.9761904761904762,C,-,-1,1,-,-,-1,-5,1,-1,1,-2,-1,-2,-1,-1,ICL3,12
-,0.0,NC,V315,V,0.919047619047619,C,-,0,-10,-,3,0,1,0,1,0,-3,1,-3,1,3,ICL3,13
-,0.0,NC,G316,G,0.9289099526066351,C,-,-10,-3,-,-,-10,-4,-,-3,-4,-10,-10,-10,-3,-10,ICL3,11
-,0.0,NC,G317,G,0.981042654028436,C,-,-10,-,-10,-,-10,-2,-3,-4,-,-10,-4,-10,-4,-4,ICL3,11
-,0.0,NC,N318,N,0.933649289099526,C,6.3,0,-,-,-,0,0,-3,0,-10,-2,-10,-2,-10,-,TM6,10
-,0.0,NC,D319,D,0.933649289099526,C,6.31,1,1,1,1,1,-,-,-,-,1,-,1,-,1,TM6,8
-,0.0,NC,Q320,Q,0.966824644549763,C,6.32,-1,-10,0,0,-1,-10,-1,-10,-1,0,-10,0,-10,0,TM6,14
-,0.0,NC,-,-,0.0,NC,-,-,-,-,-,-,-,-,-,-,-,-,-,-,-,-,0
-,0.0,NC,S321,S,0.9715639810426541,C,6.33,-3,0,-,-,-3,-10,0,-10,-1,0,-10,0,-10,-,TM6,11
Q,0.6215292609995728,NC,Q322,Q,0.985781990521327,C,6.34,-,-,-,-3,-,-10,-,-10,-,0,-10,-3,-10,-,TM6,7
Y,0.9319907560250907,C,Y323,Y,0.985781990521327,C,6.35,-,-,-,-,-,-2,-,-,-,-,-,-,-,-,TM6,1
-,0.0,NC,K324,K,0.7216981132075472,NC,6.36,-,-,-,-,-,-,-,-,-,-,-,-,-,-,TM6,0
-,0.0,NC,-,-,0.0,NC,-,-,-,-,-,-,-,-,-,-,-,-,-,-,-,-,0
R,0.537951607557176,NC,R325,R,1.0,C,6.37,2,-,-,-,2,-,2,-,2,2,-,2,-,-,TM6,6
L,0.692154915590864,NC,L326,L,1.0,C,6.38,-2,-,-,-,-2,-,-,-,-,-2,-,-2,-,-,TM6,4
A,0.5418735518040384,NC,A327,A,0.8862559241706162,NC,6.39,-,-,-,-,-,-,-,-,-,-,-,-,-,-,TM6,0
K,0.6773659827928524,NC,K328,K,1.0,C,6.4,-,-,-,2,-,-,-,-,-,2,2,2,2,-,TM6,5
S,0.6751571286801191,NC,S329,S,1.0,C,6.41,1,-,-,-,1,-,-,-,-,1,-,1,-,-,TM6,4
T,0.9897520661157024,C,T330,T,1.0,C,6.42,-,-,-,-,-,-,-,-,-,-,-,-,-,-,TM6,0
L,0.9702380952380952,C,L331,L,0.9952830188679245,C,6.43,-,-,-,-,-,-,-,-,-,-,-,-,-,-,TM6,0
-,0.0,NC,L332,L,0.9952830188679245,C,6.44,1,-,-,-,1,-2,1,-2,1,1,1,1,-2,-,TM6,10
L,0.9953719008264463,C,L333,L,1.0,C,6.45,-,-,-,-,-,-,-,-,-,-,-,-,-,-,TM6,0
I,0.5213364207740655,NC,I334,I,0.9858490566037735,C,6.46,1,-,-,-,1,-,1,-,3,3,-,3,3,-,TM6,7
P,0.9292328042328042,C,P335,P,1.0,C,6.47,-,-,-,-,-,-,-,-,-3,-,-,-,-,-,TM6,1
L,0.9404565001653986,C,L336,L,1.0,C,6.48,-,-,-,-,-,-,-,-,1,-,-,-,-,-,TM6,1
L,0.5312810327706058,NC,F337,F,0.9905660377358491,C,6.49,0,-,-,-,0,0,-,0,-,0,0,0,0,-,TM6,8
G,0.9980145598941098,C,G338,G,1.0,C,6.5,-,-,-,-,-,-,-,-,-,-,-,-,-,-,TM6,0
I,0.5539021164021164,NC,V339,V,0.7311320754716981,NC,6.51,-,-,-,-,-,-,-,-,-,-,-,-,-,-,TM6,0
H,0.6635792259345021,NC,H340,H,0.9622641509433962,C,6.52,-2,-,-,-,-2,-,-,-,-,1,-,0,-,-,TM6,4
Y,0.6142904399603043,NC,Y341,Y,0.9952830188679245,C,6.53,-,-,-,-,-,-3,-,-3,-,3,-3,3,-3,-,TM6,6
-,0.0,NC,M342,-,0.0,NC,6.54,-,-,-,-,-,-,-,-,-,-,-,-,-,-,TM6,0
-,0.0,NC,V343,V,0.9339622641509434,C,6.55,1,3,1,-,1,3,-,-,-,3,-,1,-,-10,TM6,8
F,0.9050611974859412,C,F344,F,0.9952830188679245,C,6.56,-,-,-,-,-,-,-,-,-,-,-,-10,-,-,TM6,1
-,0.0,NC,A345,A,0.7298578199052133,NC,6.57,-,-,-,-,-,-,-,-,-,-,-,-,-,-,TM6,0
-,0.0,NC,V346,-,0.0,NC,6.58,-,-,-,-,-,-,-,-,-,-,-,-,-,-,TM6,0
-,0.0,NC,F347,F,0.7233009708737864,NC,6.59,-,-,-,-,-,-,-,-,-,-,-,-,-,-,TM6,0
P,0.7536472148541115,NC,P348,P,0.7317073170731707,NC,-,-,-,-,-,-,-,-,-,-,-,-,-,-,-,ECL3,0
-,0.0,NC,-,-,0.0,NC,-,-,-,-,-,-,-,-,-,-,-,-,-,-,-,-,0
-,0.0,NC,-,-,0.0,NC,-,-,-,-,-,-,-,-,-,-,-,-,-,-,-,-,0
-,0.0,NC,I349,-,0.0,NC,-,-,-,-,-,-,-,-,-,-,-,-,-,-,-,ECL3,0
-,0.0,NC,S350,-,0.0,NC,-,-,-,-,-,-,-,-,-,-,-,-,-,-,-,ECL3,0
-,0.0,NC,I351,I,0.580952380952381,NC,-,-,-,-,-,-,-,-,-,-,-,-,-,-,-,ECL3,0
-,0.0,NC,S352,S,0.77,NC,-,-,-,-,-,-,-,-,-,-,-,-,-,-,-,ECL3,0
-,0.0,NC,-,-,0.0,NC,-,-,-,-,-,-,-,-,-,-,-,-,-,-,-,-,0
G,0.7931858936043037,NC,-,-,0.0,NC,-,-,-,-,-,-,-,-,-,-,-,-,-,-,-,-,0
-,0.0,NC,-,-,0.0,NC,-,-,-,-,-,-,-,-,-,-,-,-,-,-,-,-,0
-,0.0,NC,-,-,0.0,NC,-,-,-,-,-,-,-,-,-,-,-,-,-,-,-,-,0
-,0.0,NC,S353,-,0.0,NC,7.35,-,-,-,-,-,-,-,-,-,-,-,-,-,-,TM7,0
-,0.0,NC,K354,-,0.0,NC,7.36,-,-,-,-,-,-,-,-,-,-,-,-,-,-,TM7,0
-,0.0,NC,Y355,Y,0.966824644549763,C,7.37,-2,-2,-2,-3,-2,-2,-2,-10,-2,-2,-2,-2,-2,-10,TM7,14
-,0.0,NC,Q356,-,0.0,NC,7.38,-,-,-,-,-,-,-,-,-,-,-,-,-,-,TM7,0
-,0.0,NC,I357,I,0.9289099526066351,C,7.39,-,1,1,1,-,1,1,1,1,-4,1,-4,1,1,TM7,12
-,0.0,NC,L358,-,0.0,NC,7.4,-,-,-,-,-,-,-,-,-,-,-,-,-,-,TM7,0
F,0.5039735099337749,NC,F359,F,0.985781990521327,C,7.41,-,-,-,-,-,-2,3,-,-3,-1,-1,-1,-,0,TM7,7
E,0.5168986083499006,NC,E360,E,0.7582938388625592,NC,7.42,-,-,-,-,-,-,-,-,-,-,-,-,-,-,TM7,0
L,0.5847121111846459,NC,L361,L,1.0,C,7.43,-3,-,-,-,-3,-,2,-,-,-3,-,-3,1,-,TM7,6
-,0.0,NC,C362,C,0.7298578199052133,NC,7.44,-,-,-,-,-,-,-,-,-,-,-,-,-,-,TM7,0
L,0.657606894265827,NC,L363,L,0.6966824644549763,NC,7.45,-,-,-,-,-,-,-,-,-,-,-,-,-,-,TM7,0
-,0.0,NC,G364,G,0.995260663507109,C,7.46,-2,-,-,-,-3,-2,-1,-1,-1,-4,-1,-4,-1,-,TM7,10
S,0.8386883073865519,NC,S365,S,0.995260663507109,C,7.47,-,-,-,-,-,-,-,-,-,-1,-,-1,-,-,TM7,2
F,0.8639523336643495,NC,F366,F,1.0,C,7.48,-,-,-,-,-,-,-,-,-,3,-,3,-,-,TM7,2
Q,0.949685534591195,C,Q367,Q,1.0,C,7.49,-,-,-,-,-,-,-,-,-,-,1,-,-,-,TM7,1
G,0.9897854954034729,C,G368,G,0.9855769230769231,C,7.5,-,-,-,-,-,-,-,-,-,-,-,-,-,-,TM7,0
F,0.5939414567733152,NC,L369,L,0.9663461538461539,C,7.51,0,-,0,0,0,-,0,-,0,-,0,-,0,0,TM7,9
-,0.0,NC,V370,V,0.7368421052631579,NC,7.52,-,-,-,-,-,-,-,-,-,-,-,-,-,-,TM7,0
V,0.9805924412665986,C,V371,V,0.9712918660287081,C,7.53,-,-,-,-,-,-,-,-,-,-,-,-,-,-,TM7,0
A,0.7105978260869565,NC,A372,A,0.9619047619047619,C,7.54,1,-,-,-,1,-,-,-,1,-,-,-,1,-,TM7,4
-,0.0,NC,V373,V,0.6714285714285714,NC,7.55,-,-,-,-,-,-,-,-,-,-,-,-,-,-,TM7,0
L,0.5295717199184229,NC,L374,L,0.9904761904761905,C,7.56,0,-,-,-,0,-,1,-,1,1,-,1,-,-,TM7,6
Y,0.8653519211152669,NC,Y375,Y,0.9761904761904762,C,7.57,-,-,-,-,-,-,-,-,-,3,-,3,-,-,TM7,2
C,0.9758749575263337,C,C376,C,0.976303317535545,C,7.58,-,-,-,-,-,-,-,-,-,-,-,-,-,-,TM7,0
F,0.9371389738362216,C,F377,F,0.990521327014218,C,7.59,-,-,-,-,-,-,-,-,3,-,-,-,-,-,TM7,1
-,0.0,NC,L378,L,0.976303317535545,C,7.6,-,-,-,-,-,1,-2,1,-2,0,-2,0,1,-,TM7,8
N,0.9819482288828338,C,N379,N,0.976303317535545,C,8.47,-,-,-,-,-,-,-,-,-,-,-,-,-,-,H8,0
G,0.5814032697547684,NC,S380,S,0.919431279620853,C,8.48,-1,-1,-1,-1,-,0,-1,-1,-1,-1,-1,-1,-1,0,H8,13
E,0.9806320081549439,C,E381,E,0.957345971563981,C,8.49,-,-,-,-,-,-,-,-,-,-,-,-,-,-,H8,0
V,0.982573726541555,C,V382,V,0.9905660377358491,C,8.5,-,-,-,-,-,-,-,-,-,-,-,-,-,-,H8,0
Q,0.7400539447066756,NC,Q383,Q,0.9433962264150944,C,8.51,1,-,-,-,1,-,-,-,-,-,1,-,-,-,H8,3
-,0.0,NC,C384,-,0.0,NC,8.52,-,-,-,-,-,-,-,-,-,-,-,-,-,-,H8,0
E,0.6762809636918901,NC,E385,E,0.9764150943396226,C,8.53,-1,-,-,-,-1,-,-,-,-,-1,-,-3,-,-,H8,4
-,0.0,NC,L386,L,0.9716981132075472,C,8.54,-10,1,-,1,1,0,1,-,-10,-,-,-,1,1,H8,9
-,0.0,NC,K387,K,0.8490566037735849,NC,8.55,-,-,-,-,-,-,-,-,-,-,-,-,-,-,H8,0
-,0.0,NC,R388,R,0.9669811320754716,C,8.56,2,-,-,-,2,2,2,2,2,-,2,-,-,-,H8,7
-,0.0,NC,K389,K,0.8349056603773585,NC,8.57,-,-,-,-,-,-,-,-,-,-,-,-,-,-,H8,0
W,0.9691645751165292,C,W390,W,0.9716981132075472,C,8.58,-,-,-,-,-,-,-,-,-,-,-,-,-,-10,H8,1
-,0.0,NC,R391,R,0.9009433962264151,C,8.59,0,-,-,-,0,-1,-1,-10,-10,-10,-10,-1,0,-10,H8,11
R,0.5877732240437158,NC,S392,S,0.7867298578199052,NC,8.6,-,-,-,-,-,-,-,-,-,-,-,-,-,-,H8,0
W,0.6375128117526477,NC,R393,L,0.5260663507109005,NC,8.61,-,-,-,-,-,-,-,-,-,-,-,-,-,-,H8,0
-,0.0,NC,C394,C,0.8720379146919431,NC,8.62,-,-,-,-,-,-,-,-,-,-,-,-,-,-,H8,0
L,0.5832610581092801,NC,P395,-,0.0,NC,8.63,-,-,-,-,-,-,-,-,-,-,-,-,-,-,H8,0
-,0.0,NC,-,-,0.0,NC,-,-,-,-,-,-,-,-,-,-,-,-,-,-,-,-,0
-,0.0,NC,T396,-,0.0,NC,8.64,-,-,-,-,-,-,-,-,-,-,-,-,-,-,H8,0
-,0.0,NC,-,-,0.0,NC,-,-,-,-,-,-,-,-,-,-,-,-,-,-,-,-,0
-,0.0,NC,-,-,0.0,NC,-,-,-,-,-,-,-,-,-,-,-,-,-,-,-,-,0
-,0.0,NC,P397,-,0.0,NC,8.65,-,-,-,-,-,-,-,-,-,-,-,-,-,-,H8,0
-,0.0,NC,S398,-,0.0,NC,8.66,-,-,-,-,-,-,-,-,-,-,-,-,-,-,H8,0
-,0.0,NC,A399,-,0.0,NC,8.67,-,-,-,-,-,-,-,-,-,-,-,-,-,-,H8,0
-,0.0,NC,S400,G,0.5142857142857142,NC,8.68,-,-,-,-,-,-,-,-,-,-,-,-,-,-,H8,0
-,0.0,NC,R401,R,0.8840579710144928,NC,8.69,-,-,-,-,-,-,-,-,-,-,-,-,-,-,H8,0
-,0.0,NC,D402,D,0.8047619047619048,NC,8.7,-,-,-,-,-,-,-,-,-,-,-,-,-,-,H8,0
-,0.0,NC,-,-,0.0,NC,-,-,-,-,-,-,-,-,-,-,-,-,-,-,-,-,0
-,0.0,NC,Y403,Y,0.6875,NC,8.71,-,-,-,-,-,-,-,-,-,-,-,-,-,-,H8,0
-,0.0,NC,-,-,0.0,NC,-,-,-,-,-,-,-,-,-,-,-,-,-,-,-,-,0
-,0.0,NC,-,-,0.0,NC,-,-,-,-,-,-,-,-,-,-,-,-,-,-,-,-,0
-,0.0,NC,-,-,0.0,NC,-,-,-,-,-,-,-,-,-,-,-,-,-,-,-,-,0
-,0.0,NC,-,-,0.0,NC,-,-,-,-,-,-,-,-,-,-,-,-,-,-,-,-,0
-,0.0,NC,-,-,0.0,NC,-,-,-,-,-,-,-,-,-,-,-,-,-,-,-,-,0
-,0.0,NC,-,-,0.0,NC,-,-,-,-,-,-,-,-,-,-,-,-,-,-,-,-,0
-,0.0,NC,-,-,0.0,NC,-,-,-,-,-,-,-,-,-,-,-,-,-,-,-,-,0
R,0.6095238095238096,NC,R404,R,0.7142857142857143,NC,8.72,-,-,-,-,-,-,-,-,-,-,-,-,-,-,H8,0
-,0.0,NC,-,-,0.0,NC,-,-,-,-,-,-,-,-,-,-,-,-,-,-,-,-,0
-,0.0,NC,-,-,0.0,NC,-,-,-,-,-,-,-,-,-,-,-,-,-,-,-,-,0
-,0.0,NC,-,-,0.0,NC,-,-,-,-,-,-,-,-,-,-,-,-,-,-,-,-,0
-,0.0,NC,-,-,0.0,NC,-,-,-,-,-,-,-,-,-,-,-,-,-,-,-,-,0
-,0.0,NC,-,-,0.0,NC,-,-,-,-,-,-,-,-,-,-,-,-,-,-,-,-,0
-,0.0,NC,V405,L,0.6341463414634146,NC,-,-,-,-,-,-,-,-,-,-,-,-,-,-,-,C-ter,0
-,0.0,NC,-,-,0.0,NC,-,-,-,-,-,-,-,-,-,-,-,-,-,-,-,-,0
-,0.0,NC,-,-,0.0,NC,-,-,-,-,-,-,-,-,-,-,-,-,-,-,-,-,0
-,0.0,NC,-,-,0.0,NC,-,-,-,-,-,-,-,-,-,-,-,-,-,-,-,-,0
-,0.0,NC,C406,H,0.6746411483253588,NC,-,-,-,-,-,-,-,-,-,-,-,-,-,-,-,C-ter,0
-,0.0,NC,-,-,0.0,NC,-,-,-,-,-,-,-,-,-,-,-,-,-,-,-,-,0
-,0.0,NC,-,-,0.0,NC,-,-,-,-,-,-,-,-,-,-,-,-,-,-,-,-,0
-,0.0,NC,-,-,0.0,NC,-,-,-,-,-,-,-,-,-,-,-,-,-,-,-,-,0
-,0.0,NC,G407,S,0.6782178217821783,NC,-,-,-,-,-,-,-,-,-,-,-,-,-,-,-,C-ter,0
P,0.5123639960435212,NC,S408,S,0.5893719806763285,NC,-,-,-,-,-,-,-,-,-,-,-,-,-,-,-,C-ter,0
-,0.0,NC,-,-,0.0,NC,-,-,-,-,-,-,-,-,-,-,-,-,-,-,-,-,0
-,0.0,NC,-,-,0.0,NC,-,-,-,-,-,-,-,-,-,-,-,-,-,-,-,-,0
-,0.0,NC,-,-,0.0,NC,-,-,-,-,-,-,-,-,-,-,-,-,-,-,-,-,0
-,0.0,NC,-,-,0.0,NC,-,-,-,-,-,-,-,-,-,-,-,-,-,-,-,-,0
-,0.0,NC,-,-,0.0,NC,-,-,-,-,-,-,-,-,-,-,-,-,-,-,-,-,0
-,0.0,NC,-,-,0.0,NC,-,-,-,-,-,-,-,-,-,-,-,-,-,-,-,-,0
-,0.0,NC,-,-,0.0,NC,-,-,-,-,-,-,-,-,-,-,-,-,-,-,-,-,0
-,0.0,NC,-,-,0.0,NC,-,-,-,-,-,-,-,-,-,-,-,-,-,-,-,-,0
-,0.0,NC,-,-,0.0,NC,-,-,-,-,-,-,-,-,-,-,-,-,-,-,-,-,0
-,0.0,NC,-,-,0.0,NC,-,-,-,-,-,-,-,-,-,-,-,-,-,-,-,-,0
-,0.0,NC,-,-,0.0,NC,-,-,-,-,-,-,-,-,-,-,-,-,-,-,-,-,0
-,0.0,NC,-,-,0.0,NC,-,-,-,-,-,-,-,-,-,-,-,-,-,-,-,-,0
-,0.0,NC,-,-,0.0,NC,-,-,-,-,-,-,-,-,-,-,-,-,-,-,-,-,0
-,0.0,NC,-,-,0.0,NC,-,-,-,-,-,-,-,-,-,-,-,-,-,-,-,-,0
S,0.74812734082397,NC,S409,S,0.7904761904761904,NC,-,-,-,-,-,-,-,-,-,-,-,-,-,-,-,C-ter,0
-,0.0,NC,-,-,0.0,NC,-,-,-,-,-,-,-,-,-,-,-,-,-,-,-,-,0
-,0.0,NC,-,-,0.0,NC,-,-,-,-,-,-,-,-,-,-,-,-,-,-,-,-,0
-,0.0,NC,-,-,0.0,NC,-,-,-,-,-,-,-,-,-,-,-,-,-,-,-,-,0
-,0.0,NC,-,-,0.0,NC,-,-,-,-,-,-,-,-,-,-,-,-,-,-,-,-,0
-,0.0,NC,-,-,0.0,NC,-,-,-,-,-,-,-,-,-,-,-,-,-,-,-,-,0
-,0.0,NC,-,-,0.0,NC,-,-,-,-,-,-,-,-,-,-,-,-,-,-,-,-,0
-,0.0,NC,-,-,0.0,NC,-,-,-,-,-,-,-,-,-,-,-,-,-,-,-,-,0
-,0.0,NC,-,-,0.0,NC,-,-,-,-,-,-,-,-,-,-,-,-,-,-,-,-,0
-,0.0,NC,-,-,0.0,NC,-,-,-,-,-,-,-,-,-,-,-,-,-,-,-,-,0
-,0.0,NC,-,-,0.0,NC,-,-,-,-,-,-,-,-,-,-,-,-,-,-,-,-,0
-,0.0,NC,-,-,0.0,NC,-,-,-,-,-,-,-,-,-,-,-,-,-,-,-,-,0
-,0.0,NC,-,-,0.0,NC,-,-,-,-,-,-,-,-,-,-,-,-,-,-,-,-,0
-,0.0,NC,-,-,0.0,NC,-,-,-,-,-,-,-,-,-,-,-,-,-,-,-,-,0
-,0.0,NC,-,-,0.0,NC,-,-,-,-,-,-,-,-,-,-,-,-,-,-,-,-,0
-,0.0,NC,-,-,0.0,NC,-,-,-,-,-,-,-,-,-,-,-,-,-,-,-,-,0
-,0.0,NC,-,-,0.0,NC,-,-,-,-,-,-,-,-,-,-,-,-,-,-,-,-,0
-,0.0,NC,-,-,0.0,NC,-,-,-,-,-,-,-,-,-,-,-,-,-,-,-,-,0
L,0.5905612244897959,NC,F410,I,0.5769230769230769,NC,-,-,-,-,-,-,-,-,-,-,-,-,-,-,-,C-ter,0
-,0.0,NC,-,-,0.0,NC,-,-,-,-,-,-,-,-,-,-,-,-,-,-,-,-,0
-,0.0,NC,-,-,0.0,NC,-,-,-,-,-,-,-,-,-,-,-,-,-,-,-,-,0
-,0.0,NC,S411,S,0.9333333333333333,C,-,1,-10,-1,1,1,-10,-10,-10,-,1,1,1,-10,-,C-ter,12
-,0.0,NC,-,-,0.0,NC,-,-,-,-,-,-,-,-,-,-,-,-,-,-,-,-,0
-,0.0,NC,-,-,0.0,NC,-,-,-,-,-,-,-,-,-,-,-,-,-,-,-,-,0
-,0.0,NC,-,-,0.0,NC,-,-,-,-,-,-,-,-,-,-,-,-,-,-,-,-,0
-,0.0,NC,-,-,0.0,NC,-,-,-,-,-,-,-,-,-,-,-,-,-,-,-,-,0
-,0.0,NC,-,-,0.0,NC,-,-,-,-,-,-,-,-,-,-,-,-,-,-,-,-,0
-,0.0,NC,-,-,0.0,NC,-,-,-,-,-,-,-,-,-,-,-,-,-,-,-,-,0
-,0.0,NC,-,-,0.0,NC,-,-,-,-,-,-,-,-,-,-,-,-,-,-,-,-,0
-,0.0,NC,-,-,0.0,NC,-,-,-,-,-,-,-,-,-,-,-,-,-,-,-,-,0
-,0.0,NC,-,-,0.0,NC,-,-,-,-,-,-,-,-,-,-,-,-,-,-,-,-,0
-,0.0,NC,R412,R,0.9052132701421801,C,-,-10,-1,-1,-1,-10,-1,-10,-3,-10,-1,-3,-1,-2,-10,C-ter,14
-,0.0,NC,-,-,0.0,NC,-,-,-,-,-,-,-,-,-,-,-,-,-,-,-,-,0
-,0.0,NC,-,-,0.0,NC,-,-,-,-,-,-,-,-,-,-,-,-,-,-,-,-,0
-,0.0,NC,-,-,0.0,NC,-,-,-,-,-,-,-,-,-,-,-,-,-,-,-,-,0
-,0.0,NC,N413,N,0.8632075471698113,NC,-,-,-,-,-,-,-,-,-,-,-,-,-,-,-,C-ter,0
-,0.0,NC,-,-,0.0,NC,-,-,-,-,-,-,-,-,-,-,-,-,-,-,-,-,0
-,0.0,NC,-,-,0.0,NC,-,-,-,-,-,-,-,-,-,-,-,-,-,-,-,-,0
-,0.0,NC,-,-,0.0,NC,-,-,-,-,-,-,-,-,-,-,-,-,-,-,-,-,0
-,0.0,NC,-,-,0.0,NC,-,-,-,-,-,-,-,-,-,-,-,-,-,-,-,-,0
-,0.0,NC,-,-,0.0,NC,-,-,-,-,-,-,-,-,-,-,-,-,-,-,-,-,0
-,0.0,NC,-,-,0.0,NC,-,-,-,-,-,-,-,-,-,-,-,-,-,-,-,-,0
-,0.0,NC,-,-,0.0,NC,-,-,-,-,-,-,-,-,-,-,-,-,-,-,-,-,0
-,0.0,NC,-,-,0.0,NC,-,-,-,-,-,-,-,-,-,-,-,-,-,-,-,-,0
-,0.0,NC,-,-,0.0,NC,-,-,-,-,-,-,-,-,-,-,-,-,-,-,-,-,0
-,0.0,NC,-,-,0.0,NC,-,-,-,-,-,-,-,-,-,-,-,-,-,-,-,-,0
-,0.0,NC,-,-,0.0,NC,-,-,-,-,-,-,-,-,-,-,-,-,-,-,-,-,0
G,0.7981651376146789,NC,G414,G,0.9523809523809523,C,-,-10,-,-,-,-10,-,-,-,-,-4,-,-,-,-,C-ter,3
-,0.0,NC,-,-,0.0,NC,-,-,-,-,-,-,-,-,-,-,-,-,-,-,-,-,0
-,0.0,NC,S415,S,0.9095238095238095,C,-,-10,-10,-10,-2,-10,-10,-2,-10,-2,-10,-10,-,-1,-10,C-ter,13
-,0.0,NC,-,-,0.0,NC,-,-,-,-,-,-,-,-,-,-,-,-,-,-,-,-,0
-,0.0,NC,-,-,0.0,NC,-,-,-,-,-,-,-,-,-,-,-,-,-,-,-,-,0
-,0.0,NC,E416,E,0.8985507246376812,NC,-,-,-,-,-,-,-,-,-,-,-,-,-,-,-,C-ter,0
-,0.0,NC,G417,-,0.0,NC,-,-,-,-,-,-,-,-,-,-,-,-,-,-,-,C-ter,0
-,0.0,NC,A418,-,0.0,NC,-,-,-,-,-,-,-,-,-,-,-,-,-,-,-,C-ter,0
-,0.0,NC,-,-,0.0,NC,-,-,-,-,-,-,-,-,-,-,-,-,-,-,-,-,0
-,0.0,NC,-,-,0.0,NC,-,-,-,-,-,-,-,-,-,-,-,-,-,-,-,-,0
-,0.0,NC,L419,-,0.0,NC,-,-,-,-,-,-,-,-,-,-,-,-,-,-,-,C-ter,0
-,0.0,NC,-,-,0.0,NC,-,-,-,-,-,-,-,-,-,-,-,-,-,-,-,-,0
-,0.0,NC,Q420,Q,0.8390243902439024,NC,-,-,-,-,-,-,-,-,-,-,-,-,-,-,-,C-ter,0
-,0.0,NC,-,-,0.0,NC,-,-,-,-,-,-,-,-,-,-,-,-,-,-,-,-,0
-,0.0,NC,-,-,0.0,NC,-,-,-,-,-,-,-,-,-,-,-,-,-,-,-,-,0
-,0.0,NC,-,-,0.0,NC,-,-,-,-,-,-,-,-,-,-,-,-,-,-,-,-,0
-,0.0,NC,-,-,0.0,NC,-,-,-,-,-,-,-,-,-,-,-,-,-,-,-,-,0
-,0.0,NC,F421,-,0.0,NC,-,-,-,-,-,-,-,-,-,-,-,-,-,-,-,C-ter,0
S,0.5689823874755382,NC,H422,H,0.7952380952380952,NC,-,-,-,-,-,-,-,-,-,-,-,-,-,-,-,C-ter,0
-,0.0,NC,R423,R,0.9146919431279621,C,-,-3,-10,-2,-3,-3,-3,-10,-10,-3,-10,-3,-10,-10,-10,C-ter,14
-,0.0,NC,G424,N,0.5235849056603774,NC,-,-,-,-,-,-,-,-,-,-,-,-,-,-,-,C-ter,0
-,0.0,NC,-,-,0.0,NC,-,-,-,-,-,-,-,-,-,-,-,-,-,-,-,-,0
-,0.0,NC,S425,S,0.9622641509433962,C,-,1,-10,1,-,1,-,-,-10,-10,-10,-,-2,-10,-10,C-ter,10
-,0.0,NC,R426,R,0.8679245283018868,NC,-,-,-,-,-,-,-,-,-,-,-,-,-,-,-,C-ter,0
-,0.0,NC,-,-,0.0,NC,-,-,-,-,-,-,-,-,-,-,-,-,-,-,-,-,0
-,0.0,NC,A427,A,0.7216981132075472,NC,-,-,-,-,-,-,-,-,-,-,-,-,-,-,-,C-ter,0
S,0.7429028388644542,NC,-,-,0.0,NC,-,-,-,-,-,-,-,-,-,-,-,-,-,-,-,-,0
-,0.0,NC,-,-,0.0,NC,-,-,-,-,-,-,-,-,-,-,-,-,-,-,-,-,0
P,0.5084449621432732,NC,-,-,0.0,NC,-,-,-,-,-,-,-,-,-,-,-,-,-,-,-,-,0
-,0.0,NC,-,-,0.0,NC,-,-,-,-,-,-,-,-,-,-,-,-,-,-,-,-,0
-,0.0,NC,-,-,0.0,NC,-,-,-,-,-,-,-,-,-,-,-,-,-,-,-,-,0
-,0.0,NC,-,-,0.0,NC,-,-,-,-,-,-,-,-,-,-,-,-,-,-,-,-,0
-,0.0,NC,-,-,0.0,NC,-,-,-,-,-,-,-,-,-,-,-,-,-,-,-,-,0
-,0.0,NC,-,-,0.0,NC,-,-,-,-,-,-,-,-,-,-,-,-,-,-,-,-,0
-,0.0,NC,-,-,0.0,NC,-,-,-,-,-,-,-,-,-,-,-,-,-,-,-,-,0
-,0.0,NC,-,-,0.0,NC,-,-,-,-,-,-,-,-,-,-,-,-,-,-,-,-,0
-,0.0,NC,-,-,0.0,NC,-,-,-,-,-,-,-,-,-,-,-,-,-,-,-,-,0
-,0.0,NC,-,-,0.0,NC,-,-,-,-,-,-,-,-,-,-,-,-,-,-,-,-,0
-,0.0,NC,-,-,0.0,NC,-,-,-,-,-,-,-,-,-,-,-,-,-,-,-,-,0
-,0.0,NC,-,-,0.0,NC,-,-,-,-,-,-,-,-,-,-,-,-,-,-,-,-,0
-,0.0,NC,-,-,0.0,NC,-,-,-,-,-,-,-,-,-,-,-,-,-,-,-,-,0
-,0.0,NC,-,-,0.0,NC,-,-,-,-,-,-,-,-,-,-,-,-,-,-,-,-,0
-,0.0,NC,-,-,0.0,NC,-,-,-,-,-,-,-,-,-,-,-,-,-,-,-,-,0
-,0.0,NC,-,-,0.0,NC,-,-,-,-,-,-,-,-,-,-,-,-,-,-,-,-,0
-,0.0,NC,-,-,0.0,NC,-,-,-,-,-,-,-,-,-,-,-,-,-,-,-,-,0
-,0.0,NC,-,-,0.0,NC,-,-,-,-,-,-,-,-,-,-,-,-,-,-,-,-,0
-,0.0,NC,-,-,0.0,NC,-,-,-,-,-,-,-,-,-,-,-,-,-,-,-,-,0
-,0.0,NC,Q428,Q,0.6839622641509434,NC,-,-,-,-,-,-,-,-,-,-,-,-,-,-,-,C-ter,0
-,0.0,NC,-,-,0.0,NC,-,-,-,-,-,-,-,-,-,-,-,-,-,-,-,-,0
-,0.0,NC,-,-,0.0,NC,-,-,-,-,-,-,-,-,-,-,-,-,-,-,-,-,0
-,0.0,NC,-,-,0.0,NC,-,-,-,-,-,-,-,-,-,-,-,-,-,-,-,-,0
-,0.0,NC,-,-,0.0,NC,-,-,-,-,-,-,-,-,-,-,-,-,-,-,-,-,0
-,0.0,NC,-,-,0.0,NC,-,-,-,-,-,-,-,-,-,-,-,-,-,-,-,-,0
-,0.0,NC,-,-,0.0,NC,-,-,-,-,-,-,-,-,-,-,-,-,-,-,-,-,0
-,0.0,NC,-,-,0.0,NC,-,-,-,-,-,-,-,-,-,-,-,-,-,-,-,-,0
-,0.0,NC,S429,S,0.9386792452830188,C,-,-1,-10,-,-,-1,-10,-10,-10,-10,-1,-10,-1,1,-10,C-ter,12
-,0.0,NC,-,-,0.0,NC,-,-,-,-,-,-,-,-,-,-,-,-,-,-,-,-,0
-,0.0,NC,-,-,0.0,NC,-,-,-,-,-,-,-,-,-,-,-,-,-,-,-,-,0
-,0.0,NC,-,-,0.0,NC,-,-,-,-,-,-,-,-,-,-,-,-,-,-,-,-,0
-,0.0,NC,-,-,0.0,NC,-,-,-,-,-,-,-,-,-,-,-,-,-,-,-,-,0
-,0.0,NC,-,-,0.0,NC,-,-,-,-,-,-,-,-,-,-,-,-,-,-,-,-,0
-,0.0,NC,-,-,0.0,NC,-,-,-,-,-,-,-,-,-,-,-,-,-,-,-,-,0
-,0.0,NC,-,-,0.0,NC,-,-,-,-,-,-,-,-,-,-,-,-,-,-,-,-,0
-,0.0,NC,-,-,0.0,NC,-,-,-,-,-,-,-,-,-,-,-,-,-,-,-,-,0
-,0.0,NC,-,-,0.0,NC,-,-,-,-,-,-,-,-,-,-,-,-,-,-,-,-,0
-,0.0,NC,-,-,0.0,NC,-,-,-,-,-,-,-,-,-,-,-,-,-,-,-,-,0
-,0.0,NC,-,-,0.0,NC,-,-,-,-,-,-,-,-,-,-,-,-,-,-,-,-,0
-,0.0,NC,-,-,0.0,NC,-,-,-,-,-,-,-,-,-,-,-,-,-,-,-,-,0
-,0.0,NC,-,-,0.0,NC,-,-,-,-,-,-,-,-,-,-,-,-,-,-,-,-,0
-,0.0,NC,F430,F,0.7014218009478673,NC,-,-,-,-,-,-,-,-,-,-,-,-,-,-,-,C-ter,0
-,0.0,NC,L431,L,0.6824644549763034,NC,-,-,-,-,-,-,-,-,-,-,-,-,-,-,-,C-ter,0
-,0.0,NC,Q432,Q,0.966824644549763,C,-,1,-10,-,-10,1,-,2,-10,2,-10,2,-10,-10,-10,C-ter,12
-,0.0,NC,-,-,0.0,NC,-,-,-,-,-,-,-,-,-,-,-,-,-,-,-,-,0
-,0.0,NC,-,-,0.0,NC,-,-,-,-,-,-,-,-,-,-,-,-,-,-,-,-,0
-,0.0,NC,-,-,0.0,NC,-,-,-,-,-,-,-,-,-,-,-,-,-,-,-,-,0
-,0.0,NC,-,-,0.0,NC,-,-,-,-,-,-,-,-,-,-,-,-,-,-,-,-,0
-,0.0,NC,-,-,0.0,NC,-,-,-,-,-,-,-,-,-,-,-,-,-,-,-,-,0
-,0.0,NC,-,-,0.0,NC,-,-,-,-,-,-,-,-,-,-,-,-,-,-,-,-,0
-,0.0,NC,T433,T,0.7962085308056872,NC,-,-,-,-,-,-,-,-,-,-,-,-,-,-,-,C-ter,0
E,0.5042926465098917,NC,E434,E,0.966824644549763,C,-,2,-1,-,-,2,-10,-,-,-,-,-,1,-,-10,C-ter,6
-,0.0,NC,T435,T,0.9715639810426541,C,-,-,-10,-10,0,1,1,-1,1,-10,-,1,-2,1,-,C-ter,11
-,0.0,NC,-,-,0.0,NC,-,-,-,-,-,-,-,-,-,-,-,-,-,-,-,-,0
-,0.0,NC,-,-,0.0,NC,-,-,-,-,-,-,-,-,-,-,-,-,-,-,-,-,0
-,0.0,NC,-,-,0.0,NC,-,-,-,-,-,-,-,-,-,-,-,-,-,-,-,-,0
-,0.0,NC,S436,-,0.0,NC,-,-,-,-,-,-,-,-,-,-,-,-,-,-,-,C-ter,0
-,0.0,NC,V437,V,0.680952380952381,NC,-,-,-,-,-,-,-,-,-,-,-,-,-,-,-,C-ter,0
-,0.0,NC,I438,I,0.631578947368421,NC,-,-,-,-,-,-,-,-,-,-,-,-,-,-,-,C-ter,0
-,0.0,NC,-,-,0.0,NC,-,-,-,-,-,-,-,-,-,-,-,-,-,-,-,-,0
