sp|P43220|GLP1R_HUMAN,sp|P43220|GLP1R_HUMAN,100.000,463,0,0,1,463,1,463,0.0,955,P43220,Glucagon-like peptide 1 receptor OS=Homo sapiens OX=9606 GN=GLP1R PE=1 SV=2
sp|P43220|GLP1R_HUMAN,tr|H2QSY0|H2QSY0_PANTR,99.568,463,2,0,1,463,1,463,0.0,950,H2QSY0,GLP1R isoform 1 OS=Pan troglodytes OX=9598 GN=GLP1R PE=3 SV=1
sp|P43220|GLP1R_HUMAN,tr|G3RF24|G3RF24_GORGO,98.920,463,5,0,1,463,1,463,0.0,945,G3RF24,Glucagon like peptide 1 receptor OS=Gorilla gorilla gorilla OX=9595 PE=3 SV=2
sp|P43220|GLP1R_HUMAN,tr|A0A2K6BF82|A0A2K6BF82_MACNE,98.056,463,9,0,1,463,1,463,0.0,939,A0A2K6BF82,Glucagon like peptide 1 receptor OS=Macaca nemestrina OX=9545 GN=GLP1R PE=3 SV=1
sp|P43220|GLP1R_HUMAN,tr|H2PIX8|H2PIX8_PONAB,98.272,463,8,0,1,463,1,463,0.0,939,H2PIX8,GLP1R isoform 1 OS=Pongo abelii OX=9601 GN=GLP1R PE=3 SV=1
sp|P43220|GLP1R_HUMAN,tr|A0A2K5ZYN4|A0A2K5ZYN4_MANLE,98.272,463,8,0,1,463,1,463,0.0,938,A0A2K5ZYN4,Glucagon like peptide 1 receptor OS=Mandrillus leucophaeus OX=9568 GN=GLP1R PE=3 SV=1
sp|P43220|GLP1R_HUMAN,tr|A0A2K5P7D9|A0A2K5P7D9_CERAT,98.056,463,9,0,1,463,1,463,0.0,937,A0A2K5P7D9,Glucagon like peptide 1 receptor OS=Cercocebus atys OX=9531 GN=GLP1R PE=3 SV=1
sp|P43220|GLP1R_HUMAN,tr|A0A096NHY6|A0A096NHY6_PAPAN,98.056,463,9,0,1,463,1,463,0.0,937,A0A096NHY6,Glucagon like peptide 1 receptor OS=Papio anubis OX=9555 GN=GLP1R PE=3 SV=2
sp|P43220|GLP1R_HUMAN,tr|A0A0D9REZ4|A0A0D9REZ4_CHLSB,97.845,464,9,1,1,463,1,464,0.0,933,A0A0D9REZ4,Glucagon like peptide 1 receptor OS=Chlorocebus sabaeus OX=60711 GN=GLP1R PE=3 SV=1
sp|P43220|GLP1R_HUMAN,tr|A0A2R9AQ36|A0A2R9AQ36_PANPA,99.320,441,3,0,23,463,28,468,0.0,904,A0A2R9AQ36,Glucagon like peptide 1 receptor OS=Pan paniscus OX=9597 GN=GLP1R PE=3 SV=1
sp|P43220|GLP1R_HUMAN,tr|G7P3E0|G7P3E0_MACFA,98.405,439,7,0,25,463,5,443,0.0,895,G7P3E0,Uncharacterized protein OS=Macaca fascicularis OX=9541 GN=EGM_13564 PE=3 SV=1
sp|P43220|GLP1R_HUMAN,tr|A0A2I3HAI5|A0A2I3HAI5_NOMLE,92.949,468,21,3,1,463,2,462,0.0,882,A0A2I3HAI5,Glucagon like peptide 1 receptor OS=Nomascus leucogenys OX=61853 GN=GLP1R PE=3 SV=1
sp|P43220|GLP1R_HUMAN,tr|A0A3Q0CKL8|A0A3Q0CKL8_MESAU,93.952,463,28,0,1,463,1,463,0.0,881,A0A3Q0CKL8,glucagon-like peptide 1 receptor OS=Mesocricetus auratus OX=10036 GN=Glp1r PE=4 SV=1
sp|P43220|GLP1R_HUMAN,tr|H0WM87|H0WM87_OTOGA,94.384,463,26,0,1,463,1,463,0.0,872,H0WM87,Glucagon like peptide 1 receptor OS=Otolemur garnettii OX=30611 GN=GLP1R PE=3 SV=1
sp|P43220|GLP1R_HUMAN,tr|G3SU22|G3SU22_LOXAF,91.164,464,40,1,1,463,1,464,0.0,870,G3SU22,Glucagon like peptide 1 receptor OS=Loxodonta africana OX=9785 GN=GLP1R PE=3 SV=1
sp|P43220|GLP1R_HUMAN,tr|G1SGD4|G1SGD4_RABIT,92.225,463,35,1,1,463,1,462,0.0,865,G1SGD4,Glucagon like peptide 1 receptor OS=Oryctolagus cuniculus OX=9986 GN=GLP1R PE=1 SV=2
sp|P43220|GLP1R_HUMAN,tr|F1RVR1|F1RVR1_PIG,93.089,463,32,0,1,463,1,463,0.0,864,F1RVR1,Glucagon-like peptide-1 receptor OS=Sus scrofa OX=9823 GN=GLP1R PE=2 SV=2
sp|P43220|GLP1R_HUMAN,tr|H0VTD3|H0VTD3_CAVPO,93.080,448,31,0,16,463,16,463,0.0,863,H0VTD3,Glucagon like peptide 1 receptor OS=Cavia porcellus OX=10141 GN=GLP1R PE=3 SV=2
sp|P43220|GLP1R_HUMAN,sp|O35659|GLP1R_MOUSE,92.009,463,37,0,1,463,1,463,0.0,858,O35659,Glucagon-like peptide 1 receptor OS=Mus musculus OX=10090 GN=Glp1r PE=1 SV=2
sp|P43220|GLP1R_HUMAN,sp|P32301|GLP1R_RAT,90.713,463,43,0,1,463,1,463,0.0,856,P32301,Glucagon-like peptide 1 receptor OS=Rattus norvegicus OX=10116 GN=Glp1r PE=2 SV=1
sp|P43220|GLP1R_HUMAN,tr|I3M889|I3M889_ICTTR,93.891,442,26,1,23,463,32,473,0.0,855,I3M889,Glucagon like peptide 1 receptor OS=Ictidomys tridecemlineatus OX=43179 GN=GLP1R PE=3 SV=2
sp|P43220|GLP1R_HUMAN,tr|A0A091D9Q2|A0A091D9Q2_FUKDA,93.166,439,30,0,25,463,357,795,0.0,854,A0A091D9Q2,Glucagon-like peptide 1 receptor OS=Fukomys damarensis OX=885580 GN=H920_11621 PE=3 SV=1
sp|P43220|GLP1R_HUMAN,tr|A0A2Y9SK94|A0A2Y9SK94_PHYCD,91.793,463,38,0,1,463,1,463,0.0,853,A0A2Y9SK94,glucagon-like peptide 1 receptor OS=Physeter catodon OX=9755 GN=GLP1R PE=3 SV=1
sp|P43220|GLP1R_HUMAN,tr|A0A2Y9R5V5|A0A2Y9R5V5_TRIMA,93.483,445,26,1,22,463,18,462,0.0,852,A0A2Y9R5V5,glucagon-like peptide 1 receptor OS=Trichechus manatus latirostris OX=127582 GN=LOC101354433 PE=3 SV=1
sp|P43220|GLP1R_HUMAN,tr|A0A2Y9NX78|A0A2Y9NX78_DELLE,91.361,463,40,0,1,463,1,463,0.0,852,A0A2Y9NX78,glucagon-like peptide 1 receptor OS=Delphinapterus leucas OX=9749 GN=GLP1R PE=3 SV=1
sp|P43220|GLP1R_HUMAN,tr|A0A2Y9JPL5|A0A2Y9JPL5_ENHLU,90.497,463,44,0,1,463,1,463,0.0,850,A0A2Y9JPL5,glucagon-like peptide 1 receptor OS=Enhydra lutris kenyoni OX=391180 GN=LOC111147798 PE=3 SV=1
sp|P43220|GLP1R_HUMAN,tr|A0A2U3WR40|A0A2U3WR40_ODORO,90.713,463,43,0,1,463,1,463,0.0,850,A0A2U3WR40,glucagon-like peptide 1 receptor OS=Odobenus rosmarus divergens OX=9708 GN=GLP1R PE=3 SV=1
sp|P43220|GLP1R_HUMAN,tr|M3W5V1|M3W5V1_FELCA,92.857,448,32,0,1,448,1,448,0.0,846,M3W5V1,Glucagon like peptide 1 receptor OS=Felis catus OX=9685 GN=GLP1R PE=3 SV=3
sp|P43220|GLP1R_HUMAN,tr|G3HLD4|G3HLD4_CRIGR,92.906,437,31,0,27,463,1,437,0.0,845,G3HLD4,Glucagon-like peptide 1 receptor (Fragment) OS=Cricetulus griseus OX=10029 GN=I79_011522 PE=3 SV=1
sp|P43220|GLP1R_HUMAN,tr|G5B9F2|G5B9F2_HETGA,92.045,440,35,0,24,463,2,441,0.0,841,G5B9F2,Glucagon-like peptide 1 receptor OS=Heterocephalus glaber OX=10181 GN=GW7_08994 PE=3 SV=1
sp|P43220|GLP1R_HUMAN,tr|F7I191|F7I191_CALJA,91.577,463,31,1,1,463,1,455,0.0,837,F7I191,Glucagon like peptide 1 receptor OS=Callithrix jacchus OX=9483 GN=GLP1R PE=3 SV=2
sp|P43220|GLP1R_HUMAN,tr|A0A1S2ZDW7|A0A1S2ZDW7_ERIEU,90.281,463,35,1,1,463,1,453,0.0,836,A0A1S2ZDW7,glucagon-like peptide 1 receptor OS=Erinaceus europaeus OX=9365 GN=GLP1R PE=3 SV=1
sp|P43220|GLP1R_HUMAN,tr|L5JQE1|L5JQE1_PTEAL,91.781,438,36,0,26,463,9,446,0.0,834,L5JQE1,Glucagon-like peptide 1 receptor OS=Pteropus alecto OX=9402 GN=PAL_GLEAN10025472 PE=3 SV=1
sp|P43220|GLP1R_HUMAN,tr|W5Q4G0|W5Q4G0_SHEEP,90.703,441,39,2,25,463,22,462,0.0,832,W5Q4G0,Glucagon like peptide 1 receptor OS=Ovis aries OX=9940 GN=GLP1R PE=3 SV=1
sp|P43220|GLP1R_HUMAN,tr|E1BHF7|E1BHF7_BOVIN,90.703,441,39,2,25,463,25,465,0.0,831,E1BHF7,Glucagon like peptide 1 receptor OS=Bos taurus OX=9913 GN=GLP1R PE=3 SV=1
sp|P43220|GLP1R_HUMAN,tr|A0A384BEE1|A0A384BEE1_BALAS,91.096,438,39,0,26,463,9,446,0.0,825,A0A384BEE1,glucagon-like peptide 1 receptor OS=Balaenoptera acutorostrata scammoni OX=310752 GN=GLP1R PE=3 SV=1
sp|P43220|GLP1R_HUMAN,tr|M3YQU3|M3YQU3_MUSPF,91.344,439,37,1,26,463,1,439,0.0,825,M3YQU3,Glucagon like peptide 1 receptor OS=Mustela putorius furo OX=9669 GN=GLP1R PE=3 SV=1
sp|P43220|GLP1R_HUMAN,tr|F6WQ12|F6WQ12_HORSE,90.639,438,41,0,26,463,1,438,0.0,822,F6WQ12,Glucagon like peptide 1 receptor OS=Equus caballus OX=9796 GN=GLP1R PE=3 SV=1
sp|P43220|GLP1R_HUMAN,tr|J9JHK2|J9JHK2_CANLF,90.618,437,41,0,27,463,97,533,0.0,822,J9JHK2,Glucagon like peptide 1 receptor OS=Canis lupus familiaris OX=9615 GN=GLP1R PE=3 SV=1
sp|P43220|GLP1R_HUMAN,tr|A0A384DNG6|A0A384DNG6_URSMA,88.565,446,45,3,19,463,55,495,0.0,805,A0A384DNG6,glucagon-like peptide 1 receptor OS=Ursus maritimus OX=29073 GN=GLP1R PE=3 SV=1
sp|P43220|GLP1R_HUMAN,tr|G1M570|G1M570_AILME,90.187,428,41,1,25,451,1,428,0.0,796,G1M570,Uncharacterized protein OS=Ailuropoda melanoleuca OX=9646 PE=3 SV=1
sp|P43220|GLP1R_HUMAN,tr|F7E3K6|F7E3K6_MACMU,86.724,467,51,3,1,463,1,460,0.0,795,F7E3K6,Glucagon like peptide 1 receptor OS=Macaca mulatta OX=9544 GN=GLP1R PE=3 SV=2
sp|P43220|GLP1R_HUMAN,tr|F6ZL39|F6ZL39_MONDO,81.466,464,85,1,1,463,1,464,0.0,756,F6ZL39,Glucagon like peptide 1 receptor OS=Monodelphis domestica OX=13616 GN=GLP1R PE=3 SV=1
sp|P43220|GLP1R_HUMAN,tr|U3K8W3|U3K8W3_FICAL,76.718,451,101,2,14,463,13,460,0.0,711,U3K8W3,Glucagon like peptide 1 receptor OS=Ficedula albicollis OX=59894 GN=GLP1R PE=3 SV=1
sp|P43220|GLP1R_HUMAN,tr|A0A093T2M1|A0A093T2M1_9PASS,78.132,439,92,2,26,463,1,436,0.0,710,A0A093T2M1,Glucagon-like peptide 1 receptor (Fragment) OS=Manacus vitellinus OX=328815 GN=N305_05982 PE=3 SV=1
sp|P43220|GLP1R_HUMAN,tr|A0A099ZMC2|A0A099ZMC2_TINGU,78.815,439,89,2,26,463,1,436,0.0,708,A0A099ZMC2,Glucagon-like peptide 1 receptor (Fragment) OS=Tinamus guttatus OX=94827 GN=N309_15385 PE=3 SV=1
sp|P43220|GLP1R_HUMAN,tr|A0A091VZI1|A0A091VZI1_NIPNI,78.132,439,92,2,26,463,1,436,0.0,705,A0A091VZI1,Glucagon-like peptide 1 receptor (Fragment) OS=Nipponia nippon OX=128390 GN=Y956_09363 PE=3 SV=1
sp|P43220|GLP1R_HUMAN,tr|A0A0A0A6K1|A0A0A0A6K1_CHAVO,78.132,439,92,2,26,463,1,436,0.0,705,A0A0A0A6K1,Glucagon-like peptide 1 receptor (Fragment) OS=Charadrius vociferus OX=50402 GN=N301_13751 PE=3 SV=1
sp|P43220|GLP1R_HUMAN,tr|B4ZY91|B4ZY91_CHICK,78.571,434,89,2,31,463,29,459,0.0,704,B4ZY91,Glucagon-like peptide 1 receptor OS=Gallus gallus OX=9031 GN=GLP-1R PE=2 SV=1
sp|P43220|GLP1R_HUMAN,tr|A0A091WYS1|A0A091WYS1_OPIHO,77.677,439,94,2,26,463,1,436,0.0,704,A0A091WYS1,Glucagon-like peptide 1 receptor (Fragment) OS=Opisthocomus hoazin OX=30419 GN=N306_02408 PE=3 SV=1
sp|P43220|GLP1R_HUMAN,tr|H0ZBN2|H0ZBN2_TAEGU,78.802,434,88,2,31,463,1,431,0.0,704,H0ZBN2,Glucagon like peptide 1 receptor OS=Taeniopygia guttata OX=59729 GN=GLP1R PE=3 SV=1
sp|P43220|GLP1R_HUMAN,tr|G1NDT0|G1NDT0_MELGA,77.677,439,94,2,26,463,1,436,0.0,704,G1NDT0,Glucagon like peptide 1 receptor OS=Meleagris gallopavo OX=9103 GN=GLP1R PE=3 SV=2
sp|P43220|GLP1R_HUMAN,tr|A0A093IB47|A0A093IB47_DRYPU,77.677,439,94,2,26,463,1,436,0.0,702,A0A093IB47,Glucagon-like peptide 1 receptor (Fragment) OS=Dryobates pubescens OX=118200 GN=N307_10292 PE=3 SV=1
sp|P43220|GLP1R_HUMAN,tr|K7FB39|K7FB39_PELSI,77.677,439,94,2,26,463,14,449,0.0,702,K7FB39,Glucagon like peptide 1 receptor OS=Pelodiscus sinensis OX=13735 GN=GLP1R PE=3 SV=1
sp|P43220|GLP1R_HUMAN,tr|A0A087RAP5|A0A087RAP5_APTFO,77.904,439,93,2,26,463,1,436,0.0,700,A0A087RAP5,Glucagon-like peptide 1 receptor (Fragment) OS=Aptenodytes forsteri OX=9233 GN=AS27_08596 PE=3 SV=1
sp|P43220|GLP1R_HUMAN,tr|A0A091ILM2|A0A091ILM2_EGRGA,77.449,439,95,2,26,463,1,436,0.0,699,A0A091ILM2,Glucagon-like peptide 1 receptor (Fragment) OS=Egretta garzetta OX=188379 GN=Z169_04027 PE=3 SV=1
sp|P43220|GLP1R_HUMAN,tr|A0A151P334|A0A151P334_ALLMI,77.221,439,96,2,26,463,3,438,0.0,699,A0A151P334,Glucagon-like peptide 1 receptor OS=Alligator mississippiensis OX=8496 GN=GLP1R PE=3 SV=1
sp|P43220|GLP1R_HUMAN,tr|A0A2I0MAF4|A0A2I0MAF4_COLLI,78.322,429,89,2,36,463,1,426,0.0,698,A0A2I0MAF4,Glucagon-like peptide 1 receptor OS=Columba livia OX=8932 GN=GLP1R PE=3 SV=1
sp|P43220|GLP1R_HUMAN,tr|A0A1V4JJS4|A0A1V4JJS4_PATFA,70.816,490,108,3,6,463,8,494,0.0,697,A0A1V4JJS4,Glucagon-like peptide 1 receptor isoform B OS=Patagioenas fasciata monilis OX=372326 GN=GLP1R PE=3 SV=1
sp|P43220|GLP1R_HUMAN,tr|A0A091GX48|A0A091GX48_9AVES,76.993,439,97,2,26,463,1,436,0.0,697,A0A091GX48,Glucagon-like peptide 1 receptor (Fragment) OS=Cuculus canorus OX=55661 GN=N303_04563 PE=3 SV=1
sp|P43220|GLP1R_HUMAN,tr|A0A2U3Z782|A0A2U3Z782_LEPWE,91.826,367,30,0,97,463,2,368,0.0,696,A0A2U3Z782,glucagon-like peptide 1 receptor-like OS=Leptonychotes weddellii OX=9713 GN=LOC102748835 PE=3 SV=1
sp|P43220|GLP1R_HUMAN,tr|A0A091F4N8|A0A091F4N8_CORBR,77.221,439,94,3,26,463,1,434,0.0,688,A0A091F4N8,Glucagon-like peptide 1 receptor (Fragment) OS=Corvus brachyrhynchos OX=85066 GN=N302_04574 PE=3 SV=1
sp|P43220|GLP1R_HUMAN,tr|U3IBL2|U3IBL2_ANAPL,77.726,431,94,2,26,454,1,431,0.0,687,U3IBL2,Glucagon like peptide 1 receptor OS=Anas platyrhynchos OX=8839 GN=GLP1R PE=3 SV=1
sp|P43220|GLP1R_HUMAN,tr|A0A091I0X9|A0A091I0X9_CALAN,76.310,439,93,3,26,463,1,429,0.0,682,A0A091I0X9,Glucagon-like peptide 1 receptor (Fragment) OS=Calypte anna OX=9244 GN=N300_12181 PE=3 SV=1
sp|P43220|GLP1R_HUMAN,tr|A0A3Q0G1T8|A0A3Q0G1T8_ALLSI,73.991,446,110,4,21,463,3,445,0.0,667,A0A3Q0G1T8,LOW QUALITY PROTEIN: glucagon-like peptide 1 receptor OS=Alligator sinensis OX=38654 GN=GLP1R PE=4 SV=1
sp|P43220|GLP1R_HUMAN,tr|A0A1L8G0Z9|A0A1L8G0Z9_XENLA,72.120,434,119,1,20,453,18,449,0.0,653,A0A1L8G0Z9,Uncharacterized protein OS=Xenopus laevis OX=8355 GN=XELAEV_18028575mg PE=3 SV=1
sp|P43220|GLP1R_HUMAN,tr|A0A1L8G6V7|A0A1L8G6V7_XENLA,73.131,428,113,1,26,453,27,452,0.0,650,A0A1L8G6V7,Uncharacterized protein OS=Xenopus laevis OX=8355 GN=XELAEV_18026368mg PE=3 SV=1
sp|P43220|GLP1R_HUMAN,tr|G1KA26|G1KA26_ANOCA,70.065,461,131,3,5,461,5,462,0.0,643,G1KA26,Glucagon like peptide 1 receptor OS=Anolis carolinensis OX=28377 GN=GLP1R PE=3 SV=1
sp|P43220|GLP1R_HUMAN,tr|F6RAT4|F6RAT4_ORNAN,71.239,452,109,5,22,463,1,441,0.0,632,F6RAT4,Glucagon like peptide 1 receptor OS=Ornithorhynchus anatinus OX=9258 GN=GLP1R PE=3 SV=1
sp|P43220|GLP1R_HUMAN,tr|G1PAK1|G1PAK1_MYOLU,71.302,453,118,7,23,463,1,453,0.0,614,G1PAK1,Glucagon like peptide 1 receptor OS=Myotis lucifugus OX=59463 GN=GLP1R PE=3 SV=1
sp|P43220|GLP1R_HUMAN,tr|A0A226NE26|A0A226NE26_CALSU,80.759,369,68,1,95,463,10,375,0.0,611,A0A226NE26,Uncharacterized protein OS=Callipepla squamata OX=9009 GN=ASZ78_008862 PE=3 SV=1
sp|P43220|GLP1R_HUMAN,tr|A0A226PA54|A0A226PA54_COLVI,80.926,367,67,1,97,463,2,365,0.0,610,A0A226PA54,Uncharacterized protein OS=Colinus virginianus OX=9014 GN=H355_014505 PE=3 SV=1
sp|P43220|GLP1R_HUMAN,tr|A0A0Q3TAA2|A0A0Q3TAA2_AMAAE,80.165,363,69,1,94,456,41,400,0.0,595,A0A0Q3TAA2,Glucagon-like peptide 1 receptor OS=Amazona aestiva OX=12930 GN=AAES_126129 PE=3 SV=1
sp|P43220|GLP1R_HUMAN,tr|A0A3Q0EBD1|A0A3Q0EBD1_TARSY,92.157,306,24,0,158,463,181,486,0.0,582,A0A3Q0EBD1,glucagon-like peptide 1 receptor OS=Tarsius syrichta OX=1868482 GN=GLP1R PE=4 SV=1
sp|P43220|GLP1R_HUMAN,tr|F6S757|F6S757_XENTR,68.975,361,109,2,94,453,1,359,0.0,520,F6S757,Glucagon like peptide 1 receptor OS=Xenopus tropicalis OX=8364 PE=3 SV=1
sp|P43220|GLP1R_HUMAN,tr|A0A2U4CI94|A0A2U4CI94_TURTR,88.511,235,27,0,92,326,93,327,4.23e-147,433,A0A2U4CI94,glucagon-like peptide 1 receptor OS=Tursiops truncatus OX=9739 GN=GLP1R PE=3 SV=1
sp|P43220|GLP1R_HUMAN,tr|C0J3M4|C0J3M4_CHICK,50.930,430,198,6,1,424,1,423,2.27e-141,418,C0J3M4,Glucagon receptor-like protein OS=Gallus gallus OX=9031 GN=LOC772096 PE=2 SV=1
sp|P43220|GLP1R_HUMAN,tr|U3JP90|U3JP90_FICAL,49.649,427,208,6,1,424,4,426,7.18e-140,415,U3JP90,Uncharacterized protein OS=Ficedula albicollis OX=59894 PE=3 SV=1
sp|P43220|GLP1R_HUMAN,tr|A0A1V4KT83|A0A1V4KT83_PATFA,51.365,403,191,4,25,424,26,426,1.24e-139,414,A0A1V4KT83,Glucagon receptor OS=Patagioenas fasciata monilis OX=372326 GN=AV530_001092 PE=3 SV=1
sp|P43220|GLP1R_HUMAN,tr|A0A0Q3MNG3|A0A0Q3MNG3_AMAAE,51.990,402,188,4,26,424,52,451,6.35e-139,413,A0A0Q3MNG3,Glucagon receptor-like protein OS=Amazona aestiva OX=12930 GN=AAES_52716 PE=3 SV=1
sp|P43220|GLP1R_HUMAN,tr|H3D5K6|H3D5K6_TETNG,50.000,426,209,4,30,452,1,425,9.35e-139,412,H3D5K6,Uncharacterized protein OS=Tetraodon nigroviridis OX=99883 PE=3 SV=1
sp|P43220|GLP1R_HUMAN,tr|A0A2I0LP26|A0A2I0LP26_COLLI,51.365,403,191,4,25,424,26,426,1.04e-138,412,A0A2I0LP26,Glucagon receptor OS=Columba livia OX=8932 GN=A306_00012518 PE=3 SV=1
sp|P43220|GLP1R_HUMAN,tr|A0A151N6I1|A0A151N6I1_ALLMI,51.768,396,181,5,34,424,72,462,1.04e-137,410,A0A151N6I1,Gastric inhibitory polypeptide receptor OS=Alligator mississippiensis OX=8496 GN=GIPR PE=3 SV=1
sp|P43220|GLP1R_HUMAN,tr|A0A1S3RC43|A0A1S3RC43_SALSA,52.538,394,171,5,36,422,29,413,9.94e-137,411,A0A1S3RC43,glucagon receptor-like OS=Salmo salar OX=8030 GN=LOC106602019 PE=3 SV=1
sp|P43220|GLP1R_HUMAN,tr|H3B352|H3B352_LATCH,50.966,414,195,4,39,449,1,409,1.28e-136,405,H3B352,Uncharacterized protein OS=Latimeria chalumnae OX=7897 PE=3 SV=1
sp|P43220|GLP1R_HUMAN,tr|B7ZSD5|B7ZSD5_XENLA,52.699,389,174,5,38,422,31,413,3.15e-136,407,B7ZSD5,Glucagon receptor OS=Xenopus laevis OX=8355 GN=gcgrp-A PE=2 SV=1
sp|P43220|GLP1R_HUMAN,tr|A0A1U7SLM7|A0A1U7SLM7_ALLSI,51.269,394,187,4,34,424,140,531,6.89e-136,408,A0A1U7SLM7,glucagon receptor-like OS=Alligator sinensis OX=38654 GN=LOC102381952 PE=3 SV=2
sp|P43220|GLP1R_HUMAN,tr|A0A091F219|A0A091F219_CORBR,52.688,372,172,3,56,424,2,372,2.46e-135,401,A0A091F219,Glucagon receptor (Fragment) OS=Corvus brachyrhynchos OX=85066 GN=N302_12953 PE=3 SV=1
sp|P43220|GLP1R_HUMAN,tr|W5KKH7|W5KKH7_ASTMX,51.399,393,181,4,31,422,4,387,2.53e-134,403,W5KKH7,Glucagon receptor b OS=Astyanax mexicanus OX=7994 PE=3 SV=2
sp|P43220|GLP1R_HUMAN,tr|A0A226MY85|A0A226MY85_CALSU,51.559,417,187,6,1,410,1,409,7.30e-134,401,A0A226MY85,Uncharacterized protein OS=Callipepla squamata OX=9009 GN=ASZ78_000963 PE=3 SV=1
sp|P43220|GLP1R_HUMAN,tr|W5N950|W5N950_LEPOC,52.882,399,181,5,28,422,21,416,8.29e-134,402,W5N950,Glucagon receptor a OS=Lepisosteus oculatus OX=7918 PE=3 SV=1
sp|P43220|GLP1R_HUMAN,tr|A0A226P366|A0A226P366_COLVI,51.559,417,187,6,1,410,1,409,9.07e-134,400,A0A226P366,Uncharacterized protein OS=Colinus virginianus OX=9014 GN=H355_001858 PE=3 SV=1
sp|P43220|GLP1R_HUMAN,tr|G3P8K2|G3P8K2_GASAC,51.106,407,171,6,31,422,24,417,1.17e-133,402,G3P8K2,Glucagon receptor a OS=Gasterosteus aculeatus OX=69293 PE=3 SV=1
sp|P43220|GLP1R_HUMAN,tr|H3AGG3|H3AGG3_LATCH,49.573,468,212,9,1,460,1,452,2.86e-133,401,H3AGG3,Gastric inhibitory polypeptide receptor OS=Latimeria chalumnae OX=7897 GN=GIPR PE=3 SV=1
sp|P43220|GLP1R_HUMAN,tr|I3J0U5|I3J0U5_ORENI,51.456,412,171,7,27,422,20,418,6.84e-133,400,I3J0U5,Glucagon receptor a OS=Oreochromis niloticus OX=8128 GN=gcgr PE=3 SV=1
sp|P43220|GLP1R_HUMAN,tr|H3B540|H3B540_LATCH,54.271,398,177,4,28,422,29,424,8.45e-133,399,H3B540,Glucagon receptor OS=Latimeria chalumnae OX=7897 GN=GCGR PE=3 SV=2
sp|P43220|GLP1R_HUMAN,tr|A0A3B3HYZ9|A0A3B3HYZ9_ORYLA,51.843,407,158,7,37,422,30,419,1.02e-132,400,A0A3B3HYZ9,Glucagon receptor a OS=Oryzias latipes OX=8090 GN=gcgr PE=3 SV=1
sp|P43220|GLP1R_HUMAN,tr|A0A0D9S4L9|A0A0D9S4L9_CHLSB,48.000,450,209,9,24,456,20,461,1.30e-131,395,A0A0D9S4L9,Glucagon receptor OS=Chlorocebus sabaeus OX=60711 GN=GCGR PE=3 SV=1
sp|P43220|GLP1R_HUMAN,tr|H9GFA6|H9GFA6_ANOCA,50.886,395,182,6,34,422,34,422,2.17e-131,393,H9GFA6,Uncharacterized protein OS=Anolis carolinensis OX=28377 GN=LOC100556423 PE=3 SV=1
sp|P43220|GLP1R_HUMAN,tr|W5KSS3|W5KSS3_ASTMX,51.591,440,197,6,27,462,23,450,3.06e-131,396,W5KSS3,Gastric inhibitory polypeptide receptor OS=Astyanax mexicanus OX=7994 PE=3 SV=1
sp|P43220|GLP1R_HUMAN,tr|A0A2U9CQW6|A0A2U9CQW6_SCOMX,51.942,412,165,8,30,422,19,416,5.91e-131,395,A0A2U9CQW6,Putative glucagon receptor-like OS=Scophthalmus maximus OX=52904 GN=SMAX5B_020902 PE=3 SV=1
sp|P43220|GLP1R_HUMAN,tr|A0A1S3NQC3|A0A1S3NQC3_SALSA,51.142,438,203,5,28,462,21,450,1.43e-130,394,A0A1S3NQC3,glucagon receptor-like isoform X1 OS=Salmo salar OX=8030 GN=LOC106580753 PE=3 SV=1
sp|P43220|GLP1R_HUMAN,tr|A0A2K5N5W0|A0A2K5N5W0_CERAT,47.228,451,211,9,24,456,20,461,4.01e-130,392,A0A2K5N5W0,Glucagon receptor OS=Cercocebus atys OX=9531 GN=GCGR PE=3 SV=1
sp|P43220|GLP1R_HUMAN,tr|G3GX77|G3GX77_CRIGR,49.647,425,190,7,37,452,35,444,6.01e-130,391,G3GX77,Glucagon receptor OS=Cricetulus griseus OX=10029 GN=I79_002392 PE=3 SV=1
sp|P43220|GLP1R_HUMAN,tr|A0A2K6E9G1|A0A2K6E9G1_MACNE,47.450,451,210,9,24,456,20,461,7.21e-130,391,A0A2K6E9G1,Glucagon receptor OS=Macaca nemestrina OX=9545 GN=GCGR PE=3 SV=1
sp|P43220|GLP1R_HUMAN,tr|A0A2Y9DGE9|A0A2Y9DGE9_TRIMA,50.246,406,192,6,24,423,21,422,7.41e-130,391,A0A2Y9DGE9,glucagon receptor OS=Trichechus manatus latirostris OX=127582 GN=LOC101342398 PE=3 SV=1
sp|P43220|GLP1R_HUMAN,tr|A0A2K5ZFH3|A0A2K5ZFH3_MANLE,47.228,451,211,9,24,456,20,461,7.69e-130,391,A0A2K5ZFH3,Glucagon receptor OS=Mandrillus leucophaeus OX=9568 GN=GCGR PE=3 SV=1
sp|P43220|GLP1R_HUMAN,tr|A0A087YD24|A0A087YD24_POEFO,49.373,399,197,4,27,421,22,419,1.29e-129,388,A0A087YD24,Uncharacterized protein OS=Poecilia formosa OX=48698 PE=3 SV=2
sp|P43220|GLP1R_HUMAN,tr|A0A2I4CKW1|A0A2I4CKW1_9TELE,51.122,401,166,7,37,422,30,415,1.60e-129,391,A0A2I4CKW1,glucagon receptor OS=Austrofundulus limnaeus OX=52670 GN=gcgr PE=3 SV=1
sp|P43220|GLP1R_HUMAN,tr|G3P333|G3P333_GASAC,49.118,397,190,6,32,421,27,418,1.69e-129,388,G3P333,Uncharacterized protein (Fragment) OS=Gasterosteus aculeatus OX=69293 PE=3 SV=1
sp|P43220|GLP1R_HUMAN,tr|G7PT51|G7PT51_MACFA,46.980,447,218,8,24,456,20,461,2.32e-129,389,G7PT51,Uncharacterized protein (Fragment) OS=Macaca fascicularis OX=9541 GN=EGM_08276 PE=3 SV=1
sp|P43220|GLP1R_HUMAN,tr|A0A1S3SZ13|A0A1S3SZ13_SALSA,54.271,398,176,4,28,422,19,413,3.74e-129,390,A0A1S3SZ13,glucagon receptor-like OS=Salmo salar OX=8030 GN=LOC106612691 PE=3 SV=1
sp|P43220|GLP1R_HUMAN,tr|A0A218UF66|A0A218UF66_9PASE,46.032,441,188,6,25,424,26,457,7.69e-129,388,A0A218UF66,Glucagon receptor OS=Lonchura striata domestica OX=299123 GN=GCGR_1 PE=3 SV=1
sp|P43220|GLP1R_HUMAN,tr|A0A091ITY0|A0A091ITY0_CALAN,52.480,383,173,5,34,409,4,384,1.00e-128,384,A0A091ITY0,Glucagon receptor (Fragment) OS=Calypte anna OX=9244 GN=N300_13995 PE=3 SV=1
sp|P43220|GLP1R_HUMAN,tr|F6UDH6|F6UDH6_XENTR,46.763,417,208,5,26,439,23,428,1.32e-128,386,F6UDH6,Uncharacterized protein OS=Xenopus tropicalis OX=8364 PE=3 SV=1
sp|P43220|GLP1R_HUMAN,tr|A0A287ABC1|A0A287ABC1_PIG,49.767,430,199,6,37,455,34,457,1.68e-128,387,A0A287ABC1,Glucagon receptor OS=Sus scrofa OX=9823 GN=GCGR PE=3 SV=1
sp|P43220|GLP1R_HUMAN,tr|A0A1L8EYD0|A0A1L8EYD0_XENLA,46.988,415,206,5,28,439,17,420,1.79e-128,385,A0A1L8EYD0,Uncharacterized protein OS=Xenopus laevis OX=8355 GN=XELAEV_18045441mg PE=3 SV=1
sp|P43220|GLP1R_HUMAN,tr|G1RH24|G1RH24_NOMLE,47.345,452,209,9,24,456,20,461,2.58e-128,387,G1RH24,Glucagon receptor OS=Nomascus leucogenys OX=61853 GN=GCGR PE=3 SV=1
sp|P43220|GLP1R_HUMAN,tr|G1KKF1|G1KKF1_ANOCA,50.995,402,188,5,26,422,18,415,2.59e-128,387,G1KKF1,Glucagon receptor OS=Anolis carolinensis OX=28377 GN=GCGR PE=3 SV=1
sp|P43220|GLP1R_HUMAN,tr|A0A091FQH8|A0A091FQH8_9AVES,51.948,385,174,5,34,409,4,386,4.10e-128,384,A0A091FQH8,Glucagon receptor (Fragment) OS=Cuculus canorus OX=55661 GN=N303_04380 PE=3 SV=1
sp|P43220|GLP1R_HUMAN,tr|A0A0P7W0V5|A0A0P7W0V5_9TELE,49.539,434,193,8,31,451,6,426,5.10e-128,386,A0A0P7W0V5,Glucagon receptor-like (Fragment) OS=Scleropages formosus OX=113540 GN=Z043_100352 PE=3 SV=1
sp|P43220|GLP1R_HUMAN,tr|A0A2Y9FKI9|A0A2Y9FKI9_PHYCD,47.661,449,221,8,24,463,20,463,5.11e-128,386,A0A2Y9FKI9,glucagon receptor OS=Physeter catodon OX=9755 GN=GCGR PE=3 SV=1
sp|P43220|GLP1R_HUMAN,tr|A0A1S3NGW0|A0A1S3NGW0_SALSA,50.000,398,189,7,32,423,29,422,1.56e-127,383,A0A1S3NGW0,glucagon receptor-like OS=Salmo salar OX=8030 GN=LOC106579376 PE=3 SV=1
sp|P43220|GLP1R_HUMAN,tr|A0A2U3YHV1|A0A2U3YHV1_LEPWE,49.770,434,195,8,37,454,33,459,1.88e-127,384,A0A2U3YHV1,glucagon receptor OS=Leptonychotes weddellii OX=9713 GN=GCGR PE=3 SV=1
sp|P43220|GLP1R_HUMAN,tr|A0A0Q3PJT1|A0A0Q3PJT1_AMAAE,52.430,391,178,4,36,422,28,414,1.92e-127,385,A0A0Q3PJT1,Glucagon receptor OS=Amazona aestiva OX=12930 GN=AAES_82635 PE=3 SV=1
sp|P43220|GLP1R_HUMAN,tr|A0A093RWY7|A0A093RWY7_9PASS,51.047,382,169,5,56,424,5,381,3.34e-127,380,A0A093RWY7,Glucagon receptor (Fragment) OS=Manacus vitellinus OX=328815 GN=N305_01233 PE=3 SV=1
sp|P43220|GLP1R_HUMAN,tr|E1BKB6|E1BKB6_BOVIN,47.489,438,210,7,37,460,34,465,7.36e-127,383,E1BKB6,Glucagon receptor OS=Bos taurus OX=9913 GN=GCGR PE=3 SV=1
sp|P43220|GLP1R_HUMAN,tr|A0A087QIB9|A0A087QIB9_APTFO,52.316,367,162,4,60,424,8,363,8.08e-127,379,A0A087QIB9,Glucagon receptor (Fragment) OS=Aptenodytes forsteri OX=9233 GN=AS27_07098 PE=3 SV=1
sp|P43220|GLP1R_HUMAN,tr|A0A2Y9KZY3|A0A2Y9KZY3_ENHLU,48.848,434,198,7,37,452,36,463,8.36e-127,383,A0A2Y9KZY3,glucagon receptor OS=Enhydra lutris kenyoni OX=391180 GN=LOC111160412 PE=3 SV=1
sp|P43220|GLP1R_HUMAN,tr|E7FCX8|E7FCX8_DANRE,53.269,413,186,5,12,422,9,416,8.65e-127,384,E7FCX8,Gastric inhibitory polypeptide receptor OS=Danio rerio OX=7955 GN=gipr PE=3 SV=2
sp|P43220|GLP1R_HUMAN,tr|E2R517|E2R517_CANLF,49.173,423,196,8,24,435,19,433,9.77e-127,383,E2R517,Glucagon receptor OS=Canis lupus familiaris OX=9615 GN=GCGR PE=3 SV=2
sp|P43220|GLP1R_HUMAN,tr|F1RCQ6|F1RCQ6_DANRE,51.878,426,178,8,37,444,29,445,3.72e-126,382,F1RCQ6,Glucagon receptor b OS=Danio rerio OX=7955 GN=gcgrb PE=3 SV=2
sp|P43220|GLP1R_HUMAN,sp|Q61606|GLR_MOUSE,48.706,425,190,7,37,450,35,442,4.11e-126,381,Q61606,Glucagon receptor OS=Mus musculus OX=10090 GN=Gcgr PE=2 SV=2
sp|P43220|GLP1R_HUMAN,tr|U3KC43|U3KC43_FICAL,48.019,429,214,5,34,458,65,488,4.25e-126,383,U3KC43,Glucagon receptor OS=Ficedula albicollis OX=59894 GN=GCGR PE=3 SV=1
sp|P43220|GLP1R_HUMAN,tr|M3WND6|M3WND6_FELCA,48.268,433,204,8,24,442,22,448,6.92e-126,381,M3WND6,Glucagon receptor OS=Felis catus OX=9685 GN=GCGR PE=3 SV=3
sp|P43220|GLP1R_HUMAN,tr|H3CYL1|H3CYL1_TETNG,52.062,388,167,6,37,422,30,400,1.52e-125,380,H3CYL1,Glucagon receptor a OS=Tetraodon nigroviridis OX=99883 PE=3 SV=1
sp|P43220|GLP1R_HUMAN,tr|A0A151NY97|A0A151NY97_ALLMI,51.031,388,186,3,37,422,30,415,2.45e-125,380,A0A151NY97,Glucagon receptor OS=Alligator mississippiensis OX=8496 GN=GCGR PE=3 SV=1
sp|P43220|GLP1R_HUMAN,tr|H9KVX4|H9KVX4_CALJA,49.144,409,190,7,24,422,19,419,7.47e-125,378,H9KVX4,Glucagon receptor OS=Callithrix jacchus OX=9483 GN=GCGR PE=3 SV=2
sp|P43220|GLP1R_HUMAN,tr|A0A226PLU6|A0A226PLU6_COLVI,47.489,438,213,6,37,461,29,462,8.46e-125,379,A0A226PLU6,Uncharacterized protein OS=Colinus virginianus OX=9014 GN=H355_005013 PE=3 SV=1
sp|P43220|GLP1R_HUMAN,tr|H2LTR1|H2LTR1_ORYLA,50.660,379,182,4,34,408,32,409,9.00e-125,375,H2LTR1,Uncharacterized protein OS=Oryzias latipes OX=8090 PE=3 SV=2
sp|P43220|GLP1R_HUMAN,tr|H0XI39|H0XI39_OTOGA,51.392,395,175,6,37,422,29,415,9.85e-125,375,H0XI39,Glucagon receptor OS=Otolemur garnettii OX=30611 GN=GCGR PE=3 SV=1
sp|P43220|GLP1R_HUMAN,tr|G5BJ74|G5BJ74_HETGA,50.617,405,186,6,25,421,21,419,9.90e-125,378,G5BJ74,Glucagon receptor OS=Heterocephalus glaber OX=10181 GN=GW7_04089 PE=3 SV=1
sp|P43220|GLP1R_HUMAN,tr|A0A060VV55|A0A060VV55_ONCMY,50.781,384,179,7,32,409,19,398,1.11e-124,376,A0A060VV55,Uncharacterized protein OS=Oncorhynchus mykiss OX=8022 GN=GSONMT00078393001 PE=3 SV=1
sp|P43220|GLP1R_HUMAN,tr|A6N8N7|A6N8N7_CHICK,51.026,390,183,4,37,422,29,414,1.18e-124,378,A6N8N7,Glucagon receptor OS=Gallus gallus OX=9031 GN=GCGR PE=2 SV=1
sp|P43220|GLP1R_HUMAN,tr|H3A1R4|H3A1R4_LATCH,52.446,368,171,3,60,424,2,368,1.49e-124,374,H3A1R4,Uncharacterized protein OS=Latimeria chalumnae OX=7897 GN=LOC102363678 PE=3 SV=1
sp|P43220|GLP1R_HUMAN,tr|A0A2D0PY40|A0A2D0PY40_ICTPU,50.370,405,183,5,27,421,19,415,1.71e-124,378,A0A2D0PY40,glucagon receptor OS=Ictalurus punctatus OX=7998 GN=gcgr PE=3 SV=1
sp|P43220|GLP1R_HUMAN,tr|H2U0Q8|H2U0Q8_TAKRU,51.289,388,166,6,37,422,18,384,2.38e-124,377,H2U0Q8,Glucagon receptor a OS=Takifugu rubripes OX=31033 PE=3 SV=2
sp|P43220|GLP1R_HUMAN,tr|A0A3Q0E5G2|A0A3Q0E5G2_TARSY,50.129,389,188,5,24,408,19,405,5.66e-124,374,A0A3Q0E5G2,glucagon receptor OS=Tarsius syrichta OX=1868482 GN=GCGR PE=4 SV=1
sp|P43220|GLP1R_HUMAN,tr|A0A3B1JPT3|A0A3B1JPT3_ASTMX,50.735,408,179,7,28,422,21,419,6.46e-124,377,A0A3B1JPT3,Glucagon receptor a OS=Astyanax mexicanus OX=7994 PE=3 SV=1
sp|P43220|GLP1R_HUMAN,tr|H0VZQ6|H0VZQ6_CAVPO,46.637,446,215,7,24,452,20,459,6.96e-124,375,H0VZQ6,Glucagon receptor OS=Cavia porcellus OX=10141 GN=GCGR PE=3 SV=1
sp|P43220|GLP1R_HUMAN,tr|A0A1V4J7A3|A0A1V4J7A3_PATFA,50.769,390,184,4,37,422,24,409,7.23e-124,376,A0A1V4J7A3,Glucagon receptor OS=Patagioenas fasciata monilis OX=372326 GN=GCGR PE=3 SV=1
sp|P43220|GLP1R_HUMAN,tr|I3KHY5|I3KHY5_ORENI,51.636,428,174,9,37,453,30,435,8.79e-124,377,I3KHY5,Glucagon receptor b OS=Oreochromis niloticus OX=8128 GN=LOC100692999 PE=3 SV=1
sp|P43220|GLP1R_HUMAN,tr|G3TZT9|G3TZT9_LOXAF,50.250,400,179,7,56,442,1,393,1.29e-123,373,G3TZT9,Glucagon receptor OS=Loxodonta africana OX=9785 GN=GCGR PE=3 SV=1
sp|P43220|GLP1R_HUMAN,sp|P47871|GLR_HUMAN,48.624,436,200,7,37,456,34,461,1.66e-123,374,P47871,Glucagon receptor OS=Homo sapiens OX=9606 GN=GCGR PE=1 SV=1
sp|P43220|GLP1R_HUMAN,tr|F6Q5D8|F6Q5D8_MONDO,49.095,442,194,7,37,453,35,470,2.25e-123,375,F6Q5D8,Glucagon receptor OS=Monodelphis domestica OX=13616 GN=GCGR PE=3 SV=2
sp|P43220|GLP1R_HUMAN,tr|A0A2Y9PQC2|A0A2Y9PQC2_DELLE,45.011,471,218,8,24,456,87,554,2.51e-123,377,A0A2Y9PQC2,glucagon receptor isoform X1 OS=Delphinapterus leucas OX=9749 GN=GCGR PE=3 SV=1
sp|P43220|GLP1R_HUMAN,tr|A0A2U9CN19|A0A2U9CN19_SCOMX,49.132,403,196,6,32,428,29,428,3.72e-123,403,A0A2U9CN19,Putative WD repeat-containing protein 90 OS=Scophthalmus maximus OX=52904 GN=SMAX5B_020202 PE=3 SV=1
sp|P43220|GLP1R_HUMAN,tr|A0A2D0Q6R0|A0A2D0Q6R0_ICTPU,52.381,399,171,7,31,422,21,407,5.76e-123,374,A0A2D0Q6R0,glucagon receptor-like OS=Ictalurus punctatus OX=7998 GN=LOC108258714 PE=3 SV=1
sp|P43220|GLP1R_HUMAN,tr|G1T9K1|G1T9K1_RABIT,48.101,395,195,6,34,424,46,434,6.65e-123,375,G1T9K1,Glucagon like peptide 2 receptor OS=Oryctolagus cuniculus OX=9986 GN=GLP2R PE=3 SV=2
sp|P43220|GLP1R_HUMAN,tr|A0A2U9BR54|A0A2U9BR54_SCOMX,50.328,457,185,10,8,453,6,431,7.23e-123,374,A0A2U9BR54,Putative glucagon receptor-like OS=Scophthalmus maximus OX=52904 GN=SMAX5B_007544 PE=3 SV=1
sp|P43220|GLP1R_HUMAN,tr|I3NFM0|I3NFM0_ICTTR,48.889,405,193,6,24,420,20,418,7.55e-123,373,I3NFM0,Glucagon receptor OS=Ictidomys tridecemlineatus OX=43179 GN=GCGR PE=3 SV=1
sp|P43220|GLP1R_HUMAN,tr|A0A2R9AXT8|A0A2R9AXT8_PANPA,48.165,436,202,7,37,456,34,461,7.75e-123,373,A0A2R9AXT8,Glucagon receptor OS=Pan paniscus OX=9597 GN=GCGR PE=3 SV=1
sp|P43220|GLP1R_HUMAN,tr|H3D488|H3D488_TETNG,51.537,423,178,7,37,451,30,433,1.03e-122,371,H3D488,Uncharacterized protein OS=Tetraodon nigroviridis OX=99883 PE=3 SV=1
sp|P43220|GLP1R_HUMAN,sp|P30082|GLR_RAT,50.000,422,191,7,37,451,35,443,1.05e-122,373,P30082,Glucagon receptor OS=Rattus norvegicus OX=10116 GN=Gcgr PE=1 SV=2
sp|P43220|GLP1R_HUMAN,tr|A0A226N0K0|A0A226N0K0_CALSU,47.260,438,212,7,37,461,29,460,1.28e-122,373,A0A226N0K0,Uncharacterized protein OS=Callipepla squamata OX=9009 GN=ASZ78_013660 PE=3 SV=1
sp|P43220|GLP1R_HUMAN,tr|E7FB43|E7FB43_DANRE,50.248,404,183,5,27,422,20,413,1.80e-122,373,E7FB43,Glucagon receptor a OS=Danio rerio OX=7955 GN=gcgra PE=3 SV=1
sp|P43220|GLP1R_HUMAN,tr|E1B8G5|E1B8G5_BOVIN,45.958,433,213,6,34,463,34,448,2.03e-122,371,E1B8G5,Gastric inhibitory polypeptide receptor OS=Bos taurus OX=9913 GN=GIPR PE=3 SV=1
sp|P43220|GLP1R_HUMAN,tr|M4ADN5|M4ADN5_XIPMA,50.442,452,185,10,37,463,30,467,2.27e-122,374,M4ADN5,Glucagon receptor b OS=Xiphophorus maculatus OX=8083 PE=3 SV=1
sp|P43220|GLP1R_HUMAN,tr|G1N1K7|G1N1K7_MELGA,50.000,390,187,4,37,422,29,414,2.51e-122,372,G1N1K7,Glucagon receptor OS=Meleagris gallopavo OX=9103 GN=GCGR PE=3 SV=1
sp|P43220|GLP1R_HUMAN,tr|A0A2Y9DJY0|A0A2Y9DJY0_TRIMA,49.242,396,192,5,32,424,69,458,2.53e-122,374,A0A2Y9DJY0,glucagon-like peptide 2 receptor OS=Trichechus manatus latirostris OX=127582 GN=LOC101342242 PE=3 SV=1
sp|P43220|GLP1R_HUMAN,tr|G3T6D2|G3T6D2_LOXAF,48.235,425,201,8,6,424,47,458,3.58e-122,374,G3T6D2,Glucagon like peptide 2 receptor OS=Loxodonta africana OX=9785 GN=GLP2R PE=3 SV=1
sp|P43220|GLP1R_HUMAN,tr|A0A218ULL4|A0A218ULL4_9PASE,45.987,461,201,7,34,450,26,482,4.76e-122,372,A0A218ULL4,Glucagon receptor OS=Lonchura striata domestica OX=299123 GN=GCGR_0 PE=3 SV=1
sp|P43220|GLP1R_HUMAN,tr|W5NC52|W5NC52_LEPOC,52.296,392,168,3,31,422,26,398,6.73e-122,371,W5NC52,Gastric inhibitory polypeptide receptor OS=Lepisosteus oculatus OX=7918 PE=3 SV=1
sp|P43220|GLP1R_HUMAN,tr|A0A2I4C9T4|A0A2I4C9T4_9TELE,50.000,446,190,10,37,463,30,461,6.79e-122,372,A0A2I4C9T4,glucagon receptor-like OS=Austrofundulus limnaeus OX=52670 GN=LOC106526660 PE=3 SV=1
sp|P43220|GLP1R_HUMAN,tr|A0A2U3W8F6|A0A2U3W8F6_ODORO,50.000,408,186,6,37,432,416,817,9.83e-122,382,A0A2U3W8F6,LOW QUALITY PROTEIN: glucagon receptor OS=Odobenus rosmarus divergens OX=9708 GN=GCGR PE=3 SV=1
sp|P43220|GLP1R_HUMAN,tr|A0A1U7SJN2|A0A1U7SJN2_ALLSI,50.372,403,192,5,22,422,19,415,1.77e-121,370,A0A1U7SJN2,glucagon receptor OS=Alligator sinensis OX=38654 GN=GCGR PE=3 SV=1
sp|P43220|GLP1R_HUMAN,tr|A0A087YLS0|A0A087YLS0_POEFO,51.168,428,177,9,37,453,30,436,3.87e-121,370,A0A087YLS0,Glucagon receptor b OS=Poecilia formosa OX=48698 PE=3 SV=2
sp|P43220|GLP1R_HUMAN,tr|G3R9V0|G3R9V0_GORGO,48.073,441,198,9,37,456,34,464,5.35e-121,368,G3R9V0,Glucagon receptor OS=Gorilla gorilla gorilla OX=9595 PE=3 SV=2
sp|P43220|GLP1R_HUMAN,tr|A0A384AF31|A0A384AF31_BALAS,46.256,454,213,8,24,452,20,467,5.76e-121,369,A0A384AF31,glucagon receptor isoform X1 OS=Balaenoptera acutorostrata scammoni OX=310752 GN=GCGR PE=3 SV=1
sp|P43220|GLP1R_HUMAN,tr|F7AVX3|F7AVX3_HORSE,46.476,454,226,9,5,451,46,489,9.39e-121,370,F7AVX3,Glucagon like peptide 2 receptor OS=Equus caballus OX=9796 GN=GLP2R PE=3 SV=1
sp|P43220|GLP1R_HUMAN,tr|A0A1S3G876|A0A1S3G876_DIPOR,95.238,189,9,0,275,463,666,854,9.40e-121,379,A0A1S3G876,glucagon-like peptide 1 receptor OS=Dipodomys ordii OX=10020 GN=Glp1r PE=3 SV=1
sp|P43220|GLP1R_HUMAN,tr|A0A1S3G876|A0A1S3G876_DIPOR,84.568,162,19,1,14,169,460,621,1.90e-81,276,A0A1S3G876,glucagon-like peptide 1 receptor OS=Dipodomys ordii OX=10020 GN=Glp1r PE=3 SV=1
sp|P43220|GLP1R_HUMAN,tr|A0A091FW07|A0A091FW07_9AVES,51.892,370,171,2,59,422,4,372,1.38e-120,363,A0A091FW07,Glucagon receptor (Fragment) OS=Cuculus canorus OX=55661 GN=N303_00397 PE=3 SV=1
sp|P43220|GLP1R_HUMAN,tr|H2RC88|H2RC88_PANTR,47.619,441,200,9,37,456,34,464,1.39e-120,367,H2RC88,Glucagon receptor OS=Pan troglodytes OX=9598 GN=GCGR PE=3 SV=2
sp|P43220|GLP1R_HUMAN,tr|A0A093PS28|A0A093PS28_9PASS,52.446,368,168,3,59,422,1,365,1.53e-120,363,A0A093PS28,Glucagon receptor (Fragment) OS=Manacus vitellinus OX=328815 GN=N305_07900 PE=3 SV=1
sp|P43220|GLP1R_HUMAN,tr|A0A1L8EUV9|A0A1L8EUV9_XENLA,46.970,396,207,3,32,425,33,427,1.53e-120,369,A0A1L8EUV9,Uncharacterized protein OS=Xenopus laevis OX=8355 GN=XELAEV_18044220mg PE=3 SV=1
sp|P43220|GLP1R_HUMAN,tr|G3Q4Z3|G3Q4Z3_GASAC,53.500,400,168,6,29,422,22,409,1.64e-120,369,G3Q4Z3,Glucagon receptor b OS=Gasterosteus aculeatus OX=69293 PE=3 SV=1
sp|P43220|GLP1R_HUMAN,tr|A0A091DUE1|A0A091DUE1_FUKDA,50.126,397,184,6,25,413,21,411,1.73e-119,364,A0A091DUE1,Glucagon receptor OS=Fukomys damarensis OX=885580 GN=H920_02938 PE=3 SV=1
sp|P43220|GLP1R_HUMAN,tr|W5Q9S8|W5Q9S8_SHEEP,45.928,442,207,11,37,457,35,465,1.81e-119,364,W5Q9S8,Glucagon receptor OS=Ovis aries OX=9940 GN=GCGR PE=3 SV=1
sp|P43220|GLP1R_HUMAN,tr|F6UEW9|F6UEW9_XENTR,48.120,399,201,4,29,425,1,395,1.82e-119,362,F6UEW9,Gastric inhibitory polypeptide receptor OS=Xenopus tropicalis OX=8364 GN=gipr PE=3 SV=1
sp|P43220|GLP1R_HUMAN,tr|A0A3B5Q0S7|A0A3B5Q0S7_XIPMA,48.235,425,192,6,8,422,6,412,1.90e-119,365,A0A3B5Q0S7,Glucagon receptor a OS=Xiphophorus maculatus OX=8083 PE=3 SV=1
sp|P43220|GLP1R_HUMAN,tr|A0A091J4F3|A0A091J4F3_EGRGA,47.118,399,207,4,26,422,1,397,3.06e-119,362,A0A091J4F3,Glucagon-like peptide 2 receptor (Fragment) OS=Egretta garzetta OX=188379 GN=Z169_14032 PE=3 SV=1
sp|P43220|GLP1R_HUMAN,tr|A0A060WGN5|A0A060WGN5_ONCMY,50.120,417,183,5,50,462,1,396,3.16e-119,363,A0A060WGN5,Uncharacterized protein OS=Oncorhynchus mykiss OX=8022 GN=GSONMT00074857001 PE=3 SV=1
sp|P43220|GLP1R_HUMAN,tr|A0A091VQH5|A0A091VQH5_NIPNI,47.619,399,205,4,26,422,1,397,3.80e-119,361,A0A091VQH5,Glucagon-like peptide 2 receptor (Fragment) OS=Nipponia nippon OX=128390 GN=Y956_06942 PE=3 SV=1
sp|P43220|GLP1R_HUMAN,tr|A0A1L8EN96|A0A1L8EN96_XENLA,47.815,389,200,3,32,418,33,420,4.27e-119,365,A0A1L8EN96,Uncharacterized protein OS=Xenopus laevis OX=8355 GN=XELAEV_18046834mg PE=3 SV=1
sp|P43220|GLP1R_HUMAN,tr|M3VXD8|M3VXD8_FELCA,48.855,393,194,5,32,422,39,426,6.81e-119,364,M3VXD8,Glucagon like peptide 2 receptor OS=Felis catus OX=9685 GN=GLP2R PE=3 SV=3
sp|P43220|GLP1R_HUMAN,tr|A0A087X8D2|A0A087X8D2_POEFO,50.000,396,175,5,37,422,30,412,1.02e-118,363,A0A087X8D2,Glucagon receptor a OS=Poecilia formosa OX=48698 PE=3 SV=2
sp|P43220|GLP1R_HUMAN,tr|A0A093H916|A0A093H916_DRYPU,47.118,399,207,4,26,422,1,397,1.04e-118,360,A0A093H916,Glucagon-like peptide 2 receptor (Fragment) OS=Dryobates pubescens OX=118200 GN=N307_06291 PE=3 SV=1
sp|P43220|GLP1R_HUMAN,tr|A0A2Y9L4K1|A0A2Y9L4K1_ENHLU,47.506,421,208,6,4,422,23,432,1.45e-118,363,A0A2Y9L4K1,glucagon-like peptide 2 receptor OS=Enhydra lutris kenyoni OX=391180 GN=LOC111161106 PE=3 SV=1
sp|P43220|GLP1R_HUMAN,tr|A0A383YZA7|A0A383YZA7_BALAS,45.414,447,221,7,20,463,22,448,1.58e-118,361,A0A383YZA7,gastric inhibitory polypeptide receptor OS=Balaenoptera acutorostrata scammoni OX=310752 GN=GIPR PE=3 SV=1
sp|P43220|GLP1R_HUMAN,tr|A0A3Q0CJ75|A0A3Q0CJ75_MESAU,51.436,383,169,6,37,410,87,461,1.63e-118,363,A0A3Q0CJ75,glucagon receptor isoform X1 OS=Mesocricetus auratus OX=10036 GN=Gcgr PE=4 SV=1
sp|P43220|GLP1R_HUMAN,tr|A0A0A0AH61|A0A0A0AH61_CHAVO,47.368,399,206,4,26,422,1,397,2.02e-118,360,A0A0A0AH61,Glucagon-like peptide 2 receptor (Fragment) OS=Charadrius vociferus OX=50402 GN=N301_10259 PE=3 SV=1
sp|P43220|GLP1R_HUMAN,tr|A0A2Y9EJG0|A0A2Y9EJG0_PHYCD,45.638,447,220,7,20,463,22,448,2.55e-118,361,A0A2Y9EJG0,gastric inhibitory polypeptide receptor OS=Physeter catodon OX=9755 GN=GIPR PE=3 SV=1
sp|P43220|GLP1R_HUMAN,tr|F6Q776|F6Q776_HORSE,50.123,407,189,6,24,422,21,421,2.91e-118,361,F6Q776,Glucagon receptor OS=Equus caballus OX=9796 GN=GCGR PE=3 SV=1
sp|P43220|GLP1R_HUMAN,tr|A0A093RZF1|A0A093RZF1_9PASS,48.371,399,202,4,26,422,1,397,3.44e-118,359,A0A093RZF1,Glucagon-like peptide 2 receptor (Fragment) OS=Manacus vitellinus OX=328815 GN=N305_07072 PE=3 SV=1
sp|P43220|GLP1R_HUMAN,tr|F7F467|F7F467_MONDO,47.355,397,199,6,32,424,69,459,6.18e-118,363,F7F467,Glucagon like peptide 2 receptor OS=Monodelphis domestica OX=13616 GN=GLP2R PE=3 SV=1
sp|P43220|GLP1R_HUMAN,tr|A0A337SBM7|A0A337SBM7_FELCA,49.239,394,184,5,34,424,35,415,6.76e-118,360,A0A337SBM7,Gastric inhibitory polypeptide receptor OS=Felis catus OX=9685 GN=GIPR PE=3 SV=1
sp|P43220|GLP1R_HUMAN,tr|F1PQW0|F1PQW0_CANLF,48.855,393,194,5,32,422,62,449,7.76e-118,362,F1PQW0,Glucagon like peptide 2 receptor OS=Canis lupus familiaris OX=9615 GN=GLP2R PE=3 SV=2
sp|P43220|GLP1R_HUMAN,tr|A0A1S3GK17|A0A1S3GK17_DIPOR,51.053,380,181,4,37,413,38,415,1.04e-117,360,A0A1S3GK17,glucagon receptor OS=Dipodomys ordii OX=10020 GN=Gcgr PE=3 SV=1
sp|P43220|GLP1R_HUMAN,tr|A0A3Q0H3A9|A0A3Q0H3A9_ALLSI,45.606,421,218,5,4,422,20,431,1.28e-117,361,A0A3Q0H3A9,glucagon-like peptide 2 receptor OS=Alligator sinensis OX=38654 GN=GLP2R PE=4 SV=1
sp|P43220|GLP1R_HUMAN,tr|A0A2Y9PCQ4|A0A2Y9PCQ4_DELLE,45.190,447,222,7,20,463,22,448,1.48e-117,359,A0A2Y9PCQ4,gastric inhibitory polypeptide receptor isoform X1 OS=Delphinapterus leucas OX=9749 GN=GIPR PE=3 SV=1
sp|P43220|GLP1R_HUMAN,tr|A0A2Y9L0M5|A0A2Y9L0M5_ENHLU,49.746,394,182,5,34,424,34,414,1.56e-117,359,A0A2Y9L0M5,LOW QUALITY PROTEIN: gastric inhibitory polypeptide receptor OS=Enhydra lutris kenyoni OX=391180 GN=LOC111160805 PE=3 SV=1
sp|P43220|GLP1R_HUMAN,tr|E2RIK5|E2RIK5_CANLF,49.144,409,190,6,19,424,21,414,3.59e-117,358,E2RIK5,Gastric inhibitory polypeptide receptor OS=Canis lupus familiaris OX=9615 GN=GIPR PE=3 SV=1
sp|P43220|GLP1R_HUMAN,tr|A0A060W6Z9|A0A060W6Z9_ONCMY,51.637,397,180,4,28,422,39,425,6.16e-117,359,A0A060W6Z9,Uncharacterized protein OS=Oncorhynchus mykiss OX=8022 GN=GSONMT00068006001 PE=3 SV=1
sp|P43220|GLP1R_HUMAN,tr|A0A2U3VTQ9|A0A2U3VTQ9_ODORO,47.268,421,209,6,5,422,21,431,1.20e-116,358,A0A2U3VTQ9,glucagon-like peptide 2 receptor OS=Odobenus rosmarus divergens OX=9708 GN=GLP2R PE=3 SV=1
sp|P43220|GLP1R_HUMAN,tr|A0A091HZR4|A0A091HZR4_CALAN,48.855,393,197,4,32,422,7,397,1.27e-116,355,A0A091HZR4,Glucagon-like peptide 2 receptor (Fragment) OS=Calypte anna OX=9244 GN=N300_04949 PE=3 SV=1
sp|P43220|GLP1R_HUMAN,tr|A0A2D0SW99|A0A2D0SW99_ICTPU,46.189,433,222,5,31,461,25,448,1.32e-116,358,A0A2D0SW99,gastric inhibitory polypeptide receptor-like OS=Ictalurus punctatus OX=7998 GN=LOC108278000 PE=3 SV=1
sp|P43220|GLP1R_HUMAN,tr|M3Y8K2|M3Y8K2_MUSPF,47.500,400,203,5,25,422,4,398,2.28e-116,357,M3Y8K2,Glucagon like peptide 2 receptor OS=Mustela putorius furo OX=9669 GN=GLP2R PE=3 SV=1
sp|P43220|GLP1R_HUMAN,tr|I3LND8|I3LND8_PIG,47.242,417,202,6,34,446,34,436,4.01e-116,355,I3LND8,Gastric inhibitory polypeptide receptor OS=Sus scrofa OX=9823 GN=GIPR PE=3 SV=2
sp|P43220|GLP1R_HUMAN,tr|I7GUL9|I7GUL9_MESAU,47.143,420,209,6,6,422,47,456,4.04e-116,358,I7GUL9,Glucagon-like Peptide 2 receptor OS=Mesocricetus auratus OX=10036 GN=glp2r PE=2 SV=1
sp|P43220|GLP1R_HUMAN,tr|M3Y308|M3Y308_MUSPF,47.242,417,202,6,34,447,34,435,4.42e-116,355,M3Y308,Gastric inhibitory polypeptide receptor OS=Mustela putorius furo OX=9669 GN=GIPR PE=3 SV=1
sp|P43220|GLP1R_HUMAN,tr|H0X783|H0X783_OTOGA,45.814,430,205,7,34,448,30,446,4.44e-116,355,H0X783,Gastric inhibitory polypeptide receptor OS=Otolemur garnettii OX=30611 GN=GIPR PE=3 SV=1
sp|P43220|GLP1R_HUMAN,tr|W5P226|W5P226_SHEEP,46.604,427,215,8,32,451,69,489,4.81e-116,358,W5P226,Glucagon like peptide 2 receptor OS=Ovis aries OX=9940 GN=GLP2R PE=3 SV=1
sp|P43220|GLP1R_HUMAN,tr|A0A2K5MAU0|A0A2K5MAU0_CERAT,46.462,424,212,6,4,424,47,458,4.97e-116,358,A0A2K5MAU0,Glucagon like peptide 2 receptor OS=Cercocebus atys OX=9531 GN=GLP2R PE=3 SV=1
sp|P43220|GLP1R_HUMAN,tr|F7I1R7|F7I1R7_CALJA,47.970,394,196,5,32,422,68,455,7.51e-116,357,F7I1R7,Glucagon like peptide 2 receptor OS=Callithrix jacchus OX=9483 GN=GLP2R PE=3 SV=1
sp|P43220|GLP1R_HUMAN,tr|G1PC03|G1PC03_MYOLU,48.441,417,201,7,10,424,53,457,7.76e-116,357,G1PC03,Glucagon like peptide 2 receptor OS=Myotis lucifugus OX=59463 GN=GLP2R PE=3 SV=1
sp|P43220|GLP1R_HUMAN,tr|H0WHM2|H0WHM2_OTOGA,44.934,454,229,9,4,449,45,485,8.39e-116,357,H0WHM2,Glucagon like peptide 2 receptor OS=Otolemur garnettii OX=30611 GN=GLP2R PE=3 SV=1
sp|P43220|GLP1R_HUMAN,tr|A0A2U4C2M2|A0A2U4C2M2_TURTR,48.101,395,198,5,32,424,69,458,1.13e-115,357,A0A2U4C2M2,glucagon-like peptide 2 receptor OS=Tursiops truncatus OX=9739 GN=GLP2R PE=3 SV=1
sp|P43220|GLP1R_HUMAN,tr|A0A1V4JGN5|A0A1V4JGN5_PATFA,45.368,421,224,5,4,422,20,436,1.19e-115,356,A0A1V4JGN5,Glucagon-like peptide 2 receptor OS=Patagioenas fasciata monilis OX=372326 GN=GLP2R PE=3 SV=1
sp|P43220|GLP1R_HUMAN,tr|A0A2Y9Q7U8|A0A2Y9Q7U8_DELLE,47.156,422,208,7,7,424,48,458,1.19e-115,357,A0A2Y9Q7U8,glucagon-like peptide 2 receptor OS=Delphinapterus leucas OX=9749 GN=GLP2R PE=3 SV=1
sp|P43220|GLP1R_HUMAN,tr|A0A1D5Q3Z3|A0A1D5Q3Z3_MACMU,46.445,422,211,6,4,422,47,456,1.83e-115,357,A0A1D5Q3Z3,Glucagon like peptide 2 receptor OS=Macaca mulatta OX=9544 GN=GLP2R PE=3 SV=1
sp|P43220|GLP1R_HUMAN,tr|A0A2I3RBA7|A0A2I3RBA7_PANTR,45.638,447,212,9,20,450,22,453,3.31e-115,353,A0A2I3RBA7,GIPR isoform 1 OS=Pan troglodytes OX=9598 GN=GIPR PE=3 SV=1
sp|P43220|GLP1R_HUMAN,tr|A0A383YUD5|A0A383YUD5_BALAS,47.848,395,199,5,32,424,135,524,3.43e-115,358,A0A383YUD5,glucagon-like peptide 2 receptor OS=Balaenoptera acutorostrata scammoni OX=310752 GN=GLP2R PE=3 SV=1
sp|P43220|GLP1R_HUMAN,tr|A0A1S3EVW9|A0A1S3EVW9_DIPOR,46.599,397,202,6,32,424,95,485,3.59e-115,357,A0A1S3EVW9,glucagon-like peptide 2 receptor OS=Dipodomys ordii OX=10020 GN=Glp2r PE=3 SV=1
sp|P43220|GLP1R_HUMAN,tr|H2NSQ5|H2NSQ5_PONAB,46.445,422,211,6,4,422,47,456,3.90e-115,355,H2NSQ5,Glucagon like peptide 2 receptor OS=Pongo abelii OX=9601 GN=GLP2R PE=3 SV=1
sp|P43220|GLP1R_HUMAN,tr|A0A151MPW7|A0A151MPW7_ALLMI,44.419,439,215,6,4,422,20,449,4.11e-115,355,A0A151MPW7,Glucagon-like peptide 2 receptor isoform B OS=Alligator mississippiensis OX=8496 GN=GLP2R PE=3 SV=1
sp|P43220|GLP1R_HUMAN,tr|G1RGH0|G1RGH0_NOMLE,46.445,422,211,6,4,422,47,456,4.54e-115,355,G1RGH0,Glucagon like peptide 2 receptor OS=Nomascus leucogenys OX=61853 GN=GLP2R PE=3 SV=1
sp|P43220|GLP1R_HUMAN,tr|G3QZN1|G3QZN1_GORGO,46.209,422,212,6,4,422,47,456,5.11e-115,355,G3QZN1,Glucagon like peptide 2 receptor OS=Gorilla gorilla gorilla OX=9595 GN=GLP2R PE=3 SV=2
sp|P43220|GLP1R_HUMAN,tr|G7PTM7|G7PTM7_MACFA,46.445,422,211,6,4,422,47,456,5.28e-115,355,G7PTM7,Uncharacterized protein OS=Macaca fascicularis OX=9541 GN=EGM_07422 PE=3 SV=1
sp|P43220|GLP1R_HUMAN,tr|A0A1S3WVE5|A0A1S3WVE5_ERIEU,49.505,404,196,6,24,422,55,455,5.40e-115,353,A0A1S3WVE5,glucagon receptor OS=Erinaceus europaeus OX=9365 GN=GCGR PE=3 SV=1
sp|P43220|GLP1R_HUMAN,tr|H2QC94|H2QC94_PANTR,46.209,422,212,6,4,422,47,456,5.63e-115,355,H2QC94,Glucagon like peptide 2 receptor OS=Pan troglodytes OX=9598 GN=GLP2R PE=3 SV=1
sp|P43220|GLP1R_HUMAN,tr|A0A2R9BLK3|A0A2R9BLK3_PANPA,46.209,422,212,6,4,422,47,456,5.88e-115,355,A0A2R9BLK3,Glucagon like peptide 2 receptor OS=Pan paniscus OX=9597 GN=GLP2R PE=3 SV=1
sp|P43220|GLP1R_HUMAN,tr|G1M0C5|G1M0C5_AILME,48.346,393,196,5,32,422,72,459,6.58e-115,355,G1M0C5,Glucagon like peptide 2 receptor OS=Ailuropoda melanoleuca OX=9646 GN=GLP2R PE=3 SV=1
sp|P43220|GLP1R_HUMAN,sp|P48546|GIPR_HUMAN,45.638,447,212,9,20,450,22,453,6.77e-115,352,P48546,Gastric inhibitory polypeptide receptor OS=Homo sapiens OX=9606 GN=GIPR PE=1 SV=1
sp|P43220|GLP1R_HUMAN,sp|O95838|GLP2R_HUMAN,46.209,422,212,6,4,422,47,456,6.77e-115,355,O95838,Glucagon-like peptide 2 receptor OS=Homo sapiens OX=9606 GN=GLP2R PE=2 SV=1
sp|P43220|GLP1R_HUMAN,tr|E1BAY1|E1BAY1_BOVIN,46.136,427,217,8,32,451,69,489,7.30e-115,355,E1BAY1,Glucagon like peptide 2 receptor OS=Bos taurus OX=9913 GN=GLP2R PE=3 SV=2
sp|P43220|GLP1R_HUMAN,tr|D2I071|D2I071_AILME,47.156,422,201,6,34,452,34,436,7.38e-115,352,D2I071,Gastric inhibitory polypeptide receptor (Fragment) OS=Ailuropoda melanoleuca OX=9646 GN=GIPR PE=3 SV=1
sp|P43220|GLP1R_HUMAN,tr|F6PRZ2|F6PRZ2_XENTR,49.215,382,188,3,58,434,1,381,7.51e-115,352,F6PRZ2,Glucagon-like peptide 2 receptor OS=Xenopus tropicalis OX=8364 GN=glp2r PE=3 SV=1
sp|P43220|GLP1R_HUMAN,tr|H0UYK5|H0UYK5_CAVPO,46.192,407,197,6,21,424,23,410,9.59e-115,351,H0UYK5,Gastric inhibitory polypeptide receptor OS=Cavia porcellus OX=10141 GN=GIPR PE=3 SV=2
sp|P43220|GLP1R_HUMAN,tr|A0A0D9S1Z4|A0A0D9S1Z4_CHLSB,45.972,422,208,6,34,451,34,439,1.09e-114,352,A0A0D9S1Z4,Gastric inhibitory polypeptide receptor OS=Chlorocebus sabaeus OX=60711 GN=GIPR PE=3 SV=1
sp|P43220|GLP1R_HUMAN,tr|F7EEJ5|F7EEJ5_XENTR,46.954,394,190,5,34,422,27,406,1.25e-114,352,F7EEJ5,Glucagon receptor OS=Xenopus tropicalis OX=8364 GN=gcgr PE=3 SV=1
sp|P43220|GLP1R_HUMAN,tr|A0A1L8F842|A0A1L8F842_XENLA,47.462,394,203,4,24,416,86,476,1.40e-114,353,A0A1L8F842,Uncharacterized protein OS=Xenopus laevis OX=8355 GN=XELAEV_18039060mg PE=3 SV=1
sp|P43220|GLP1R_HUMAN,tr|A0A0A0MX16|A0A0A0MX16_PAPAN,46.172,431,207,7,34,450,34,453,1.52e-114,351,A0A0A0MX16,Gastric inhibitory polypeptide receptor OS=Papio anubis OX=9555 GN=GIPR PE=3 SV=1
sp|P43220|GLP1R_HUMAN,tr|H0ZAY9|H0ZAY9_TAEGU,47.619,399,203,4,26,422,1,395,1.60e-114,349,H0ZAY9,Glucagon like peptide 2 receptor OS=Taeniopygia guttata OX=59729 GN=GLP2R PE=3 SV=1
sp|P43220|GLP1R_HUMAN,tr|A0A1D5QDM0|A0A1D5QDM0_MACMU,46.296,432,205,8,34,450,34,453,1.68e-114,351,A0A1D5QDM0,Gastric inhibitory polypeptide receptor OS=Macaca mulatta OX=9544 GN=GIPR PE=3 SV=1
sp|P43220|GLP1R_HUMAN,tr|F6Y4K4|F6Y4K4_CALJA,45.497,433,207,8,34,450,34,453,1.74e-114,351,F6Y4K4,Gastric inhibitory polypeptide receptor OS=Callithrix jacchus OX=9483 GN=GIPR PE=3 SV=1
sp|P43220|GLP1R_HUMAN,tr|I3MG10|I3MG10_ICTTR,45.283,424,217,6,4,424,45,456,1.83e-114,354,I3MG10,Glucagon like peptide 2 receptor OS=Ictidomys tridecemlineatus OX=43179 GN=GLP2R PE=3 SV=1
sp|P43220|GLP1R_HUMAN,tr|A0A1S3ABF6|A0A1S3ABF6_ERIEU,47.959,392,188,5,34,422,134,512,2.30e-114,354,A0A1S3ABF6,gastric inhibitory polypeptide receptor OS=Erinaceus europaeus OX=9365 GN=GIPR PE=3 SV=1
sp|P43220|GLP1R_HUMAN,tr|I3N2F6|I3N2F6_ICTTR,46.698,424,201,8,34,451,32,436,2.38e-114,350,I3N2F6,Gastric inhibitory polypeptide receptor OS=Ictidomys tridecemlineatus OX=43179 GN=GIPR PE=3 SV=2
sp|P43220|GLP1R_HUMAN,tr|F6WUD5|F6WUD5_MONDO,47.103,397,191,5,28,422,26,405,2.39e-114,350,F6WUD5,Gastric inhibitory polypeptide receptor OS=Monodelphis domestica OX=13616 GN=GIPR PE=3 SV=2
sp|P43220|GLP1R_HUMAN,tr|A0A2K5YZU7|A0A2K5YZU7_MANLE,46.209,422,212,6,4,422,47,456,2.94e-114,353,A0A2K5YZU7,Glucagon like peptide 2 receptor OS=Mandrillus leucophaeus OX=9568 GN=GLP2R PE=3 SV=1
sp|P43220|GLP1R_HUMAN,tr|W5PKD1|W5PKD1_SHEEP,48.549,379,179,5,34,409,34,399,3.05e-114,350,W5PKD1,Gastric inhibitory polypeptide receptor OS=Ovis aries OX=9940 GN=GIPR PE=3 SV=1
sp|P43220|GLP1R_HUMAN,tr|C4P7J2|C4P7J2_CHICK,48.092,393,200,4,32,422,41,431,3.35e-114,352,C4P7J2,Glucagon-like peptide 2 receptor OS=Gallus gallus OX=9031 GN=GLP2R PE=2 SV=1
sp|P43220|GLP1R_HUMAN,tr|A0A2K5N2U6|A0A2K5N2U6_CERAT,45.708,431,209,6,34,450,34,453,3.58e-114,350,A0A2K5N2U6,Gastric inhibitory polypeptide receptor OS=Cercocebus atys OX=9531 GN=GIPR PE=3 SV=1
sp|P43220|GLP1R_HUMAN,tr|G3RJ74|G3RJ74_GORGO,46.420,433,203,8,34,450,34,453,3.62e-114,350,G3RJ74,Gastric inhibitory polypeptide receptor OS=Gorilla gorilla gorilla OX=9595 PE=3 SV=2
sp|P43220|GLP1R_HUMAN,tr|A0A2Y9DWH2|A0A2Y9DWH2_TRIMA,47.783,406,198,5,20,424,76,468,3.98e-114,352,A0A2Y9DWH2,gastric inhibitory polypeptide receptor OS=Trichechus manatus latirostris OX=127582 GN=LOC101342426 PE=3 SV=1
sp|P43220|GLP1R_HUMAN,tr|A0A0D9RCP5|A0A0D9RCP5_CHLSB,46.209,422,212,6,4,422,47,456,4.82e-114,353,A0A0D9RCP5,Glucagon like peptide 2 receptor OS=Chlorocebus sabaeus OX=60711 GN=GLP2R PE=3 SV=1
sp|P43220|GLP1R_HUMAN,tr|A0A091CP67|A0A091CP67_FUKDA,44.647,439,212,6,34,453,34,460,4.97e-114,350,A0A091CP67,Gastric inhibitory polypeptide receptor OS=Fukomys damarensis OX=885580 GN=H920_19639 PE=3 SV=1
sp|P43220|GLP1R_HUMAN,sp|P43218|GIPR_MESAU,45.714,420,210,6,34,452,31,433,9.54e-114,349,P43218,Gastric inhibitory polypeptide receptor OS=Mesocricetus auratus OX=10036 GN=GIPR PE=2 SV=1
sp|P43220|GLP1R_HUMAN,tr|W5N1P0|W5N1P0_LEPOC,47.826,391,198,4,31,418,29,416,1.17e-113,350,W5N1P0,Glucagon like peptide 2 receptor OS=Lepisosteus oculatus OX=7918 GN=GLP2R PE=3 SV=1
sp|P43220|GLP1R_HUMAN,sp|Q0P543|GIPR_MOUSE,45.902,427,211,7,34,453,30,443,1.83e-113,348,Q0P543,Gastric inhibitory polypeptide receptor OS=Mus musculus OX=10090 GN=Gipr PE=2 SV=2
sp|P43220|GLP1R_HUMAN,tr|A0A2Y9EM16|A0A2Y9EM16_PHYCD,45.902,427,218,8,32,451,64,484,4.72e-113,350,A0A2Y9EM16,glucagon-like peptide 2 receptor OS=Physeter catodon OX=9755 GN=GLP2R PE=3 SV=1
sp|P43220|GLP1R_HUMAN,tr|A0A2K6E567|A0A2K6E567_MACNE,45.735,422,214,6,4,422,47,456,5.46e-113,350,A0A2K6E567,Glucagon like peptide 2 receptor OS=Macaca nemestrina OX=9545 GN=GLP2R PE=3 SV=1
sp|P43220|GLP1R_HUMAN,tr|U3JD61|U3JD61_FICAL,47.328,393,203,4,32,422,41,431,6.86e-113,349,U3JD61,Glucagon like peptide 2 receptor OS=Ficedula albicollis OX=59894 GN=GLP2R PE=3 SV=1
sp|P43220|GLP1R_HUMAN,tr|W5L9W9|W5L9W9_ASTMX,45.758,389,203,5,34,418,40,424,1.42e-112,348,W5L9W9,Uncharacterized protein OS=Astyanax mexicanus OX=7994 PE=3 SV=2
sp|P43220|GLP1R_HUMAN,tr|U3I7Y3|U3I7Y3_ANAPL,48.120,399,203,4,26,422,4,400,1.86e-112,347,U3I7Y3,Glucagon like peptide 2 receptor OS=Anas platyrhynchos OX=8839 GN=GLP2R PE=3 SV=1
sp|P43220|GLP1R_HUMAN,tr|A0A091F626|A0A091F626_CORBR,46.867,399,208,4,26,422,1,397,3.24e-112,343,A0A091F626,Glucagon-like peptide 2 receptor (Fragment) OS=Corvus brachyrhynchos OX=85066 GN=N302_03242 PE=3 SV=1
sp|P43220|GLP1R_HUMAN,tr|A0A087RB67|A0A087RB67_APTFO,47.368,399,206,4,26,422,1,397,4.63e-112,343,A0A087RB67,Glucagon-like peptide 2 receptor (Fragment) OS=Aptenodytes forsteri OX=9233 GN=AS27_08729 PE=3 SV=1
sp|P43220|GLP1R_HUMAN,tr|A0A286ZPF4|A0A286ZPF4_PIG,46.096,397,204,5,32,424,71,461,5.80e-112,348,A0A286ZPF4,Glucagon like peptide 2 receptor OS=Sus scrofa OX=9823 GN=GLP2R PE=3 SV=1
sp|P43220|GLP1R_HUMAN,tr|A0A2K6CIT3|A0A2K6CIT3_MACNE,45.958,433,203,9,34,450,34,451,5.87e-112,345,A0A2K6CIT3,Gastric inhibitory polypeptide receptor OS=Macaca nemestrina OX=9545 GN=GIPR PE=3 SV=1
sp|P43220|GLP1R_HUMAN,tr|A0A093HQ60|A0A093HQ60_STRCA,47.074,393,204,4,32,422,3,393,7.98e-112,342,A0A093HQ60,Glucagon-like peptide 2 receptor (Fragment) OS=Struthio camelus australis OX=441894 GN=N308_14466 PE=3 SV=1
sp|P43220|GLP1R_HUMAN,sp|Q5IXF8|GLP2R_MOUSE,45.647,425,213,7,4,422,6,418,1.08e-111,345,Q5IXF8,Glucagon-like peptide 2 receptor OS=Mus musculus OX=10090 GN=Glp2r PE=2 SV=2
sp|P43220|GLP1R_HUMAN,sp|Q9Z0W0|GLP2R_RAT,44.550,422,219,6,4,422,47,456,6.55e-111,345,Q9Z0W0,Glucagon-like peptide 2 receptor OS=Rattus norvegicus OX=10116 GN=Glp2r PE=2 SV=1
sp|P43220|GLP1R_HUMAN,sp|P43219|GIPR_RAT,47.619,399,191,6,20,415,19,402,1.37e-110,341,P43219,Gastric inhibitory polypeptide receptor OS=Rattus norvegicus OX=10116 GN=Gipr PE=2 SV=1
sp|P43220|GLP1R_HUMAN,tr|G1MGL8|G1MGL8_AILME,50.928,377,168,5,55,423,55,422,1.68e-110,341,G1MGL8,Glucagon receptor OS=Ailuropoda melanoleuca OX=9646 GN=GCGR PE=3 SV=1
sp|P43220|GLP1R_HUMAN,tr|G1KTD5|G1KTD5_ANOCA,45.036,413,213,6,34,437,14,421,2.97e-110,341,G1KTD5,Glucagon like peptide 2 receptor OS=Anolis carolinensis OX=28377 GN=GLP2R PE=3 SV=2
sp|P43220|GLP1R_HUMAN,tr|A0A1S3NDL9|A0A1S3NDL9_SALSA,41.839,435,234,8,17,438,1,429,3.97e-110,342,A0A1S3NDL9,glucagon-like peptide 2 receptor isoform X1 OS=Salmo salar OX=8030 GN=LOC106578853 PE=3 SV=1
sp|P43220|GLP1R_HUMAN,tr|A0A1U7UKG8|A0A1U7UKG8_TARSY,45.283,424,217,6,4,424,47,458,4.23e-110,343,A0A1U7UKG8,glucagon-like peptide 2 receptor OS=Tarsius syrichta OX=1868482 GN=GLP2R PE=3 SV=1
sp|P43220|GLP1R_HUMAN,tr|G1T265|G1T265_RABIT,45.477,409,205,6,46,451,44,437,6.96e-110,339,G1T265,Gastric inhibitory polypeptide receptor OS=Oryctolagus cuniculus OX=9986 GN=GIPR PE=3 SV=1
sp|P43220|GLP1R_HUMAN,tr|G3VAN1|G3VAN1_SARHA,47.044,406,179,6,34,425,34,417,9.10e-110,338,G3VAN1,Uncharacterized protein OS=Sarcophilus harrisii OX=9305 PE=3 SV=1
sp|P43220|GLP1R_HUMAN,tr|A0A091GEH0|A0A091GEH0_9AVES,46.867,399,208,4,26,422,1,397,9.97e-110,337,A0A091GEH0,Glucagon-like peptide 2 receptor (Fragment) OS=Cuculus canorus OX=55661 GN=N303_00676 PE=3 SV=1
sp|P43220|GLP1R_HUMAN,tr|A0A2D0S613|A0A2D0S613_ICTPU,43.829,397,213,5,34,425,40,431,1.12e-109,341,A0A2D0S613,glucagon-like peptide 2 receptor OS=Ictalurus punctatus OX=7998 GN=glp2r PE=3 SV=1
sp|P43220|GLP1R_HUMAN,tr|A0A2U3ZGC6|A0A2U3ZGC6_ODORO,47.848,395,192,5,20,413,22,403,1.21e-109,338,A0A2U3ZGC6,gastric inhibitory polypeptide receptor OS=Odobenus rosmarus divergens OX=9708 GN=GIPR PE=3 SV=1
sp|P43220|GLP1R_HUMAN,tr|K7FQB9|K7FQB9_PELSI,47.191,445,189,11,34,452,30,454,1.67e-109,338,K7FQB9,Uncharacterized protein OS=Pelodiscus sinensis OX=13735 PE=3 SV=1
sp|P43220|GLP1R_HUMAN,tr|A0A091VPP1|A0A091VPP1_NIPNI,49.185,368,160,4,57,422,1,343,2.09e-109,333,A0A091VPP1,Glucagon receptor (Fragment) OS=Nipponia nippon OX=128390 GN=Y956_02686 PE=3 SV=1
sp|P43220|GLP1R_HUMAN,tr|H2UIA0|H2UIA0_TAKRU,48.712,427,179,8,37,461,40,428,2.15e-109,340,H2UIA0,Uncharacterized protein OS=Takifugu rubripes OX=31033 PE=3 SV=2
sp|P43220|GLP1R_HUMAN,tr|A0A2I0LJA6|A0A2I0LJA6_COLLI,47.837,393,201,4,32,422,41,431,2.23e-109,340,A0A2I0LJA6,Glucagon-like peptide 2 receptor OS=Columba livia OX=8932 GN=GLP2R PE=3 SV=1
sp|P43220|GLP1R_HUMAN,tr|A0A3Q0EA52|A0A3Q0EA52_TARSY,47.074,393,188,7,20,408,22,398,2.59e-109,338,A0A3Q0EA52,gastric inhibitory polypeptide receptor isoform X1 OS=Tarsius syrichta OX=1868482 GN=GIPR PE=4 SV=1
sp|P43220|GLP1R_HUMAN,tr|F6VG30|F6VG30_HORSE,46.650,403,193,7,46,445,46,429,3.94e-109,337,F6VG30,Gastric inhibitory polypeptide receptor OS=Equus caballus OX=9796 GN=GIPR PE=3 SV=1
sp|P43220|GLP1R_HUMAN,tr|A0A091V803|A0A091V803_OPIHO,47.328,393,203,4,32,422,7,397,3.95e-109,336,A0A091V803,Glucagon-like peptide 2 receptor (Fragment) OS=Opisthocomus hoazin OX=30419 GN=N306_13645 PE=3 SV=1
sp|P43220|GLP1R_HUMAN,tr|A0A087YLV7|A0A087YLV7_POEFO,44.250,400,210,7,26,418,26,419,7.25e-109,339,A0A087YLV7,Glucagon like peptide 2 receptor OS=Poecilia formosa OX=48698 GN=GLP2R PE=3 SV=2
sp|P43220|GLP1R_HUMAN,tr|G1MT82|G1MT82_MELGA,49.041,365,183,3,60,422,2,365,2.95e-108,335,G1MT82,Glucagon like peptide 2 receptor OS=Meleagris gallopavo OX=9103 GN=GLP2R PE=3 SV=2
sp|P43220|GLP1R_HUMAN,tr|H2UPV3|H2UPV3_TAKRU,47.558,389,183,8,37,423,2,371,4.68e-107,329,H2UPV3,Uncharacterized protein OS=Takifugu rubripes OX=31033 PE=3 SV=2
sp|P43220|GLP1R_HUMAN,tr|A0A2I3MN00|A0A2I3MN00_PAPAN,45.209,407,183,7,24,394,20,422,1.08e-106,333,A0A2I3MN00,Glucagon receptor OS=Papio anubis OX=9555 GN=GCGR PE=3 SV=1
sp|P43220|GLP1R_HUMAN,tr|A0A099YZW2|A0A099YZW2_TINGU,47.594,374,184,4,60,422,4,376,1.40e-106,328,A0A099YZW2,Glucagon-like peptide 2 receptor (Fragment) OS=Tinamus guttatus OX=94827 GN=N309_07878 PE=3 SV=1
sp|P43220|GLP1R_HUMAN,tr|I3KU32|I3KU32_ORENI,42.965,398,218,6,26,418,26,419,1.69e-106,333,I3KU32,Uncharacterized protein OS=Oreochromis niloticus OX=8128 GN=glp2r PE=3 SV=1
sp|P43220|GLP1R_HUMAN,tr|M3ZT07|M3ZT07_XIPMA,43.276,409,215,9,41,438,2,404,3.12e-106,331,M3ZT07,Uncharacterized protein OS=Xiphophorus maculatus OX=8083 PE=3 SV=2
sp|P43220|GLP1R_HUMAN,tr|A0A0Q3MC27|A0A0Q3MC27_AMAAE,44.418,421,219,5,15,422,13,431,4.49e-106,332,A0A0Q3MC27,Glucagon-like peptide 2 receptor OS=Amazona aestiva OX=12930 GN=AAES_96001 PE=3 SV=1
sp|P43220|GLP1R_HUMAN,tr|G1NB66|G1NB66_MELGA,46.757,370,187,5,55,421,43,405,1.13e-105,326,G1NB66,Uncharacterized protein OS=Meleagris gallopavo OX=9103 PE=3 SV=1
sp|P43220|GLP1R_HUMAN,tr|A0A1L8F3F8|A0A1L8F3F8_XENLA,42.118,425,213,2,26,418,19,442,1.32e-105,329,A0A1L8F3F8,Uncharacterized protein OS=Xenopus laevis OX=8355 GN=XELAEV_18042361mg PE=3 SV=1
sp|P43220|GLP1R_HUMAN,tr|G3PPK9|G3PPK9_GASAC,43.702,389,209,6,36,418,12,396,2.04e-104,326,G3PPK9,Uncharacterized protein OS=Gasterosteus aculeatus OX=69293 PE=3 SV=1
sp|P43220|GLP1R_HUMAN,tr|A0A2R9A9R5|A0A2R9A9R5_PANPA,43.527,448,204,11,20,450,22,437,1.87e-103,322,A0A2R9A9R5,Gastric inhibitory polypeptide receptor OS=Pan paniscus OX=9597 GN=GIPR PE=3 SV=1
sp|P43220|GLP1R_HUMAN,tr|H3A145|H3A145_LATCH,45.113,399,212,4,26,418,13,410,1.70e-102,322,H3A145,Uncharacterized protein OS=Latimeria chalumnae OX=7897 PE=3 SV=1
sp|P43220|GLP1R_HUMAN,tr|H0UZE2|H0UZE2_CAVPO,45.498,422,215,6,4,422,22,431,4.49e-102,321,H0UZE2,Glucagon like peptide 2 receptor OS=Cavia porcellus OX=10141 GN=GLP2R PE=3 SV=2
sp|P43220|GLP1R_HUMAN,tr|A0A2I4CKE8|A0A2I4CKE8_9TELE,44.221,398,209,7,28,418,27,418,6.09e-102,321,A0A2I4CKE8,glucagon-like peptide 2 receptor OS=Austrofundulus limnaeus OX=52670 GN=glp2r PE=3 SV=1
sp|P43220|GLP1R_HUMAN,tr|A0A060Y2Z1|A0A060Y2Z1_ONCMY,43.147,394,214,5,30,418,1,389,9.09e-102,319,A0A060Y2Z1,Uncharacterized protein OS=Oncorhynchus mykiss OX=8022 GN=GSONMT00036234001 PE=3 SV=1
sp|P43220|GLP1R_HUMAN,tr|K7GJ88|K7GJ88_PELSI,48.248,371,187,4,58,424,1,370,5.05e-101,317,K7GJ88,Glucagon like peptide 2 receptor OS=Pelodiscus sinensis OX=13735 GN=GLP2R PE=3 SV=1
sp|P43220|GLP1R_HUMAN,tr|A0A2U9CL38|A0A2U9CL38_SCOMX,43.557,388,210,6,36,418,23,406,7.00e-101,318,A0A2U9CL38,Putative glucagon-like peptide 2 receptor OS=Scophthalmus maximus OX=52904 GN=SMAX5B_020294 PE=3 SV=1
sp|P43220|GLP1R_HUMAN,tr|G3VNA5|G3VNA5_SARHA,47.917,336,170,4,60,393,6,338,2.67e-100,310,G3VNA5,Uncharacterized protein OS=Sarcophilus harrisii OX=9305 PE=3 SV=1
sp|P43220|GLP1R_HUMAN,tr|A0A1S3Q6J8|A0A1S3Q6J8_SALSA,42.462,398,219,5,26,418,36,428,2.98e-100,317,A0A1S3Q6J8,glucagon-like peptide 2 receptor isoform X1 OS=Salmo salar OX=8030 GN=glp2r PE=3 SV=1
sp|P43220|GLP1R_HUMAN,tr|L5K060|L5K060_PTEAL,43.839,422,187,6,5,422,46,421,1.05e-99,315,L5K060,Glucagon-like peptide 2 receptor OS=Pteropus alecto OX=9402 GN=PAL_GLEAN10010249 PE=4 SV=1
sp|P43220|GLP1R_HUMAN,tr|A0A1S3GGP9|A0A1S3GGP9_DIPOR,47.090,378,186,5,20,396,83,447,1.04e-98,311,A0A1S3GGP9,gastric inhibitory polypeptide receptor OS=Dipodomys ordii OX=10020 GN=Gipr PE=3 SV=1
sp|P43220|GLP1R_HUMAN,tr|G3VY87|G3VY87_SARHA,84.831,178,25,1,233,408,1,178,2.15e-97,297,G3VY87,Uncharacterized protein OS=Sarcophilus harrisii OX=9305 PE=4 SV=1
sp|P43220|GLP1R_HUMAN,tr|G8F4B4|G8F4B4_MACFA,43.287,432,196,10,34,450,34,431,3.12e-97,306,G8F4B4,Uncharacterized protein OS=Macaca fascicularis OX=9541 GN=EGM_20336 PE=3 SV=1
sp|P43220|GLP1R_HUMAN,tr|I3LFB5|I3LFB5_PIG,40.625,448,222,13,27,461,36,452,3.87e-97,306,I3LFB5,Secretin receptor OS=Sus scrofa OX=9823 GN=SCTR PE=3 SV=2
sp|P43220|GLP1R_HUMAN,tr|A0A1S3FHW9|A0A1S3FHW9_DIPOR,39.644,449,233,12,21,461,21,439,1.41e-96,304,A0A1S3FHW9,secretin receptor isoform X1 OS=Dipodomys ordii OX=10020 GN=Sctr PE=3 SV=1
sp|P43220|GLP1R_HUMAN,tr|F1P7Q3|F1P7Q3_CANLF,39.910,446,229,11,27,463,25,440,1.58e-96,305,F1P7Q3,Secretin receptor OS=Canis lupus familiaris OX=9615 GN=SCTR PE=3 SV=2
sp|P43220|GLP1R_HUMAN,tr|A0A151NK47|A0A151NK47_ALLMI,44.757,391,195,6,27,408,57,435,2.23e-96,303,A0A151NK47,Gastric inhibitory polypeptide receptor OS=Alligator mississippiensis OX=8496 GN=Y1Q_0016072 PE=3 SV=1
sp|P43220|GLP1R_HUMAN,tr|A0A2I2V434|A0A2I2V434_FELCA,39.414,444,232,10,27,461,22,437,2.42e-96,303,A0A2I2V434,Secretin receptor OS=Felis catus OX=9685 GN=SCTR PE=3 SV=2
sp|P43220|GLP1R_HUMAN,tr|F7A9N4|F7A9N4_HORSE,40.045,442,222,12,27,457,2,411,4.97e-96,302,F7A9N4,Secretin receptor OS=Equus caballus OX=9796 GN=SCTR PE=3 SV=1
sp|P43220|GLP1R_HUMAN,tr|A0A1S2ZUQ3|A0A1S2ZUQ3_ERIEU,39.427,454,227,11,23,463,22,440,7.44e-96,303,A0A1S2ZUQ3,secretin receptor OS=Erinaceus europaeus OX=9365 GN=SCTR PE=3 SV=1
sp|P43220|GLP1R_HUMAN,tr|G3UKY6|G3UKY6_LOXAF,43.325,397,211,6,34,424,1,389,1.64e-95,300,G3UKY6,Gastric inhibitory polypeptide receptor OS=Loxodonta africana OX=9785 GN=GIPR PE=3 SV=1
sp|P43220|GLP1R_HUMAN,tr|A0A1U8BZI8|A0A1U8BZI8_MESAU,39.683,441,236,9,20,452,33,451,2.28e-95,302,A0A1U8BZI8,secretin receptor isoform X1 OS=Mesocricetus auratus OX=10036 GN=Sctr PE=3 SV=1
sp|P43220|GLP1R_HUMAN,tr|H2MD52|H2MD52_ORYLA,41.727,417,234,8,26,437,22,434,3.39e-95,303,H2MD52,Uncharacterized protein OS=Oryzias latipes OX=8090 GN=glp2r PE=3 SV=2
sp|P43220|GLP1R_HUMAN,tr|F1MJJ2|F1MJJ2_BOVIN,40.741,432,219,11,27,452,22,422,4.00e-95,300,F1MJJ2,Secretin receptor OS=Bos taurus OX=9913 GN=SCTR PE=3 SV=2
sp|P43220|GLP1R_HUMAN,tr|H0VT27|H0VT27_CAVPO,38.261,460,232,11,27,461,2,434,1.04e-94,299,H0VT27,Secretin receptor OS=Cavia porcellus OX=10141 GN=SCTR PE=3 SV=2
sp|P43220|GLP1R_HUMAN,tr|H2NZ92|H2NZ92_PONAB,42.032,433,185,7,34,450,34,416,1.40e-94,299,H2NZ92,Gastric inhibitory polypeptide receptor OS=Pongo abelii OX=9601 GN=GIPR PE=3 SV=1
sp|P43220|GLP1R_HUMAN,tr|A0A096MQK5|A0A096MQK5_PAPAN,39.073,453,231,11,22,461,21,441,2.19e-94,299,A0A096MQK5,Secretin receptor OS=Papio anubis OX=9555 GN=SCTR PE=3 SV=1
sp|P43220|GLP1R_HUMAN,tr|A0A2Y9EJX1|A0A2Y9EJX1_PHYCD,39.954,438,232,10,27,461,19,428,3.03e-94,298,A0A2Y9EJX1,secretin receptor OS=Physeter catodon OX=9755 GN=SCTR PE=3 SV=1
sp|P43220|GLP1R_HUMAN,tr|G7PN54|G7PN54_MACFA,39.509,448,226,11,27,461,26,441,4.14e-94,298,G7PN54,Uncharacterized protein OS=Macaca fascicularis OX=9541 GN=EGM_05193 PE=3 SV=1
sp|P43220|GLP1R_HUMAN,tr|A0A096P2W8|A0A096P2W8_PAPAN,44.076,422,207,9,4,422,47,442,4.67e-94,301,A0A096P2W8,Glucagon like peptide 2 receptor OS=Papio anubis OX=9555 GN=GLP2R PE=3 SV=2
sp|P43220|GLP1R_HUMAN,tr|F6TRW6|F6TRW6_MACMU,39.509,448,226,11,27,461,26,441,6.94e-94,297,F6TRW6,Secretin receptor OS=Macaca mulatta OX=9544 GN=SCTR PE=3 SV=1
sp|P43220|GLP1R_HUMAN,tr|A0A2U3W944|A0A2U3W944_ODORO,39.462,446,228,11,27,463,25,437,9.75e-94,297,A0A2U3W944,secretin receptor OS=Odobenus rosmarus divergens OX=9708 GN=SCTR PE=3 SV=1
sp|P43220|GLP1R_HUMAN,tr|G1RH59|G1RH59_NOMLE,39.602,452,223,13,24,461,23,438,1.02e-93,297,G1RH59,Secretin receptor OS=Nomascus leucogenys OX=61853 GN=SCTR PE=3 SV=1
sp|P43220|GLP1R_HUMAN,tr|A0A2K5Y3M2|A0A2K5Y3M2_MANLE,39.509,448,226,11,27,461,26,441,1.08e-93,297,A0A2K5Y3M2,Secretin receptor OS=Mandrillus leucophaeus OX=9568 GN=SCTR PE=3 SV=1
sp|P43220|GLP1R_HUMAN,tr|A0A384BP42|A0A384BP42_URSMA,39.159,452,230,12,27,461,13,436,1.23e-93,296,A0A384BP42,secretin receptor OS=Ursus maritimus OX=29073 GN=SCTR PE=3 SV=1
sp|P43220|GLP1R_HUMAN,tr|A0A2K5MG90|A0A2K5MG90_CERAT,39.509,448,226,11,27,461,26,441,1.24e-93,297,A0A2K5MG90,Secretin receptor OS=Cercocebus atys OX=9531 GN=SCTR PE=3 SV=1
sp|P43220|GLP1R_HUMAN,tr|H2QIM4|H2QIM4_PANTR,40.044,452,221,13,24,461,23,438,1.29e-93,296,H2QIM4,SCTR isoform 3 OS=Pan troglodytes OX=9598 GN=SCTR PE=3 SV=1
sp|P43220|GLP1R_HUMAN,tr|A0A2R8ZBW6|A0A2R8ZBW6_PANPA,39.868,454,223,13,22,461,24,441,1.91e-93,296,A0A2R8ZBW6,Secretin receptor OS=Pan paniscus OX=9597 GN=SCTR PE=3 SV=1
sp|P43220|GLP1R_HUMAN,tr|A0A0D9RVJ5|A0A0D9RVJ5_CHLSB,41.505,412,202,10,27,425,2,387,2.13e-93,295,A0A0D9RVJ5,Secretin receptor OS=Chlorocebus sabaeus OX=60711 GN=SCTR PE=3 SV=1
sp|P43220|GLP1R_HUMAN,tr|A0A091DCI7|A0A091DCI7_FUKDA,40.045,447,234,12,27,461,19,443,2.77e-93,296,A0A091DCI7,Secretin receptor OS=Fukomys damarensis OX=885580 GN=H920_08761 PE=3 SV=1
sp|P43220|GLP1R_HUMAN,tr|L7MZG5|L7MZG5_ANOCA,52.143,280,133,1,146,424,12,291,3.08e-93,291,L7MZG5,Uncharacterized protein OS=Anolis carolinensis OX=28377 GN=LOC100562512 PE=3 SV=1
sp|P43220|GLP1R_HUMAN,tr|F7FCP0|F7FCP0_CALJA,39.013,446,231,10,27,461,26,441,4.10e-93,295,F7FCP0,Secretin receptor OS=Callithrix jacchus OX=9483 GN=SCTR PE=3 SV=2
sp|P43220|GLP1R_HUMAN,sp|P47872|SCTR_HUMAN,39.866,449,220,13,27,461,26,438,4.66e-93,295,P47872,Secretin receptor OS=Homo sapiens OX=9606 GN=SCTR PE=2 SV=2
sp|P43220|GLP1R_HUMAN,tr|I3M8I3|I3M8I3_ICTTR,38.631,453,230,12,27,461,11,433,5.03e-93,295,I3M8I3,Secretin receptor OS=Ictidomys tridecemlineatus OX=43179 GN=SCTR PE=3 SV=2
sp|P43220|GLP1R_HUMAN,tr|G3SA07|G3SA07_GORGO,39.866,449,220,13,27,461,26,438,7.01e-93,295,G3SA07,Secretin receptor OS=Gorilla gorilla gorilla OX=9595 PE=3 SV=1
sp|P43220|GLP1R_HUMAN,tr|G1LPP5|G1LPP5_AILME,39.583,432,224,10,27,449,25,428,1.96e-92,294,G1LPP5,Secretin receptor OS=Ailuropoda melanoleuca OX=9646 GN=SCTR PE=3 SV=1
sp|P43220|GLP1R_HUMAN,tr|A0A1S3QEB0|A0A1S3QEB0_SALSA,56.228,281,111,4,147,422,1,274,2.33e-92,292,A0A1S3QEB0,glucagon receptor-like OS=Salmo salar OX=8030 GN=LOC106591591 PE=3 SV=1
sp|P43220|GLP1R_HUMAN,tr|L5KL05|L5KL05_PTEAL,41.176,442,178,7,24,421,20,423,4.67e-92,294,L5KL05,Glucagon receptor OS=Pteropus alecto OX=9402 GN=PAL_GLEAN10014530 PE=3 SV=1
sp|P43220|GLP1R_HUMAN,tr|A0A2Y9INL5|A0A2Y9INL5_ENHLU,39.857,419,215,10,27,436,25,415,7.14e-92,292,A0A2Y9INL5,secretin receptor OS=Enhydra lutris kenyoni OX=391180 GN=LOC111140948 PE=3 SV=1
sp|P43220|GLP1R_HUMAN,sp|P23811|SCTR_RAT,39.161,429,227,10,41,457,41,447,2.92e-91,291,P23811,Secretin receptor OS=Rattus norvegicus OX=10116 GN=Sctr PE=2 SV=1
sp|P43220|GLP1R_HUMAN,tr|L5JYL5|L5JYL5_PTEAL,39.468,451,231,14,20,463,2,417,4.51e-91,290,L5JYL5,Secretin receptor (Fragment) OS=Pteropus alecto OX=9402 GN=PAL_GLEAN10025791 PE=3 SV=1
sp|P43220|GLP1R_HUMAN,tr|A0A0P7XQA4|A0A0P7XQA4_9TELE,40.921,391,209,6,32,418,5,377,5.47e-91,291,A0A0P7XQA4,Glucagon-like peptide 2 receptor-like OS=Scleropages formosus OX=113540 GN=Z043_103013 PE=3 SV=1
sp|P43220|GLP1R_HUMAN,tr|W5PSN2|W5PSN2_SHEEP,38.987,454,225,10,24,452,19,445,9.01e-91,290,W5PSN2,Secretin receptor OS=Ovis aries OX=9940 GN=SCTR PE=3 SV=1
sp|P43220|GLP1R_HUMAN,tr|A0A1U7UQZ2|A0A1U7UQZ2_TARSY,38.688,442,236,11,27,461,113,526,1.00e-90,292,A0A1U7UQZ2,secretin receptor OS=Tarsius syrichta OX=1868482 GN=SCTR PE=3 SV=1
sp|P43220|GLP1R_HUMAN,tr|M3XPF0|M3XPF0_MUSPF,39.379,419,217,10,27,436,25,415,1.29e-90,289,M3XPF0,Secretin receptor OS=Mustela putorius furo OX=9669 GN=SCTR PE=3 SV=1
sp|P43220|GLP1R_HUMAN,tr|F6R8T5|F6R8T5_MONDO,38.409,440,236,9,27,457,23,436,1.87e-90,289,F6R8T5,Secretin receptor OS=Monodelphis domestica OX=13616 GN=SCTR PE=3 SV=2
sp|P43220|GLP1R_HUMAN,tr|A0A337SUD5|A0A337SUD5_FELCA,39.348,460,249,9,4,457,5,440,2.07e-90,289,A0A337SUD5,Vasoactive intestinal peptide receptor 1 OS=Felis catus OX=9685 GN=VIPR1 PE=3 SV=1
sp|P43220|GLP1R_HUMAN,tr|G3SXX0|G3SXX0_LOXAF,40.594,404,206,9,62,463,5,376,2.50e-90,286,G3SXX0,Secretin receptor OS=Loxodonta africana OX=9785 GN=SCTR PE=3 SV=1
sp|P43220|GLP1R_HUMAN,tr|A0A2Y9G1L0|A0A2Y9G1L0_TRIMA,39.468,451,226,12,27,461,275,694,5.11e-90,295,A0A2Y9G1L0,secretin receptor OS=Trichechus manatus latirostris OX=127582 GN=LOC101361735 PE=3 SV=1
sp|P43220|GLP1R_HUMAN,tr|U3IIF7|U3IIF7_ANAPL,54.183,251,114,1,172,421,2,252,5.39e-90,281,U3IIF7,Uncharacterized protein OS=Anas platyrhynchos OX=8839 PE=3 SV=1
sp|P43220|GLP1R_HUMAN,tr|G1T4R1|G1T4R1_RABIT,39.869,459,246,10,4,457,5,438,5.84e-90,288,G1T4R1,Vasoactive intestinal peptide receptor 1 OS=Oryctolagus cuniculus OX=9986 GN=VIPR1 PE=3 SV=1
sp|P43220|GLP1R_HUMAN,tr|M3YIV3|M3YIV3_MUSPF,39.514,453,243,11,24,456,26,467,9.82e-90,288,M3YIV3,Glucagon receptor OS=Mustela putorius furo OX=9669 GN=GCGR PE=3 SV=1
sp|P43220|GLP1R_HUMAN,tr|A0A087QNN1|A0A087QNN1_APTFO,41.489,376,199,9,62,432,2,361,2.44e-89,284,A0A087QNN1,Secretin receptor (Fragment) OS=Aptenodytes forsteri OX=9233 GN=AS27_08193 PE=3 SV=1
sp|P43220|GLP1R_HUMAN,tr|A0A1S3W4N3|A0A1S3W4N3_ERIEU,41.527,419,213,10,45,457,5,397,2.84e-89,285,A0A1S3W4N3,vasoactive intestinal polypeptide receptor 1 isoform X2 OS=Erinaceus europaeus OX=9365 GN=VIPR1 PE=3 SV=1
sp|P43220|GLP1R_HUMAN,tr|K7EUR9|K7EUR9_PONAB,54.138,290,120,3,132,412,3,288,3.48e-89,282,K7EUR9,Uncharacterized protein OS=Pongo abelii OX=9601 PE=3 SV=1
sp|P43220|GLP1R_HUMAN,tr|K7F648|K7F648_PELSI,42.588,371,194,8,62,429,60,414,3.57e-89,285,K7F648,Secretin receptor OS=Pelodiscus sinensis OX=13735 GN=SCTR PE=3 SV=1
sp|P43220|GLP1R_HUMAN,tr|A0A093GU56|A0A093GU56_DRYPU,40.842,404,208,10,62,463,2,376,3.89e-89,283,A0A093GU56,Secretin receptor (Fragment) OS=Dryobates pubescens OX=118200 GN=N307_11380 PE=3 SV=1
sp|P43220|GLP1R_HUMAN,tr|I3MQT5|I3MQT5_ICTTR,40.471,425,229,8,4,423,5,410,4.63e-89,285,I3MQT5,Vasoactive intestinal peptide receptor 1 OS=Ictidomys tridecemlineatus OX=43179 GN=VIPR1 PE=3 SV=2
sp|P43220|GLP1R_HUMAN,tr|F1MF07|F1MF07_BOVIN,41.087,460,238,12,5,457,6,439,5.16e-89,285,F1MF07,Vasoactive intestinal peptide receptor 1 OS=Bos taurus OX=9913 GN=VIPR1 PE=3 SV=2
sp|P43220|GLP1R_HUMAN,tr|A0A1U7RS28|A0A1U7RS28_ALLSI,41.039,385,208,8,44,425,42,410,5.65e-89,285,A0A1U7RS28,secretin receptor OS=Alligator sinensis OX=38654 GN=SCTR PE=3 SV=1
sp|P43220|GLP1R_HUMAN,sp|Q5FWI2|SCTR_MOUSE,40.091,439,226,14,25,451,25,438,8.05e-89,285,Q5FWI2,Secretin receptor OS=Mus musculus OX=10090 GN=Sctr PE=2 SV=1
sp|P43220|GLP1R_HUMAN,tr|A0A384BW26|A0A384BW26_URSMA,48.287,321,163,3,94,412,66,385,8.08e-89,284,A0A384BW26,glucagon-like peptide 2 receptor OS=Ursus maritimus OX=29073 GN=LOC103660502 PE=4 SV=1
sp|P43220|GLP1R_HUMAN,tr|A0A384B1Q4|A0A384B1Q4_BALAS,43.641,401,196,10,62,457,64,439,9.02e-89,285,A0A384B1Q4,vasoactive intestinal polypeptide receptor 1 OS=Balaenoptera acutorostrata scammoni OX=310752 GN=VIPR1 PE=3 SV=1
sp|P43220|GLP1R_HUMAN,sp|P97751|VIPR1_MOUSE,41.299,431,226,9,10,435,15,423,1.04e-88,285,P97751,Vasoactive intestinal polypeptide receptor 1 OS=Mus musculus OX=10090 GN=Vipr1 PE=1 SV=3
sp|P43220|GLP1R_HUMAN,tr|A0A151M0U5|A0A151M0U5_ALLMI,40.779,385,209,8,44,425,42,410,1.48e-88,284,A0A151M0U5,Secretin receptor OS=Alligator mississippiensis OX=8496 GN=SCTR PE=3 SV=1
sp|P43220|GLP1R_HUMAN,tr|A0A2I0MGK9|A0A2I0MGK9_COLLI,38.849,417,224,9,45,459,43,430,1.57e-88,284,A0A2I0MGK9,Secretin receptor OS=Columba livia OX=8932 GN=SCTR PE=3 SV=1
sp|P43220|GLP1R_HUMAN,tr|A0A1V4K7A8|A0A1V4K7A8_PATFA,36.957,460,247,11,12,461,10,436,3.73e-88,283,A0A1V4K7A8,Secretin receptor OS=Patagioenas fasciata monilis OX=372326 GN=SCTR PE=3 SV=1
sp|P43220|GLP1R_HUMAN,tr|A0A091JD35|A0A091JD35_EGRGA,39.750,400,210,9,62,459,2,372,4.37e-88,281,A0A091JD35,Secretin receptor (Fragment) OS=Egretta garzetta OX=188379 GN=Z169_07838 PE=3 SV=1
sp|P43220|GLP1R_HUMAN,sp|O46502|SCTR_RABIT,40.099,404,210,10,27,422,25,404,4.52e-88,282,O46502,Secretin receptor OS=Oryctolagus cuniculus OX=9986 GN=SCTR PE=2 SV=1
sp|P43220|GLP1R_HUMAN,tr|A0A2I0LMU6|A0A2I0LMU6_COLLI,57.795,263,111,0,147,409,1,263,8.38e-88,276,A0A2I0LMU6,Glucagon receptor OS=Columba livia OX=8932 GN=GCGR PE=3 SV=1
sp|P43220|GLP1R_HUMAN,tr|G3WU25|G3WU25_SARHA,39.278,443,224,12,27,461,19,424,9.88e-88,281,G3WU25,Secretin receptor OS=Sarcophilus harrisii OX=9305 GN=SCTR PE=3 SV=1
sp|P43220|GLP1R_HUMAN,tr|G1STM3|G1STM3_RABIT,40.099,404,210,10,27,422,25,404,1.18e-87,283,G1STM3,Secretin receptor OS=Oryctolagus cuniculus OX=9986 GN=SCTR PE=3 SV=2
sp|P43220|GLP1R_HUMAN,tr|H2P7C5|H2P7C5_PONAB,38.926,447,225,12,27,461,3,413,2.29e-87,280,H2P7C5,Secretin receptor OS=Pongo abelii OX=9601 GN=SCTR PE=3 SV=1
sp|P43220|GLP1R_HUMAN,sp|P30083|VIPR1_RAT,40.136,441,233,10,4,435,5,423,2.35e-87,281,P30083,Vasoactive intestinal polypeptide receptor 1 OS=Rattus norvegicus OX=10116 GN=Vipr1 PE=2 SV=1
sp|P43220|GLP1R_HUMAN,tr|W5NZL6|W5NZL6_SHEEP,40.435,460,243,11,4,457,5,439,5.16e-87,281,W5NZL6,Vasoactive intestinal peptide receptor 1 OS=Ovis aries OX=9940 GN=VIPR1 PE=3 SV=1
sp|P43220|GLP1R_HUMAN,tr|A0A093PUZ9|A0A093PUZ9_9PASS,41.444,374,200,8,62,432,2,359,5.37e-87,278,A0A093PUZ9,Secretin receptor (Fragment) OS=Manacus vitellinus OX=328815 GN=N305_07490 PE=3 SV=1
sp|P43220|GLP1R_HUMAN,tr|H0ZMS4|H0ZMS4_TAEGU,40.052,382,211,7,43,422,8,373,5.51e-87,279,H0ZMS4,Uncharacterized protein OS=Taeniopygia guttata OX=59729 PE=3 SV=1
sp|P43220|GLP1R_HUMAN,tr|A0A0A0AMI0|A0A0A0AMI0_CHAVO,40.000,400,209,10,62,459,2,372,9.10e-87,277,A0A0A0AMI0,Secretin receptor (Fragment) OS=Charadrius vociferus OX=50402 GN=N301_09523 PE=3 SV=1
sp|P43220|GLP1R_HUMAN,sp|P32241|VIPR1_HUMAN,39.216,459,249,10,4,457,5,438,1.20e-86,279,P32241,Vasoactive intestinal polypeptide receptor 1 OS=Homo sapiens OX=9606 GN=VIPR1 PE=1 SV=1
sp|P43220|GLP1R_HUMAN,tr|A0A2Y9D640|A0A2Y9D640_TRIMA,40.749,454,235,12,10,457,12,437,2.05e-86,278,A0A2Y9D640,vasoactive intestinal polypeptide receptor 1 isoform X1 OS=Trichechus manatus latirostris OX=127582 GN=LOC101353956 PE=3 SV=1
sp|P43220|GLP1R_HUMAN,tr|A0A091IUW3|A0A091IUW3_CALAN,40.691,376,202,9,62,432,4,363,2.19e-86,276,A0A091IUW3,Secretin receptor (Fragment) OS=Calypte anna OX=9244 GN=N300_03658 PE=3 SV=1
sp|P43220|GLP1R_HUMAN,tr|G3QNP3|G3QNP3_GORGO,38.998,459,250,10,4,457,5,438,2.38e-86,278,G3QNP3,Vasoactive intestinal peptide receptor 1 OS=Gorilla gorilla gorilla OX=9595 PE=3 SV=2
sp|P43220|GLP1R_HUMAN,tr|A0A1U7QWB5|A0A1U7QWB5_MESAU,42.647,408,205,10,34,435,38,422,2.47e-86,278,A0A1U7QWB5,vasoactive intestinal polypeptide receptor 1 isoform X1 OS=Mesocricetus auratus OX=10036 GN=Vipr1 PE=3 SV=1
sp|P43220|GLP1R_HUMAN,tr|C3YW06|C3YW06_BRAFL,39.782,367,208,6,62,422,1,360,2.48e-86,275,C3YW06,Uncharacterized protein (Fragment) OS=Branchiostoma floridae OX=7739 GN=BRAFLDRAFT_194349 PE=3 SV=1
sp|P43220|GLP1R_HUMAN,tr|A0A091UP36|A0A091UP36_NIPNI,39.500,400,211,9,62,459,2,372,3.07e-86,276,A0A091UP36,Secretin receptor (Fragment) OS=Nipponia nippon OX=128390 GN=Y956_05746 PE=3 SV=1
sp|P43220|GLP1R_HUMAN,tr|G1P1I6|G1P1I6_MYOLU,39.644,449,234,10,27,461,25,450,3.41e-86,278,G1P1I6,Secretin receptor OS=Myotis lucifugus OX=59463 GN=SCTR PE=3 SV=1
sp|P43220|GLP1R_HUMAN,tr|A0A093JVG3|A0A093JVG3_STRCA,39.109,404,215,9,62,463,2,376,4.43e-86,276,A0A093JVG3,Secretin receptor (Fragment) OS=Struthio camelus australis OX=441894 GN=N308_08222 PE=3 SV=1
sp|P43220|GLP1R_HUMAN,tr|A0A1U7U3B6|A0A1U7U3B6_TARSY,41.706,422,211,12,42,457,5,397,4.55e-86,276,A0A1U7U3B6,vasoactive intestinal polypeptide receptor 1 isoform X1 OS=Tarsius syrichta OX=1868482 GN=VIPR1 PE=3 SV=1
sp|P43220|GLP1R_HUMAN,tr|A0A151PDN7|A0A151PDN7_ALLMI,39.535,430,218,12,3,423,2,398,4.97e-86,277,A0A151PDN7,Vasoactive intestinal polypeptide receptor 1 isoform B OS=Alligator mississippiensis OX=8496 GN=VIPR1 PE=3 SV=1
sp|P43220|GLP1R_HUMAN,tr|A0A091F1E9|A0A091F1E9_CORBR,40.970,371,198,8,55,423,4,355,5.65e-86,275,A0A091F1E9,Secretin receptor (Fragment) OS=Corvus brachyrhynchos OX=85066 GN=N302_02317 PE=3 SV=1
sp|P43220|GLP1R_HUMAN,tr|A0A2R8ZIZ6|A0A2R8ZIZ6_PANPA,38.998,459,250,10,4,457,5,438,5.98e-86,277,A0A2R8ZIZ6,Vasoactive intestinal peptide receptor 1 OS=Pan paniscus OX=9597 GN=VIPR1 PE=3 SV=1
sp|P43220|GLP1R_HUMAN,tr|A0A2I3T1V9|A0A2I3T1V9_PANTR,38.998,459,250,10,4,457,5,438,5.98e-86,277,A0A2I3T1V9,VIPR1 isoform 4 OS=Pan troglodytes OX=9598 GN=VIPR1 PE=3 SV=1
sp|P43220|GLP1R_HUMAN,tr|A0A287BT69|A0A287BT69_PIG,39.868,454,238,12,10,457,15,439,8.58e-86,277,A0A287BT69,Vasoactive intestinal polypeptide receptor 1 OS=Sus scrofa OX=9823 GN=VIPR1 PE=3 SV=1
sp|P43220|GLP1R_HUMAN,tr|A0A2I4CJZ4|A0A2I4CJZ4_9TELE,39.698,398,217,7,41,422,71,461,8.76e-86,280,A0A2I4CJZ4,parathyroid hormone 2 receptor OS=Austrofundulus limnaeus OX=52670 GN=pth2r PE=3 SV=1
sp|P43220|GLP1R_HUMAN,tr|A0A099YTP2|A0A099YTP2_TINGU,41.962,367,194,8,62,425,2,352,1.77e-85,273,A0A099YTP2,Secretin receptor (Fragment) OS=Tinamus guttatus OX=94827 GN=N309_06902 PE=3 SV=1
sp|P43220|GLP1R_HUMAN,tr|U3JE10|U3JE10_FICAL,40.000,420,209,11,15,425,13,398,2.02e-85,276,U3JE10,Vasoactive intestinal peptide receptor 1 OS=Ficedula albicollis OX=59894 GN=VIPR1 PE=3 SV=1
sp|P43220|GLP1R_HUMAN,tr|U3ITT2|U3ITT2_ANAPL,38.724,439,222,12,6,434,2,403,2.41e-85,275,U3ITT2,Vasoactive intestinal peptide receptor 1 OS=Anas platyrhynchos OX=8839 GN=VIPR1 PE=3 SV=1
sp|P43220|GLP1R_HUMAN,tr|A0A2K5N7R1|A0A2K5N7R1_CERAT,40.235,425,229,9,4,423,5,409,2.74e-85,276,A0A2K5N7R1,Vasoactive intestinal peptide receptor 1 OS=Cercocebus atys OX=9531 GN=VIPR1 PE=3 SV=1
sp|P43220|GLP1R_HUMAN,tr|A0A091VFX4|A0A091VFX4_OPIHO,39.500,400,211,9,62,459,2,372,2.82e-85,273,A0A091VFX4,Secretin receptor (Fragment) OS=Opisthocomus hoazin OX=30419 GN=N306_09324 PE=3 SV=1
sp|P43220|GLP1R_HUMAN,tr|G7NY72|G7NY72_MACFA,40.235,425,229,9,4,423,5,409,3.22e-85,275,G7NY72,Uncharacterized protein OS=Macaca fascicularis OX=9541 GN=EGM_10755 PE=3 SV=1
sp|P43220|GLP1R_HUMAN,sp|Q28992|VIPR1_PIG,41.190,420,217,11,10,423,15,410,3.53e-85,275,Q28992,Vasoactive intestinal polypeptide receptor 1 OS=Sus scrofa OX=9823 GN=VIPR1 PE=2 SV=1
sp|P43220|GLP1R_HUMAN,tr|A0A096MT91|A0A096MT91_PAPAN,40.235,425,229,9,4,423,5,409,3.86e-85,275,A0A096MT91,Vasoactive intestinal peptide receptor 1 OS=Papio anubis OX=9555 GN=VIPR1 PE=3 SV=1
sp|P43220|GLP1R_HUMAN,tr|A0A1D5R219|A0A1D5R219_MACMU,40.235,425,229,9,4,423,5,409,3.86e-85,275,A0A1D5R219,Vasoactive intestinal peptide receptor 1 OS=Macaca mulatta OX=9544 GN=VIPR1 PE=2 SV=1
sp|P43220|GLP1R_HUMAN,tr|A0A286XMQ0|A0A286XMQ0_CAVPO,44.142,367,181,8,62,423,39,386,5.20e-85,274,A0A286XMQ0,Vasoactive intestinal peptide receptor 1 OS=Cavia porcellus OX=10141 GN=VIPR1 PE=3 SV=1
sp|P43220|GLP1R_HUMAN,tr|I3J9R4|I3J9R4_ORENI,39.196,398,219,7,41,422,18,408,9.89e-85,276,I3J9R4,Parathyroid hormone 2 receptor OS=Oreochromis niloticus OX=8128 GN=PTH2R PE=3 SV=1
sp|P43220|GLP1R_HUMAN,tr|A0A0D9RW55|A0A0D9RW55_CHLSB,41.304,414,211,11,15,423,23,409,1.35e-84,274,A0A0D9RW55,Vasoactive intestinal peptide receptor 1 OS=Chlorocebus sabaeus OX=60711 GN=VIPR1 PE=3 SV=1
sp|P43220|GLP1R_HUMAN,tr|U3IM16|U3IM16_ANAPL,38.272,405,222,11,40,432,39,427,1.48e-84,273,U3IM16,Secretin receptor OS=Anas platyrhynchos OX=8839 GN=SCTR PE=3 SV=1
sp|P43220|GLP1R_HUMAN,tr|D2CP28|D2CP28_CHICK,41.192,386,200,9,56,432,49,416,1.52e-84,273,D2CP28,Secretin receptor OS=Gallus gallus OX=9031 GN=SCTR PE=2 SV=1
sp|P43220|GLP1R_HUMAN,tr|A0A1U8D7Y1|A0A1U8D7Y1_ALLSI,40.458,393,197,9,40,423,5,369,1.62e-84,272,A0A1U8D7Y1,vasoactive intestinal polypeptide receptor 1 isoform X1 OS=Alligator sinensis OX=38654 GN=VIPR1 PE=3 SV=2
sp|P43220|GLP1R_HUMAN,tr|A0A2I0MRD7|A0A2I0MRD7_COLLI,39.813,427,212,12,10,425,10,402,2.00e-84,273,A0A2I0MRD7,Vasoactive intestinal peptide receptor 1 OS=Columba livia OX=8932 GN=VIPR1 PE=3 SV=1
sp|P43220|GLP1R_HUMAN,tr|U3KGR0|U3KGR0_FICAL,41.047,363,196,7,62,422,59,405,2.08e-84,273,U3KGR0,Secretin receptor OS=Ficedula albicollis OX=59894 GN=SCTR PE=3 SV=1
sp|P43220|GLP1R_HUMAN,tr|A0A2K5XM83|A0A2K5XM83_MANLE,41.176,408,208,11,25,423,8,392,2.34e-84,273,A0A2K5XM83,Vasoactive intestinal peptide receptor 1 OS=Mandrillus leucophaeus OX=9568 GN=VIPR1 PE=3 SV=1
sp|P43220|GLP1R_HUMAN,tr|H2MV63|H2MV63_ORYLA,38.442,398,222,7,41,422,53,443,5.84e-84,275,H2MV63,Parathyroid hormone 2 receptor OS=Oryzias latipes OX=8090 GN=PTH2R PE=3 SV=1
sp|P43220|GLP1R_HUMAN,tr|A0A0Q3TR17|A0A0Q3TR17_AMAAE,39.642,391,206,8,45,432,43,406,8.78e-84,271,A0A0Q3TR17,Secretin receptor OS=Amazona aestiva OX=12930 GN=AAES_64173 PE=3 SV=1
sp|P43220|GLP1R_HUMAN,tr|A0A0Q3XAN0|A0A0Q3XAN0_AMAAE,39.756,410,210,10,25,425,19,400,1.05e-83,271,A0A0Q3XAN0,Vasoactive intestinal polypeptide receptor-like protein OS=Amazona aestiva OX=12930 GN=AAES_01826 PE=3 SV=1
sp|P43220|GLP1R_HUMAN,tr|H0WGS3|H0WGS3_OTOGA,40.389,411,204,13,62,461,2,382,1.17e-83,269,H0WGS3,Secretin receptor OS=Otolemur garnettii OX=30611 GN=SCTR PE=3 SV=1
sp|P43220|GLP1R_HUMAN,tr|G1NI86|G1NI86_MELGA,41.176,374,201,8,62,432,60,417,1.40e-83,271,G1NI86,Secretin receptor OS=Meleagris gallopavo OX=9103 GN=SCTR PE=3 SV=2
sp|P43220|GLP1R_HUMAN,tr|H2V4D7|H2V4D7_TAKRU,40.421,428,211,13,21,437,23,417,1.86e-83,273,H2V4D7,Glucagon like peptide 2 receptor OS=Takifugu rubripes OX=31033 GN=GLP2R PE=3 SV=2
sp|P43220|GLP1R_HUMAN,tr|F1P200|F1P200_CHICK,40.253,395,199,10,40,425,34,400,2.81e-83,270,F1P200,Uncharacterized protein OS=Gallus gallus OX=9031 GN=VIPR1 PE=3 SV=2
sp|P43220|GLP1R_HUMAN,tr|F7AQZ5|F7AQZ5_CIOIN,40.806,397,218,7,41,421,2,397,2.99e-83,268,F7AQZ5,Uncharacterized protein OS=Ciona intestinalis OX=7719 PE=3 SV=2
sp|P43220|GLP1R_HUMAN,tr|A0A2R8MXQ7|A0A2R8MXQ7_CALJA,38.646,458,251,11,5,457,6,438,3.16e-83,270,A0A2R8MXQ7,Vasoactive intestinal peptide receptor 1 OS=Callithrix jacchus OX=9483 GN=VIPR1 PE=3 SV=1
sp|P43220|GLP1R_HUMAN,tr|A0A091FM96|A0A091FM96_9AVES,38.750,400,214,9,62,459,1,371,4.87e-83,268,A0A091FM96,Secretin receptor (Fragment) OS=Cuculus canorus OX=55661 GN=N303_07873 PE=3 SV=1
sp|P43220|GLP1R_HUMAN,tr|F8RUA9|F8RUA9_XENLA,41.176,391,201,10,62,449,60,424,5.33e-83,270,F8RUA9,Secretin receptor OS=Xenopus laevis OX=8355 GN=XELAEV_18044327mg PE=2 SV=1
sp|P43220|GLP1R_HUMAN,tr|A0A2I0MQC0|A0A2I0MQC0_COLLI,38.945,398,215,9,43,422,83,470,5.74e-83,273,A0A2I0MQC0,Parathyroid hormone 1 receptor, transcript variant X1 OS=Columba livia OX=8932 GN=PTH1R PE=3 SV=1
sp|P43220|GLP1R_HUMAN,tr|A0A1V4KDU8|A0A1V4KDU8_PATFA,38.945,398,215,9,43,422,83,470,6.32e-83,273,A0A1V4KDU8,Parathyroid hormone/parathyroid hormone-related peptide receptor isoform B OS=Patagioenas fasciata monilis OX=372326 GN=PTH1R PE=3 SV=1
sp|P43220|GLP1R_HUMAN,tr|M3YK47|M3YK47_MUSPF,41.232,422,223,9,10,425,12,414,7.01e-83,270,M3YK47,Vasoactive intestinal peptide receptor 1 OS=Mustela putorius furo OX=9669 GN=VIPR1 PE=3 SV=1
sp|P43220|GLP1R_HUMAN,tr|G3NYJ0|G3NYJ0_GASAC,38.155,401,218,8,41,422,19,408,8.23e-83,271,G3NYJ0,Uncharacterized protein OS=Gasterosteus aculeatus OX=69293 PE=3 SV=1
sp|P43220|GLP1R_HUMAN,tr|C7S302|C7S302_CHICK,37.788,434,233,12,43,451,45,466,8.43e-83,271,C7S302,Parathyroid hormone 1 receptor OS=Gallus gallus OX=9031 GN=PTH1R PE=2 SV=1
sp|P43220|GLP1R_HUMAN,tr|A0A1U7S932|A0A1U7S932_ALLSI,38.442,398,217,9,43,422,45,432,8.52e-83,271,A0A1U7S932,parathyroid hormone/parathyroid hormone-related peptide receptor isoform X1 OS=Alligator sinensis OX=38654 GN=PTH1R PE=3 SV=1
sp|P43220|GLP1R_HUMAN,tr|A0A2U3XUZ4|A0A2U3XUZ4_LEPWE,42.775,346,171,6,120,463,21,341,9.50e-83,266,A0A2U3XUZ4,secretin receptor OS=Leptonychotes weddellii OX=9713 GN=SCTR PE=3 SV=1
sp|P43220|GLP1R_HUMAN,tr|A0A151LZI9|A0A151LZI9_ALLMI,38.442,398,217,9,43,422,45,432,9.89e-83,271,A0A151LZI9,Parathyroid hormone 2 receptor OS=Alligator mississippiensis OX=8496 GN=PTH2R PE=3 SV=1
sp|P43220|GLP1R_HUMAN,tr|G1MV09|G1MV09_MELGA,37.788,434,233,12,43,451,31,452,1.15e-82,271,G1MV09,Parathyroid hormone 1 receptor OS=Meleagris gallopavo OX=9103 GN=PTH1R PE=3 SV=2
sp|P43220|GLP1R_HUMAN,tr|U3JRU3|U3JRU3_FICAL,37.788,434,233,12,43,451,45,466,1.16e-82,271,U3JRU3,Parathyroid hormone 1 receptor OS=Ficedula albicollis OX=59894 GN=PTH1R PE=3 SV=1
sp|P43220|GLP1R_HUMAN,tr|C3YW03|C3YW03_BRAFL,39.500,400,215,10,41,422,17,407,2.03e-82,266,C3YW03,Uncharacterized protein (Fragment) OS=Branchiostoma floridae OX=7739 GN=BRAFLDRAFT_144236 PE=3 SV=1
sp|P43220|GLP1R_HUMAN,tr|A0A2Y9ERA3|A0A2Y9ERA3_PHYCD,40.481,457,241,11,7,457,8,439,2.99e-82,268,A0A2Y9ERA3,vasoactive intestinal polypeptide receptor 1 isoform X1 OS=Physeter catodon OX=9755 GN=VIPR1 PE=3 SV=1
sp|P43220|GLP1R_HUMAN,tr|A0A384DM64|A0A384DM64_URSMA,40.848,448,223,13,25,457,18,438,3.88e-82,268,A0A384DM64,vasoactive intestinal polypeptide receptor 1 OS=Ursus maritimus OX=29073 GN=VIPR1 PE=3 SV=1
sp|P43220|GLP1R_HUMAN,tr|A0A1L8ENG6|A0A1L8ENG6_XENLA,42.744,379,191,11,62,433,61,420,4.83e-82,267,A0A1L8ENG6,Uncharacterized protein OS=Xenopus laevis OX=8355 GN=XELAEV_18046906mg PE=3 SV=1
sp|P43220|GLP1R_HUMAN,tr|A0A3B1JGQ5|A0A3B1JGQ5_ASTMX,35.683,454,253,10,34,461,33,473,4.87e-82,270,A0A3B1JGQ5,Parathyroid hormone 2 receptor OS=Astyanax mexicanus OX=7994 PE=3 SV=1
sp|P43220|GLP1R_HUMAN,tr|M3ZIE1|M3ZIE1_XIPMA,37.940,398,224,7,41,422,46,436,6.03e-82,270,M3ZIE1,Parathyroid hormone 2 receptor OS=Xiphophorus maculatus OX=8083 GN=PTH2R PE=3 SV=1
sp|P43220|GLP1R_HUMAN,sp|Q91085|VIPR_MELGA,40.409,391,204,11,40,425,45,411,9.03e-82,266,Q91085,Vasoactive intestinal polypeptide receptor OS=Meleagris gallopavo OX=9103 GN=VIPR1 PE=2 SV=2
sp|P43220|GLP1R_HUMAN,tr|A0A2Y9KVU2|A0A2Y9KVU2_ENHLU,40.087,459,241,13,7,457,8,440,1.21e-81,266,A0A2Y9KVU2,vasoactive intestinal polypeptide receptor 1 OS=Enhydra lutris kenyoni OX=391180 GN=LOC111159123 PE=3 SV=1
sp|P43220|GLP1R_HUMAN,tr|A0A1S3NZX9|A0A1S3NZX9_SALSA,35.477,451,247,10,41,461,49,485,1.39e-81,269,A0A1S3NZX9,parathyroid hormone 2 receptor-like OS=Salmo salar OX=8030 GN=LOC106582395 PE=3 SV=1
sp|P43220|GLP1R_HUMAN,tr|A0A1S3PP88|A0A1S3PP88_SALSA,41.734,369,183,11,62,423,14,357,1.42e-81,264,A0A1S3PP88,secretin receptor OS=Salmo salar OX=8030 GN=sctr PE=3 SV=1
sp|P43220|GLP1R_HUMAN,tr|W5MTN5|W5MTN5_LEPOC,39.506,405,211,11,25,425,24,398,1.46e-81,266,W5MTN5,Vasoactive intestinal peptide receptor 1b OS=Lepisosteus oculatus OX=7918 PE=3 SV=1
sp|P43220|GLP1R_HUMAN,tr|F6YCW2|F6YCW2_CIOIN,37.529,429,228,12,28,429,2,417,1.86e-81,265,F6YCW2,Uncharacterized protein OS=Ciona intestinalis OX=7719 GN=LOC100175770 PE=3 SV=2
sp|P43220|GLP1R_HUMAN,tr|G3GZ32|G3GZ32_CRIGR,49.825,285,136,2,144,422,73,356,2.24e-81,265,G3GZ32,Glucagon-like peptide 2 receptor OS=Cricetulus griseus OX=10029 GN=I79_003083 PE=4 SV=1
sp|P43220|GLP1R_HUMAN,tr|H3D5B9|H3D5B9_TETNG,36.652,442,246,12,29,463,2,416,3.41e-81,264,H3D5B9,Vasoactive intestinal peptide receptor 1b OS=Tetraodon nigroviridis OX=99883 PE=3 SV=1
sp|P43220|GLP1R_HUMAN,tr|F6V0N3|F6V0N3_CIOIN,41.417,367,194,10,62,423,1,351,3.75e-81,263,F6V0N3,Uncharacterized protein OS=Ciona intestinalis OX=7719 PE=3 SV=2
sp|P43220|GLP1R_HUMAN,tr|A0A226P6K7|A0A226P6K7_COLVI,39.277,415,198,11,40,425,34,423,4.54e-81,265,A0A226P6K7,Uncharacterized protein OS=Colinus virginianus OX=9014 GN=H355_002723 PE=3 SV=1
sp|P43220|GLP1R_HUMAN,tr|A0A1S3MR53|A0A1S3MR53_SALSA,37.028,397,226,9,41,422,54,441,4.84e-81,268,A0A1S3MR53,parathyroid hormone 2 receptor-like OS=Salmo salar OX=8030 GN=LOC106574379 PE=3 SV=1
sp|P43220|GLP1R_HUMAN,tr|A0A2I4C050|A0A2I4C050_9TELE,36.516,419,235,9,40,453,30,422,5.01e-81,264,A0A2I4C050,pituitary adenylate cyclase-activating polypeptide type I receptor-like OS=Austrofundulus limnaeus OX=52670 GN=LOC106524204 PE=3 SV=1
sp|P43220|GLP1R_HUMAN,tr|G5AW90|G5AW90_HETGA,35.950,484,231,14,27,460,19,473,5.07e-81,266,G5AW90,Secretin receptor OS=Heterocephalus glaber OX=10181 GN=GW7_17738 PE=3 SV=1
sp|P43220|GLP1R_HUMAN,tr|H2SQB1|H2SQB1_TAKRU,37.845,399,224,8,41,423,15,405,6.68e-81,266,H2SQB1,Parathyroid hormone 2 receptor OS=Takifugu rubripes OX=31033 GN=PTH2R PE=3 SV=2
sp|P43220|GLP1R_HUMAN,tr|A0A384AWH5|A0A384AWH5_BALAS,40.483,373,188,10,94,461,100,443,7.18e-81,264,A0A384AWH5,secretin receptor-like OS=Balaenoptera acutorostrata scammoni OX=310752 GN=LOC103018074 PE=3 SV=1
sp|P43220|GLP1R_HUMAN,tr|G5ALX6|G5ALX6_HETGA,41.995,381,193,10,34,409,6,363,9.42e-81,261,G5ALX6,Vasoactive intestinal polypeptide receptor 1 (Fragment) OS=Heterocephalus glaber OX=10181 GN=GW7_09175 PE=3 SV=1
sp|P43220|GLP1R_HUMAN,tr|A0A093GX82|A0A093GX82_DRYPU,37.956,411,214,10,43,422,20,420,9.78e-81,266,A0A093GX82,Parathyroid hormone/parathyroid hormone-related peptide receptor (Fragment) OS=Dryobates pubescens OX=118200 GN=N307_08859 PE=3 SV=1
sp|P43220|GLP1R_HUMAN,tr|A0A3B1ISX9|A0A3B1ISX9_ASTMX,40.204,393,192,12,38,423,48,404,1.04e-80,263,A0A3B1ISX9,Growth hormone releasing hormone receptor a OS=Astyanax mexicanus OX=7994 PE=3 SV=1
sp|P43220|GLP1R_HUMAN,tr|R0LAQ1|R0LAQ1_ANAPL,38.333,420,222,12,57,451,1,408,1.34e-80,264,R0LAQ1,Parathyroid hormone 1 receptor (Fragment) OS=Anas platyrhynchos OX=8839 GN=PTH1R PE=3 SV=1
sp|P43220|GLP1R_HUMAN,tr|A0A1L8FUY7|A0A1L8FUY7_XENLA,38.539,397,212,9,46,422,48,432,1.35e-80,266,A0A1L8FUY7,Uncharacterized protein OS=Xenopus laevis OX=8355 GN=pth1r PE=3 SV=1
sp|P43220|GLP1R_HUMAN,tr|A0A091X6A9|A0A091X6A9_NIPNI,36.913,447,232,13,43,451,20,454,1.85e-80,265,A0A091X6A9,Parathyroid hormone/parathyroid hormone-related peptide receptor (Fragment) OS=Nipponia nippon OX=128390 GN=Y956_03863 PE=3 SV=1
sp|P43220|GLP1R_HUMAN,tr|A0A2D0R4R5|A0A2D0R4R5_ICTPU,36.730,422,233,11,19,422,21,426,1.88e-80,266,A0A2D0R4R5,parathyroid hormone 2 receptor OS=Ictalurus punctatus OX=7998 GN=pth2r PE=3 SV=1
sp|P43220|GLP1R_HUMAN,tr|A0A2I4CWH9|A0A2I4CWH9_9TELE,36.919,409,228,8,50,453,1,384,1.90e-80,261,A0A2I4CWH9,pituitary adenylate cyclase-activating polypeptide type I receptor-like OS=Austrofundulus limnaeus OX=52670 GN=LOC106532758 PE=3 SV=1
sp|P43220|GLP1R_HUMAN,tr|A0A1S3PMK3|A0A1S3PMK3_SALSA,37.531,405,215,11,41,422,40,429,1.93e-80,266,A0A1S3PMK3,parathyroid hormone 2 receptor-like OS=Salmo salar OX=8030 GN=LOC106586291 PE=3 SV=1
sp|P43220|GLP1R_HUMAN,tr|A0A087XMS0|A0A087XMS0_POEFO,40.365,384,194,8,40,415,42,398,2.25e-80,262,A0A087XMS0,Growth hormone releasing hormone receptor a OS=Poecilia formosa OX=48698 PE=3 SV=1
sp|P43220|GLP1R_HUMAN,tr|A0A2Y9LIS0|A0A2Y9LIS0_DELLE,42.145,401,203,9,62,457,64,440,2.27e-80,263,A0A2Y9LIS0,vasoactive intestinal polypeptide receptor 1 isoform X1 OS=Delphinapterus leucas OX=9749 GN=VIPR1 PE=3 SV=1
sp|P43220|GLP1R_HUMAN,tr|A0A091JB16|A0A091JB16_EGRGA,37.956,411,214,10,43,422,20,420,2.27e-80,265,A0A091JB16,Parathyroid hormone/parathyroid hormone-related peptide receptor (Fragment) OS=Egretta garzetta OX=188379 GN=Z169_06317 PE=3 SV=1
sp|P43220|GLP1R_HUMAN,tr|A0A060YD53|A0A060YD53_ONCMY,36.524,397,228,9,41,422,44,431,3.44e-80,265,A0A060YD53,Uncharacterized protein OS=Oncorhynchus mykiss OX=8022 GN=GSONMT00037459001 PE=3 SV=1
sp|P43220|GLP1R_HUMAN,tr|G3H5D7|G3H5D7_CRIGR,36.175,434,240,11,27,452,27,431,4.92e-80,261,G3H5D7,Secretin receptor OS=Cricetulus griseus OX=10029 GN=I79_005524 PE=3 SV=1
sp|P43220|GLP1R_HUMAN,tr|K7GGM6|K7GGM6_PELSI,38.422,393,207,9,41,425,17,382,5.39e-80,261,K7GGM6,Vasoactive intestinal peptide receptor 1 OS=Pelodiscus sinensis OX=13735 GN=VIPR1 PE=3 SV=1
sp|P43220|GLP1R_HUMAN,tr|A0A2U3YWB0|A0A2U3YWB0_LEPWE,41.667,420,213,14,45,457,5,399,6.36e-80,261,A0A2U3YWB0,vasoactive intestinal polypeptide receptor 1 isoform X2 OS=Leptonychotes weddellii OX=9713 GN=VIPR1 PE=3 SV=1
sp|P43220|GLP1R_HUMAN,tr|M4ARC7|M4ARC7_XIPMA,40.365,384,194,9,40,415,42,398,6.52e-80,261,M4ARC7,Growth hormone releasing hormone receptor a OS=Xiphophorus maculatus OX=8083 PE=3 SV=1
sp|P43220|GLP1R_HUMAN,tr|A0A099ZHM7|A0A099ZHM7_TINGU,38.038,418,222,12,59,451,1,406,6.92e-80,262,A0A099ZHM7,Parathyroid hormone/parathyroid hormone-related peptide receptor (Fragment) OS=Tinamus guttatus OX=94827 GN=N309_07442 PE=3 SV=1
sp|P43220|GLP1R_HUMAN,tr|Q9PVD3|Q9PVD3_DANRE,37.626,396,224,8,43,422,45,433,8.22e-80,264,Q9PVD3,Parathyroid hormone 1 receptor a OS=Danio rerio OX=7955 GN=pth1ra PE=2 SV=1
sp|P43220|GLP1R_HUMAN,tr|A0A087R5F0|A0A087R5F0_APTFO,38.152,422,224,12,55,451,48,457,1.01e-79,263,A0A087R5F0,Parathyroid hormone/parathyroid hormone-related peptide receptor (Fragment) OS=Aptenodytes forsteri OX=9233 GN=AS27_11506 PE=3 SV=1
sp|P43220|GLP1R_HUMAN,tr|H3BXU4|H3BXU4_TETNG,37.055,421,231,11,40,453,32,425,1.08e-79,261,H3BXU4,Uncharacterized protein OS=Tetraodon nigroviridis OX=99883 PE=3 SV=1
sp|P43220|GLP1R_HUMAN,tr|A0A2K6E6E3|A0A2K6E6E3_MACNE,37.054,448,204,14,27,461,26,408,1.14e-79,259,A0A2K6E6E3,Secretin receptor OS=Macaca nemestrina OX=9545 GN=SCTR PE=3 SV=1
sp|P43220|GLP1R_HUMAN,tr|G5B5H5|G5B5H5_HETGA,50.179,279,135,2,144,420,73,349,1.16e-79,261,G5B5H5,Glucagon-like peptide 2 receptor OS=Heterocephalus glaber OX=10181 GN=GW7_13877 PE=4 SV=1
sp|P43220|GLP1R_HUMAN,tr|A0A2I4AQA0|A0A2I4AQA0_9TELE,35.963,431,248,11,22,448,14,420,1.20e-79,261,A0A2I4AQA0,vasoactive intestinal polypeptide receptor 1 OS=Austrofundulus limnaeus OX=52670 GN=vipr1 PE=3 SV=1
sp|P43220|GLP1R_HUMAN,tr|I3JEI8|I3JEI8_ORENI,35.111,450,256,10,22,463,13,434,1.59e-79,260,I3JEI8,Vasoactive intestinal peptide receptor 1b OS=Oreochromis niloticus OX=8128 GN=vipr1 PE=3 SV=1
sp|P43220|GLP1R_HUMAN,tr|G3W7S7|G3W7S7_SARHA,40.513,390,209,8,40,425,30,400,1.70e-79,260,G3W7S7,Uncharacterized protein OS=Sarcophilus harrisii OX=9305 GN=VIPR1 PE=3 SV=1
