residue,gcgr,glp2r,gipr,domain
S31,-2,-3,1,N-ter
E41,-4,-10,-1,N-ter
E52,-4,-10,-1,N-ter
F61,-1,-10,-3,N-ter
A70,1,0,0,N-ter
G75,-2,-1,0,N-ter
A92,-2,-10,-2,N-ter
F103,-10,-10,-4,N-ter
T105,-2,-2,-2,N-ter
L111,1,-3,-4,N-ter
L123,-2,-10,-3,N-ter
G132,-3,-4,-10,N-ter
P137,-3,-10,-2,N-ter
E138,-1,-10,-1,TM1
Q140,0,-10,-3,TM1
I147,1,-10,1,TM1
F156,0,0,0,TM1
S157,-1,-3,1,TM1
V160,1,-10,1,TM1
I161,1,1,1,TM1
H171,-1,-1,0,ICL1
L181,-10,2,1,TM2
F195,0,0,0,TM2
I196,3,3,-1,TM2
K202,-10,-3,-1,ECL1
W203,-4,-4,-10,ECL1
M204,-2,-2,-3,ECL1
T207,-1,-1,-10,ECL1
A208,-1,-2,-10,ECL1
Q210,-1,-10,-2,ECL1
H212,-3,0,-3,ECL1
Q213,0,-10,-1,ECL1
G216,-10,-1,-3,ECL1
L217,-2,-2,-10,ECL1
L224,-2,-10,-2,TM3
V229,0,0,0,TM3
F230,-10,-4,-4,TM3
A238,0,0,0,TM3
Y242,-3,-10,-2,TM3
Y252,2,2,2,TM3
S258,1,-10,-2,ICL2
Q263,1,1,2,TM4
V276,0,-1,0,TM4
D293,1,1,1,ECL2
E294,-4,-1,-1,ECL2
N304,-1,-10,-2,TM5
Y305,3,-2,-2,TM5
L307,-2,-2,-2,TM5
L311,0,-4,-2,TM5
G318,-4,-10,-4,TM5
V327,3,3,3,TM5
C329,-10,-4,-4,TM5
N338,0,-10,-1,TM5
L339,-3,-3,-3,TM5
K342,-3,-4,-4,TM6
C347,-3,-3,-2,TM6
T362,0,0,0,TM6
T386,-2,-1,-2,TM7
S389,-3,1,-3,TM7
F390,0,0,0,TM7
M397,2,2,2,TM7
N407,0,-1,0,H8
F413,0,0,-1,H8
E418,-10,-10,0,H8
D430,-10,-10,-1,H8
S431,-1,-2,-10,H8
S432,-10,0,-1,C-ter
M433,-10,0,-2,C-ter
K434,-10,-10,2,C-ter
T448,-2,-1,-2,C-ter
S452,-10,-10,-1,C-ter
Y454,-10,-2,-10,C-ter
A456,-10,-10,-10,C-ter
C458,-10,-2,-10,C-ter
Q459,-10,2,2,C-ter
S463,-1,-10,-10,C-ter
