sp|P48546|GIPR_HUMAN,sp|P48546|GIPR_HUMAN,100.000,466,0,0,1,466,1,466,0.0,946,P48546,Gastric inhibitory polypeptide receptor OS=Homo sapiens OX=9606 GN=GIPR PE=1 SV=1
sp|P48546|GIPR_HUMAN,tr|A0A2I3RBA7|A0A2I3RBA7_PANTR,99.356,466,3,0,1,466,1,466,0.0,940,A0A2I3RBA7,GIPR isoform 1 OS=Pan troglodytes OX=9598 GN=GIPR PE=3 SV=1
sp|P48546|GIPR_HUMAN,tr|G3RJ74|G3RJ74_GORGO,98.712,466,6,0,1,466,1,466,0.0,932,G3RJ74,Gastric inhibitory polypeptide receptor OS=Gorilla gorilla gorilla OX=9595 PE=3 SV=2
sp|P48546|GIPR_HUMAN,tr|A0A1D5QDM0|A0A1D5QDM0_MACMU,97.425,466,12,0,1,466,1,466,0.0,921,A0A1D5QDM0,Gastric inhibitory polypeptide receptor OS=Macaca mulatta OX=9544 GN=GIPR PE=3 SV=1
sp|P48546|GIPR_HUMAN,tr|A0A2K5N2U6|A0A2K5N2U6_CERAT,96.567,466,16,0,1,466,1,466,0.0,913,A0A2K5N2U6,Gastric inhibitory polypeptide receptor OS=Cercocebus atys OX=9531 GN=GIPR PE=3 SV=1
sp|P48546|GIPR_HUMAN,tr|A0A0A0MX16|A0A0A0MX16_PAPAN,96.781,466,15,0,1,466,1,466,0.0,912,A0A0A0MX16,Gastric inhibitory polypeptide receptor OS=Papio anubis OX=9555 GN=GIPR PE=3 SV=1
sp|P48546|GIPR_HUMAN,tr|A0A0D9S1Z4|A0A0D9S1Z4_CHLSB,96.781,466,15,0,1,466,1,466,0.0,912,A0A0D9S1Z4,Gastric inhibitory polypeptide receptor OS=Chlorocebus sabaeus OX=60711 GN=GIPR PE=3 SV=1
sp|P48546|GIPR_HUMAN,tr|G8F4B4|G8F4B4_MACFA,92.704,466,12,2,1,466,1,444,0.0,858,G8F4B4,Uncharacterized protein OS=Macaca fascicularis OX=9541 GN=EGM_20336 PE=3 SV=1
sp|P48546|GIPR_HUMAN,tr|A0A2K6CIT3|A0A2K6CIT3_MACNE,94.861,467,20,2,1,466,1,464,0.0,842,A0A2K6CIT3,Gastric inhibitory polypeptide receptor OS=Macaca nemestrina OX=9545 GN=GIPR PE=3 SV=1
sp|P48546|GIPR_HUMAN,tr|H2NZ92|H2NZ92_PONAB,90.129,466,9,1,1,466,1,429,0.0,823,H2NZ92,Gastric inhibitory polypeptide receptor OS=Pongo abelii OX=9601 GN=GIPR PE=3 SV=1
sp|P48546|GIPR_HUMAN,tr|F6Y4K4|F6Y4K4_CALJA,92.704,466,34,0,1,466,1,466,0.0,818,F6Y4K4,Gastric inhibitory polypeptide receptor OS=Callithrix jacchus OX=9483 GN=GIPR PE=3 SV=1
sp|P48546|GIPR_HUMAN,tr|A0A2R9A9R5|A0A2R9A9R5_PANPA,92.918,466,17,2,1,466,1,450,0.0,799,A0A2R9A9R5,Gastric inhibitory polypeptide receptor OS=Pan paniscus OX=9597 GN=GIPR PE=3 SV=1
sp|P48546|GIPR_HUMAN,tr|H0X783|H0X783_OTOGA,90.090,444,44,0,23,466,19,462,0.0,786,H0X783,Gastric inhibitory polypeptide receptor OS=Otolemur garnettii OX=30611 GN=GIPR PE=3 SV=1
sp|P48546|GIPR_HUMAN,tr|E1B8G5|E1B8G5_BOVIN,87.387,444,56,0,23,466,23,466,0.0,780,E1B8G5,Gastric inhibitory polypeptide receptor OS=Bos taurus OX=9913 GN=GIPR PE=3 SV=1
sp|P48546|GIPR_HUMAN,tr|I3LND8|I3LND8_PIG,87.613,444,55,0,23,466,23,466,0.0,759,I3LND8,Gastric inhibitory polypeptide receptor OS=Sus scrofa OX=9823 GN=GIPR PE=3 SV=2
sp|P48546|GIPR_HUMAN,tr|A0A337SBM7|A0A337SBM7_FELCA,85.439,467,67,1,1,466,1,467,0.0,757,A0A337SBM7,Gastric inhibitory polypeptide receptor OS=Felis catus OX=9685 GN=GIPR PE=3 SV=1
sp|P48546|GIPR_HUMAN,tr|A0A2Y9L0M5|A0A2Y9L0M5_ENHLU,87.865,445,54,0,22,466,22,466,0.0,756,A0A2Y9L0M5,LOW QUALITY PROTEIN: gastric inhibitory polypeptide receptor OS=Enhydra lutris kenyoni OX=391180 GN=LOC111160805 PE=3 SV=1
sp|P48546|GIPR_HUMAN,tr|A0A1S3ABF6|A0A1S3ABF6_ERIEU,85.586,444,64,0,23,466,123,566,0.0,755,A0A1S3ABF6,gastric inhibitory polypeptide receptor OS=Erinaceus europaeus OX=9365 GN=GIPR PE=3 SV=1
sp|P48546|GIPR_HUMAN,tr|D2I071|D2I071_AILME,89.238,446,48,0,21,466,21,466,0.0,754,D2I071,Gastric inhibitory polypeptide receptor (Fragment) OS=Ailuropoda melanoleuca OX=9646 GN=GIPR PE=3 SV=1
sp|P48546|GIPR_HUMAN,tr|A0A2Y9DWH2|A0A2Y9DWH2_TRIMA,86.771,446,59,0,21,466,75,520,0.0,749,A0A2Y9DWH2,gastric inhibitory polypeptide receptor OS=Trichechus manatus latirostris OX=127582 GN=LOC101342426 PE=3 SV=1
sp|P48546|GIPR_HUMAN,tr|M3Y308|M3Y308_MUSPF,87.416,445,56,0,22,466,22,466,0.0,749,M3Y308,Gastric inhibitory polypeptide receptor OS=Mustela putorius furo OX=9669 GN=GIPR PE=3 SV=1
sp|P48546|GIPR_HUMAN,tr|E2RIK5|E2RIK5_CANLF,88.764,445,50,0,22,466,22,466,0.0,748,E2RIK5,Gastric inhibitory polypeptide receptor OS=Canis lupus familiaris OX=9615 GN=GIPR PE=3 SV=1
sp|P48546|GIPR_HUMAN,tr|W5PKD1|W5PKD1_SHEEP,85.811,444,63,0,23,466,23,466,0.0,743,W5PKD1,Gastric inhibitory polypeptide receptor OS=Ovis aries OX=9940 GN=GIPR PE=3 SV=1
sp|P48546|GIPR_HUMAN,tr|A0A383YZA7|A0A383YZA7_BALAS,86.771,446,59,0,21,466,21,466,0.0,742,A0A383YZA7,gastric inhibitory polypeptide receptor OS=Balaenoptera acutorostrata scammoni OX=310752 GN=GIPR PE=3 SV=1
sp|P48546|GIPR_HUMAN,tr|A0A2Y9PCQ4|A0A2Y9PCQ4_DELLE,86.547,446,60,0,21,466,21,466,0.0,741,A0A2Y9PCQ4,gastric inhibitory polypeptide receptor isoform X1 OS=Delphinapterus leucas OX=9749 GN=GIPR PE=3 SV=1
sp|P48546|GIPR_HUMAN,tr|A0A3Q0EA52|A0A3Q0EA52_TARSY,84.071,452,67,1,20,466,20,471,0.0,738,A0A3Q0EA52,gastric inhibitory polypeptide receptor isoform X1 OS=Tarsius syrichta OX=1868482 GN=GIPR PE=4 SV=1
sp|P48546|GIPR_HUMAN,tr|I3N2F6|I3N2F6_ICTTR,84.665,463,65,3,5,466,6,463,0.0,736,I3N2F6,Gastric inhibitory polypeptide receptor OS=Ictidomys tridecemlineatus OX=43179 GN=GIPR PE=3 SV=2
sp|P48546|GIPR_HUMAN,tr|A0A2Y9EJG0|A0A2Y9EJG0_PHYCD,86.099,446,62,0,21,466,21,466,0.0,732,A0A2Y9EJG0,gastric inhibitory polypeptide receptor OS=Physeter catodon OX=9755 GN=GIPR PE=3 SV=1
sp|P48546|GIPR_HUMAN,tr|A0A2U3ZGC6|A0A2U3ZGC6_ODORO,87.668,446,55,0,21,466,21,466,0.0,724,A0A2U3ZGC6,gastric inhibitory polypeptide receptor OS=Odobenus rosmarus divergens OX=9708 GN=GIPR PE=3 SV=1
sp|P48546|GIPR_HUMAN,tr|F6VG30|F6VG30_HORSE,88.315,445,49,3,23,466,23,465,0.0,722,F6VG30,Gastric inhibitory polypeptide receptor OS=Equus caballus OX=9796 GN=GIPR PE=3 SV=1
sp|P48546|GIPR_HUMAN,tr|H0UYK5|H0UYK5_CAVPO,85.102,443,59,2,24,466,20,455,0.0,715,H0UYK5,Gastric inhibitory polypeptide receptor OS=Cavia porcellus OX=10141 GN=GIPR PE=3 SV=2
sp|P48546|GIPR_HUMAN,tr|A0A091CP67|A0A091CP67_FUKDA,81.046,459,67,3,21,466,21,472,0.0,707,A0A091CP67,Gastric inhibitory polypeptide receptor OS=Fukomys damarensis OX=885580 GN=H920_19639 PE=3 SV=1
sp|P48546|GIPR_HUMAN,tr|G5AUX3|G5AUX3_HETGA,77.172,495,57,3,21,466,21,508,0.0,704,G5AUX3,Gastric inhibitory polypeptide receptor OS=Heterocephalus glaber OX=10181 GN=GW7_18098 PE=3 SV=1
sp|P48546|GIPR_HUMAN,tr|A0A2K6AGC6|A0A2K6AGC6_MANLE,85.193,466,36,6,1,466,1,433,0.0,704,A0A2K6AGC6,Gastric inhibitory polypeptide receptor OS=Mandrillus leucophaeus OX=9568 GN=GIPR PE=3 SV=1
sp|P48546|GIPR_HUMAN,sp|P43218|GIPR_MESAU,82.405,449,72,4,21,466,18,462,0.0,702,P43218,Gastric inhibitory polypeptide receptor OS=Mesocricetus auratus OX=10036 GN=GIPR PE=2 SV=1
sp|P48546|GIPR_HUMAN,tr|A0A384BJT7|A0A384BJT7_URSMA,78.029,487,66,1,21,466,46,532,0.0,692,A0A384BJT7,gastric inhibitory polypeptide receptor OS=Ursus maritimus OX=29073 GN=GIPR PE=3 SV=1
sp|P48546|GIPR_HUMAN,sp|Q0P543|GIPR_MOUSE,80.984,447,78,4,23,466,18,460,0.0,686,Q0P543,Gastric inhibitory polypeptide receptor OS=Mus musculus OX=10090 GN=Gipr PE=2 SV=2
sp|P48546|GIPR_HUMAN,sp|P43219|GIPR_RAT,80.984,447,75,3,21,466,18,455,0.0,683,P43219,Gastric inhibitory polypeptide receptor OS=Rattus norvegicus OX=10116 GN=Gipr PE=2 SV=1
sp|P48546|GIPR_HUMAN,tr|G1T265|G1T265_RABIT,85.068,442,49,2,28,466,26,453,0.0,682,G1T265,Gastric inhibitory polypeptide receptor OS=Oryctolagus cuniculus OX=9986 GN=GIPR PE=3 SV=1
sp|P48546|GIPR_HUMAN,tr|A0A1S3GGP9|A0A1S3GGP9_DIPOR,88.736,364,41,0,21,384,82,445,0.0,649,A0A1S3GGP9,gastric inhibitory polypeptide receptor OS=Dipodomys ordii OX=10020 GN=Gipr PE=3 SV=1
sp|P48546|GIPR_HUMAN,tr|L5KQ17|L5KQ17_PTEAL,71.373,510,48,4,55,466,2,511,0.0,646,L5KQ17,Gastric inhibitory polypeptide receptor OS=Pteropus alecto OX=9402 GN=PAL_GLEAN10004037 PE=3 SV=1
sp|P48546|GIPR_HUMAN,tr|G3VAN1|G3VAN1_SARHA,67.599,429,135,2,19,445,19,445,0.0,564,G3VAN1,Uncharacterized protein OS=Sarcophilus harrisii OX=9305 PE=3 SV=1
sp|P48546|GIPR_HUMAN,tr|G3UKY6|G3UKY6_LOXAF,79.795,391,65,5,34,413,1,388,0.0,558,G3UKY6,Gastric inhibitory polypeptide receptor OS=Loxodonta africana OX=9785 GN=GIPR PE=3 SV=1
sp|P48546|GIPR_HUMAN,tr|F6WUD5|F6WUD5_MONDO,66.518,448,131,4,23,466,20,452,0.0,555,F6WUD5,Gastric inhibitory polypeptide receptor OS=Monodelphis domestica OX=13616 GN=GIPR PE=3 SV=2
sp|P48546|GIPR_HUMAN,tr|G1NVA0|G1NVA0_MYOLU,69.712,416,120,3,57,466,1,416,1.11e-180,518,G1NVA0,Gastric inhibitory polypeptide receptor OS=Myotis lucifugus OX=59463 GN=GIPR PE=3 SV=1
sp|P48546|GIPR_HUMAN,tr|A0A2U3Y4N4|A0A2U3Y4N4_LEPWE,88.485,330,38,0,137,466,1,330,3.83e-177,506,A0A2U3Y4N4,gastric inhibitory polypeptide receptor OS=Leptonychotes weddellii OX=9713 GN=GIPR PE=3 SV=1
sp|P48546|GIPR_HUMAN,tr|H9GFA6|H9GFA6_ANOCA,57.073,410,166,2,21,420,21,430,2.69e-168,487,H9GFA6,Uncharacterized protein OS=Anolis carolinensis OX=28377 GN=LOC100556423 PE=3 SV=1
sp|P48546|GIPR_HUMAN,tr|E7FCX8|E7FCX8_DANRE,51.020,490,207,8,1,466,1,481,8.68e-153,451,E7FCX8,Gastric inhibitory polypeptide receptor OS=Danio rerio OX=7955 GN=gipr PE=3 SV=2
sp|P48546|GIPR_HUMAN,tr|W5KSS3|W5KSS3_ASTMX,56.481,432,172,5,1,422,1,426,9.90e-149,441,W5KSS3,Gastric inhibitory polypeptide receptor OS=Astyanax mexicanus OX=7994 PE=3 SV=1
sp|P48546|GIPR_HUMAN,tr|H3AGG3|H3AGG3_LATCH,56.250,432,178,4,15,436,10,440,8.51e-148,438,H3AGG3,Gastric inhibitory polypeptide receptor OS=Latimeria chalumnae OX=7897 GN=GIPR PE=3 SV=1
sp|P48546|GIPR_HUMAN,tr|A0A1S3NQC3|A0A1S3NQC3_SALSA,55.116,430,175,6,4,422,3,425,3.39e-145,431,A0A1S3NQC3,glucagon receptor-like isoform X1 OS=Salmo salar OX=8030 GN=LOC106580753 PE=3 SV=1
sp|P48546|GIPR_HUMAN,tr|A0A1S3SZ13|A0A1S3SZ13_SALSA,56.188,404,165,4,30,422,21,423,3.40e-144,429,A0A1S3SZ13,glucagon receptor-like OS=Salmo salar OX=8030 GN=LOC106612691 PE=3 SV=1
sp|P48546|GIPR_HUMAN,tr|W5NC52|W5NC52_LEPOC,52.609,460,180,8,9,460,9,438,6.41e-142,422,W5NC52,Gastric inhibitory polypeptide receptor OS=Lepisosteus oculatus OX=7918 PE=3 SV=1
sp|P48546|GIPR_HUMAN,tr|A0A2D0SW99|A0A2D0SW99_ICTPU,56.824,403,163,4,29,421,23,424,1.70e-141,422,A0A2D0SW99,gastric inhibitory polypeptide receptor-like OS=Ictalurus punctatus OX=7998 GN=LOC108278000 PE=3 SV=1
sp|P48546|GIPR_HUMAN,tr|A0A1S3RC43|A0A1S3RC43_SALSA,50.246,406,190,4,27,422,20,423,1.03e-140,421,A0A1S3RC43,glucagon receptor-like OS=Salmo salar OX=8030 GN=LOC106602019 PE=3 SV=1
sp|P48546|GIPR_HUMAN,tr|A0A0D9S4L9|A0A0D9S4L9_CHLSB,51.685,445,194,8,29,452,26,470,7.99e-140,417,A0A0D9S4L9,Glucagon receptor OS=Chlorocebus sabaeus OX=60711 GN=GCGR PE=3 SV=1
sp|P48546|GIPR_HUMAN,tr|A0A2K5N5W0|A0A2K5N5W0_CERAT,51.693,443,195,7,28,459,25,459,2.94e-139,415,A0A2K5N5W0,Glucagon receptor OS=Cercocebus atys OX=9531 GN=GCGR PE=3 SV=1
sp|P48546|GIPR_HUMAN,tr|A0A2Y9FKI9|A0A2Y9FKI9_PHYCD,52.719,423,186,6,28,439,25,444,5.01e-139,414,A0A2Y9FKI9,glucagon receptor OS=Physeter catodon OX=9755 GN=GCGR PE=3 SV=1
sp|P48546|GIPR_HUMAN,tr|E1BKB6|E1BKB6_BOVIN,51.435,453,199,9,22,461,20,464,7.57e-139,414,E1BKB6,Glucagon receptor OS=Bos taurus OX=9913 GN=GCGR PE=3 SV=1
sp|P48546|GIPR_HUMAN,tr|A0A2K5ZFH3|A0A2K5ZFH3_MANLE,51.467,443,196,7,28,459,25,459,7.91e-139,414,A0A2K5ZFH3,Glucagon receptor OS=Mandrillus leucophaeus OX=9568 GN=GCGR PE=3 SV=1
sp|P48546|GIPR_HUMAN,tr|G3GX77|G3GX77_CRIGR,48.864,440,214,5,28,456,26,465,1.52e-138,413,G3GX77,Glucagon receptor OS=Cricetulus griseus OX=10029 GN=I79_002392 PE=3 SV=1
sp|P48546|GIPR_HUMAN,tr|G1RH24|G1RH24_NOMLE,51.121,446,197,8,28,452,25,470,4.35e-138,412,G1RH24,Glucagon receptor OS=Nomascus leucogenys OX=61853 GN=GCGR PE=3 SV=1
sp|P48546|GIPR_HUMAN,tr|F6UEW9|F6UEW9_XENTR,54.198,393,170,3,30,413,2,393,6.13e-138,409,F6UEW9,Gastric inhibitory polypeptide receptor OS=Xenopus tropicalis OX=8364 GN=gipr PE=3 SV=1
sp|P48546|GIPR_HUMAN,tr|G5BJ74|G5BJ74_HETGA,50.562,445,201,7,28,461,25,461,6.30e-138,412,G5BJ74,Glucagon receptor OS=Heterocephalus glaber OX=10181 GN=GW7_04089 PE=3 SV=1
sp|P48546|GIPR_HUMAN,tr|A0A060WGN5|A0A060WGN5_ONCMY,56.186,388,162,2,50,434,1,383,8.43e-138,410,A0A060WGN5,Uncharacterized protein OS=Oncorhynchus mykiss OX=8022 GN=GSONMT00074857001 PE=3 SV=1
sp|P48546|GIPR_HUMAN,tr|A0A2U3YHV1|A0A2U3YHV1_LEPWE,54.455,404,173,5,28,420,24,427,9.01e-138,411,A0A2U3YHV1,glucagon receptor OS=Leptonychotes weddellii OX=9713 GN=GCGR PE=3 SV=1
sp|P48546|GIPR_HUMAN,tr|W5KKH7|W5KKH7_ASTMX,47.404,443,214,5,34,466,7,440,1.03e-137,411,W5KKH7,Glucagon receptor b OS=Astyanax mexicanus OX=7994 PE=3 SV=2
sp|P48546|GIPR_HUMAN,tr|A0A2K6E9G1|A0A2K6E9G1_MACNE,51.016,443,198,7,28,459,25,459,1.14e-137,411,A0A2K6E9G1,Glucagon receptor OS=Macaca nemestrina OX=9545 GN=GCGR PE=3 SV=1
sp|P48546|GIPR_HUMAN,tr|A0A2Y9KZY3|A0A2Y9KZY3_ENHLU,52.403,437,193,7,28,450,27,462,1.35e-137,411,A0A2Y9KZY3,glucagon receptor OS=Enhydra lutris kenyoni OX=391180 GN=LOC111160412 PE=3 SV=1
sp|P48546|GIPR_HUMAN,tr|A0A1L8F842|A0A1L8F842_XENLA,52.393,397,179,3,21,408,83,478,1.48e-137,412,A0A1L8F842,Uncharacterized protein OS=Xenopus laevis OX=8355 GN=XELAEV_18039060mg PE=3 SV=1
sp|P48546|GIPR_HUMAN,tr|G7PT51|G7PT51_MACFA,50.112,447,203,6,28,462,25,463,1.66e-137,410,G7PT51,Uncharacterized protein (Fragment) OS=Macaca fascicularis OX=9541 GN=EGM_08276 PE=3 SV=1
sp|P48546|GIPR_HUMAN,tr|A0A151N6I1|A0A151N6I1_ALLMI,49.500,400,192,2,27,416,65,464,1.85e-137,410,A0A151N6I1,Gastric inhibitory polypeptide receptor OS=Alligator mississippiensis OX=8496 GN=GIPR PE=3 SV=1
sp|P48546|GIPR_HUMAN,tr|F6Q5D8|F6Q5D8_MONDO,52.719,423,187,6,29,439,27,448,6.98e-137,410,F6Q5D8,Glucagon receptor OS=Monodelphis domestica OX=13616 GN=GCGR PE=3 SV=2
sp|P48546|GIPR_HUMAN,tr|H0VZQ6|H0VZQ6_CAVPO,50.000,450,205,7,26,461,23,466,8.54e-137,409,H0VZQ6,Glucagon receptor OS=Cavia porcellus OX=10141 GN=GCGR PE=3 SV=1
sp|P48546|GIPR_HUMAN,tr|B7ZSD5|B7ZSD5_XENLA,48.551,414,205,4,29,434,22,435,1.28e-136,409,B7ZSD5,Glucagon receptor OS=Xenopus laevis OX=8355 GN=gcgrp-A PE=2 SV=1
sp|P48546|GIPR_HUMAN,tr|M3WND6|M3WND6_FELCA,51.887,424,192,6,26,438,25,447,1.66e-136,408,M3WND6,Glucagon receptor OS=Felis catus OX=9685 GN=GCGR PE=3 SV=3
sp|P48546|GIPR_HUMAN,tr|A0A2Y9DGE9|A0A2Y9DGE9_TRIMA,50.444,450,207,8,22,458,20,466,2.04e-136,408,A0A2Y9DGE9,glucagon receptor OS=Trichechus manatus latirostris OX=127582 GN=LOC101342398 PE=3 SV=1
sp|P48546|GIPR_HUMAN,tr|A0A1U7RDC8|A0A1U7RDC8_MESAU,79.137,278,46,5,197,466,100,373,2.38e-136,404,A0A1U7RDC8,gastric inhibitory polypeptide receptor OS=Mesocricetus auratus OX=10036 GN=Gipr PE=3 SV=1
sp|P48546|GIPR_HUMAN,tr|A0A1U7RDC8|A0A1U7RDC8_MESAU,76.316,76,18,0,21,96,18,93,3.99e-33,136,A0A1U7RDC8,gastric inhibitory polypeptide receptor OS=Mesocricetus auratus OX=10036 GN=Gipr PE=3 SV=1
sp|P48546|GIPR_HUMAN,tr|A0A287ABC1|A0A287ABC1_PIG,51.351,444,193,8,29,453,26,465,2.64e-136,407,A0A287ABC1,Glucagon receptor OS=Sus scrofa OX=9823 GN=GCGR PE=3 SV=1
sp|P48546|GIPR_HUMAN,tr|A0A060W6Z9|A0A060W6Z9_ONCMY,52.887,433,177,7,1,422,19,435,3.61e-136,409,A0A060W6Z9,Uncharacterized protein OS=Oncorhynchus mykiss OX=8022 GN=GSONMT00068006001 PE=3 SV=1
sp|P48546|GIPR_HUMAN,tr|E2R517|E2R517_CANLF,51.529,425,194,6,26,439,22,445,1.13e-135,405,E2R517,Glucagon receptor OS=Canis lupus familiaris OX=9615 GN=GCGR PE=3 SV=2
sp|P48546|GIPR_HUMAN,tr|A0A1U7SLM7|A0A1U7SLM7_ALLSI,49.380,403,189,4,27,416,133,533,2.29e-135,407,A0A1U7SLM7,glucagon receptor-like OS=Alligator sinensis OX=38654 GN=LOC102381952 PE=3 SV=2
sp|P48546|GIPR_HUMAN,tr|W5N950|W5N950_LEPOC,52.099,405,179,4,31,422,24,426,3.67e-135,405,W5N950,Glucagon receptor a OS=Lepisosteus oculatus OX=7918 PE=3 SV=1
sp|P48546|GIPR_HUMAN,tr|G3TZT9|G3TZT9_LOXAF,51.288,427,175,9,55,453,1,422,4.30e-135,402,G3TZT9,Glucagon receptor OS=Loxodonta africana OX=9785 GN=GCGR PE=3 SV=1
sp|P48546|GIPR_HUMAN,tr|H9KVX4|H9KVX4_CALJA,52.475,404,181,5,29,421,25,428,7.92e-135,404,H9KVX4,Glucagon receptor OS=Callithrix jacchus OX=9483 GN=GCGR PE=3 SV=2
sp|P48546|GIPR_HUMAN,sp|Q61606|GLR_MOUSE,49.554,448,209,7,28,459,26,472,1.44e-134,403,Q61606,Glucagon receptor OS=Mus musculus OX=10090 GN=Gcgr PE=2 SV=2
sp|P48546|GIPR_HUMAN,tr|A0A0Q3MNG3|A0A0Q3MNG3_AMAAE,51.031,388,179,3,36,412,62,449,5.24e-134,401,A0A0Q3MNG3,Glucagon receptor-like protein OS=Amazona aestiva OX=12930 GN=AAES_52716 PE=3 SV=1
sp|P48546|GIPR_HUMAN,tr|A0A2I0LP26|A0A2I0LP26_COLLI,48.317,416,202,4,8,412,11,424,2.54e-133,398,A0A2I0LP26,Glucagon receptor OS=Columba livia OX=8932 GN=A306_00012518 PE=3 SV=1
sp|P48546|GIPR_HUMAN,tr|A0A3Q0E5G2|A0A3Q0E5G2_TARSY,52.551,392,175,5,26,406,22,413,5.57e-133,397,A0A3Q0E5G2,glucagon receptor OS=Tarsius syrichta OX=1868482 GN=GCGR PE=4 SV=1
sp|P48546|GIPR_HUMAN,tr|H0XI39|H0XI39_OTOGA,52.525,396,177,5,23,407,15,410,5.88e-133,397,H0XI39,Glucagon receptor OS=Otolemur garnettii OX=30611 GN=GCGR PE=3 SV=1
sp|P48546|GIPR_HUMAN,tr|U3JP90|U3JP90_FICAL,49.242,396,190,3,28,412,29,424,7.30e-133,397,U3JP90,Uncharacterized protein OS=Ficedula albicollis OX=59894 PE=3 SV=1
sp|P48546|GIPR_HUMAN,tr|H3B540|H3B540_LATCH,52.048,415,184,4,26,425,27,441,9.37e-133,399,H3B540,Glucagon receptor OS=Latimeria chalumnae OX=7897 GN=GCGR PE=3 SV=2
sp|P48546|GIPR_HUMAN,tr|C0J3M4|C0J3M4_CHICK,50.258,388,182,3,36,412,34,421,1.46e-132,396,C0J3M4,Glucagon receptor-like protein OS=Gallus gallus OX=9031 GN=LOC772096 PE=2 SV=1
sp|P48546|GIPR_HUMAN,tr|A0A2U3W8F6|A0A2U3W8F6_ODORO,53.191,423,186,6,30,441,409,830,3.22e-132,409,A0A2U3W8F6,LOW QUALITY PROTEIN: glucagon receptor OS=Odobenus rosmarus divergens OX=9708 GN=GCGR PE=3 SV=1
sp|P48546|GIPR_HUMAN,tr|A0A2R9AXT8|A0A2R9AXT8_PANPA,51.016,443,198,7,28,459,25,459,3.32e-132,397,A0A2R9AXT8,Glucagon receptor OS=Pan paniscus OX=9597 GN=GCGR PE=3 SV=1
sp|P48546|GIPR_HUMAN,tr|A0A1V4KT83|A0A1V4KT83_PATFA,50.000,388,183,3,36,412,37,424,4.78e-132,395,A0A1V4KT83,Glucagon receptor OS=Patagioenas fasciata monilis OX=372326 GN=AV530_001092 PE=3 SV=1
sp|P48546|GIPR_HUMAN,sp|P47871|GLR_HUMAN,51.016,443,198,7,28,459,25,459,4.85e-132,396,P47871,Glucagon receptor OS=Homo sapiens OX=9606 GN=GCGR PE=1 SV=1
sp|P48546|GIPR_HUMAN,tr|I3NFM0|I3NFM0_ICTTR,48.018,454,214,8,28,466,25,471,5.46e-132,396,I3NFM0,Glucagon receptor OS=Ictidomys tridecemlineatus OX=43179 GN=GCGR PE=3 SV=1
sp|P48546|GIPR_HUMAN,tr|G1KKF1|G1KKF1_ANOCA,49.770,434,197,6,1,422,1,425,6.03e-132,397,G1KKF1,Glucagon receptor OS=Anolis carolinensis OX=28377 GN=GCGR PE=3 SV=1
sp|P48546|GIPR_HUMAN,tr|A0A384AF31|A0A384AF31_BALAS,48.498,466,199,8,26,453,23,485,9.15e-132,396,A0A384AF31,glucagon receptor isoform X1 OS=Balaenoptera acutorostrata scammoni OX=310752 GN=GCGR PE=3 SV=1
sp|P48546|GIPR_HUMAN,tr|A0A0P7W0V5|A0A0P7W0V5_9TELE,50.123,405,184,5,27,422,2,397,6.56e-131,394,A0A0P7W0V5,Glucagon receptor-like (Fragment) OS=Scleropages formosus OX=113540 GN=Z043_100352 PE=3 SV=1
sp|P48546|GIPR_HUMAN,tr|A0A091DUE1|A0A091DUE1_FUKDA,53.470,389,170,5,26,403,23,411,7.80e-131,394,A0A091DUE1,Glucagon receptor OS=Fukomys damarensis OX=885580 GN=H920_02938 PE=3 SV=1
sp|P48546|GIPR_HUMAN,tr|F6UDH6|F6UDH6_XENTR,48.731,394,191,3,25,407,22,415,8.06e-131,392,F6UDH6,Uncharacterized protein OS=Xenopus tropicalis OX=8364 PE=3 SV=1
sp|P48546|GIPR_HUMAN,tr|W5Q9S8|W5Q9S8_SHEEP,48.140,457,210,11,22,453,21,475,1.67e-130,393,W5Q9S8,Glucagon receptor OS=Ovis aries OX=9940 GN=GCGR PE=3 SV=1
sp|P48546|GIPR_HUMAN,tr|A0A151NY97|A0A151NY97_ALLMI,49.545,440,208,5,26,455,19,454,4.33e-130,392,A0A151NY97,Glucagon receptor OS=Alligator mississippiensis OX=8496 GN=GCGR PE=3 SV=1
sp|P48546|GIPR_HUMAN,tr|A0A091ITY0|A0A091ITY0_CALAN,52.368,380,164,5,36,399,6,384,5.88e-130,388,A0A091ITY0,Glucagon receptor (Fragment) OS=Calypte anna OX=9244 GN=N300_13995 PE=3 SV=1
sp|P48546|GIPR_HUMAN,sp|P30082|GLR_RAT,49.217,447,212,8,28,461,26,470,6.32e-130,391,P30082,Glucagon receptor OS=Rattus norvegicus OX=10116 GN=Gcgr PE=1 SV=2
sp|P48546|GIPR_HUMAN,tr|E7FB43|E7FB43_DANRE,47.032,438,215,5,27,450,20,454,7.62e-130,392,E7FB43,Glucagon receptor a OS=Danio rerio OX=7955 GN=gcgra PE=3 SV=1
sp|P48546|GIPR_HUMAN,tr|A0A1L8F3F8|A0A1L8F3F8_XENLA,49.649,427,172,5,21,405,14,439,1.64e-129,390,A0A1L8F3F8,Uncharacterized protein OS=Xenopus laevis OX=8355 GN=XELAEV_18042361mg PE=3 SV=1
sp|P48546|GIPR_HUMAN,tr|A0A2Y9PQC2|A0A2Y9PQC2_DELLE,48.673,452,189,6,28,439,92,540,4.24e-129,392,A0A2Y9PQC2,glucagon receptor isoform X1 OS=Delphinapterus leucas OX=9749 GN=GCGR PE=3 SV=1
sp|P48546|GIPR_HUMAN,tr|H2RC88|H2RC88_PANTR,50.897,446,197,8,28,459,25,462,7.28e-129,389,H2RC88,Glucagon receptor OS=Pan troglodytes OX=9598 GN=GCGR PE=3 SV=2
sp|P48546|GIPR_HUMAN,tr|A0A091F219|A0A091F219_CORBR,51.622,370,166,4,55,412,2,370,8.24e-129,384,A0A091F219,Glucagon receptor (Fragment) OS=Corvus brachyrhynchos OX=85066 GN=N302_12953 PE=3 SV=1
sp|P48546|GIPR_HUMAN,tr|F6Q776|F6Q776_HORSE,51.577,444,201,7,28,458,26,468,1.06e-128,388,F6Q776,Glucagon receptor OS=Equus caballus OX=9796 GN=GCGR PE=3 SV=1
sp|P48546|GIPR_HUMAN,tr|A0A151NK47|A0A151NK47_ALLMI,56.510,384,156,4,24,398,54,435,2.59e-128,385,A0A151NK47,Gastric inhibitory polypeptide receptor OS=Alligator mississippiensis OX=8496 GN=Y1Q_0016072 PE=3 SV=1
sp|P48546|GIPR_HUMAN,tr|A0A226MY85|A0A226MY85_CALSU,50.394,381,178,3,36,405,34,414,2.63e-128,387,A0A226MY85,Uncharacterized protein OS=Callipepla squamata OX=9009 GN=ASZ78_000963 PE=3 SV=1
sp|P48546|GIPR_HUMAN,tr|A0A226P366|A0A226P366_COLVI,50.394,381,178,3,36,405,34,414,2.68e-128,387,A0A226P366,Uncharacterized protein OS=Colinus virginianus OX=9014 GN=H355_001858 PE=3 SV=1
sp|P48546|GIPR_HUMAN,tr|A0A3Q0CJ75|A0A3Q0CJ75_MESAU,49.339,454,212,8,28,464,78,530,2.88e-128,389,A0A3Q0CJ75,glucagon receptor isoform X1 OS=Mesocricetus auratus OX=10036 GN=Gcgr PE=4 SV=1
sp|P48546|GIPR_HUMAN,tr|A0A0Q3PJT1|A0A0Q3PJT1_AMAAE,49.213,445,213,5,26,460,18,459,3.37e-128,387,A0A0Q3PJT1,Glucagon receptor OS=Amazona aestiva OX=12930 GN=AAES_82635 PE=3 SV=1
sp|P48546|GIPR_HUMAN,tr|A0A091FQH8|A0A091FQH8_9AVES,50.260,384,172,4,36,401,6,388,4.85e-128,384,A0A091FQH8,Glucagon receptor (Fragment) OS=Cuculus canorus OX=55661 GN=N303_04380 PE=3 SV=1
sp|P48546|GIPR_HUMAN,tr|G3R9V0|G3R9V0_GORGO,50.805,435,200,6,28,448,25,459,4.91e-128,386,G3R9V0,Glucagon receptor OS=Gorilla gorilla gorilla OX=9595 PE=3 SV=2
sp|P48546|GIPR_HUMAN,tr|A0A1S3GK17|A0A1S3GK17_DIPOR,52.713,387,172,5,28,403,29,415,4.04e-127,384,A0A1S3GK17,glucagon receptor OS=Dipodomys ordii OX=10020 GN=Gcgr PE=3 SV=1
sp|P48546|GIPR_HUMAN,tr|A0A1L8EYD0|A0A1L8EYD0_XENLA,48.953,382,184,3,37,407,26,407,1.72e-126,380,A0A1L8EYD0,Uncharacterized protein OS=Xenopus laevis OX=8355 GN=XELAEV_18045441mg PE=3 SV=1
sp|P48546|GIPR_HUMAN,tr|A0A2U9CQW6|A0A2U9CQW6_SCOMX,46.973,413,196,3,27,422,20,426,2.80e-126,383,A0A2U9CQW6,Putative glucagon receptor-like OS=Scophthalmus maximus OX=52904 GN=SMAX5B_020902 PE=3 SV=1
sp|P48546|GIPR_HUMAN,tr|H3CYL1|H3CYL1_TETNG,46.523,417,213,4,27,441,20,428,8.50e-126,381,H3CYL1,Glucagon receptor a OS=Tetraodon nigroviridis OX=99883 PE=3 SV=1
sp|P48546|GIPR_HUMAN,tr|A0A226PLU6|A0A226PLU6_COLVI,48.182,440,214,6,26,455,18,453,1.22e-125,381,A0A226PLU6,Uncharacterized protein OS=Colinus virginianus OX=9014 GN=H355_005013 PE=3 SV=1
sp|P48546|GIPR_HUMAN,tr|L5JQE1|L5JQE1_PTEAL,47.439,449,205,9,26,459,7,439,2.14e-125,378,L5JQE1,Glucagon-like peptide 1 receptor OS=Pteropus alecto OX=9402 GN=PAL_GLEAN10025472 PE=3 SV=1
sp|P48546|GIPR_HUMAN,tr|A6N8N7|A6N8N7_CHICK,46.889,450,228,5,26,464,18,467,2.15e-125,380,A6N8N7,Glucagon receptor OS=Gallus gallus OX=9031 GN=GCGR PE=2 SV=1
sp|P48546|GIPR_HUMAN,tr|A0A087QIB9|A0A087QIB9_APTFO,50.829,362,164,4,58,412,7,361,5.23e-125,374,A0A087QIB9,Glucagon receptor (Fragment) OS=Aptenodytes forsteri OX=9233 GN=AS27_07098 PE=3 SV=1
sp|P48546|GIPR_HUMAN,tr|A0A3B1JPT3|A0A3B1JPT3_ASTMX,48.668,413,194,6,26,422,19,429,6.75e-125,380,A0A3B1JPT3,Glucagon receptor a OS=Astyanax mexicanus OX=7994 PE=3 SV=1
sp|P48546|GIPR_HUMAN,tr|A0A093RWY7|A0A093RWY7_9PASS,50.000,380,163,5,55,412,5,379,1.33e-124,374,A0A093RWY7,Glucagon receptor (Fragment) OS=Manacus vitellinus OX=328815 GN=N305_01233 PE=3 SV=1
sp|P48546|GIPR_HUMAN,tr|A0A3B3HYZ9|A0A3B3HYZ9_ORYLA,44.545,440,212,5,3,422,2,429,1.64e-124,379,A0A3B3HYZ9,Glucagon receptor a OS=Oryzias latipes OX=8090 GN=gcgr PE=3 SV=1
sp|P48546|GIPR_HUMAN,tr|G3P8K2|G3P8K2_GASAC,46.506,415,196,5,27,422,20,427,5.16e-124,377,G3P8K2,Glucagon receptor a OS=Gasterosteus aculeatus OX=69293 PE=3 SV=1
sp|P48546|GIPR_HUMAN,tr|K7FQB9|K7FQB9_PELSI,53.218,404,161,6,24,412,20,410,7.04e-124,375,K7FQB9,Uncharacterized protein OS=Pelodiscus sinensis OX=13735 PE=3 SV=1
sp|P48546|GIPR_HUMAN,tr|U3KC43|U3KC43_FICAL,48.073,441,214,6,26,455,57,493,1.68e-123,377,U3KC43,Glucagon receptor OS=Ficedula albicollis OX=59894 GN=GCGR PE=3 SV=1
sp|P48546|GIPR_HUMAN,tr|M3W5V1|M3W5V1_FELCA,46.120,451,213,8,22,457,20,455,2.24e-123,374,M3W5V1,Glucagon like peptide 1 receptor OS=Felis catus OX=9685 GN=GLP1R PE=3 SV=3
sp|P48546|GIPR_HUMAN,tr|F6WQ12|F6WQ12_HORSE,46.364,440,207,8,33,459,8,431,2.57e-123,373,F6WQ12,Glucagon like peptide 1 receptor OS=Equus caballus OX=9796 GN=GLP1R PE=3 SV=1
sp|P48546|GIPR_HUMAN,tr|A0A1S2ZDW7|A0A1S2ZDW7_ERIEU,49.020,408,190,6,22,414,20,424,2.70e-123,373,A0A1S2ZDW7,glucagon-like peptide 1 receptor OS=Erinaceus europaeus OX=9365 GN=GLP1R PE=3 SV=1
sp|P48546|GIPR_HUMAN,tr|A0A1U7SJN2|A0A1U7SJN2_ALLSI,48.636,440,212,5,26,455,19,454,3.76e-123,374,A0A1U7SJN2,glucagon receptor OS=Alligator sinensis OX=38654 GN=GCGR PE=3 SV=1
sp|P48546|GIPR_HUMAN,tr|I3J0U5|I3J0U5_ORENI,46.552,406,196,4,34,422,27,428,6.34e-123,375,I3J0U5,Glucagon receptor a OS=Oreochromis niloticus OX=8128 GN=gcgr PE=3 SV=1
sp|P48546|GIPR_HUMAN,tr|A0A226N0K0|A0A226N0K0_CALSU,47.489,438,218,5,26,453,18,453,6.94e-123,374,A0A226N0K0,Uncharacterized protein OS=Callipepla squamata OX=9009 GN=ASZ78_013660 PE=3 SV=1
sp|P48546|GIPR_HUMAN,tr|G1N1K7|G1N1K7_MELGA,46.667,450,229,5,26,464,18,467,8.80e-123,373,G1N1K7,Glucagon receptor OS=Meleagris gallopavo OX=9103 GN=GCGR PE=3 SV=1
sp|P48546|GIPR_HUMAN,tr|A0A2Y9R5V5|A0A2Y9R5V5_TRIMA,46.759,432,202,6,33,451,32,448,9.36e-123,372,A0A2Y9R5V5,glucagon-like peptide 1 receptor OS=Trichechus manatus latirostris OX=127582 GN=LOC101354433 PE=3 SV=1
sp|P48546|GIPR_HUMAN,tr|G1SGD4|G1SGD4_RABIT,45.067,446,222,7,22,447,20,462,9.57e-123,372,G1SGD4,Glucagon like peptide 1 receptor OS=Oryctolagus cuniculus OX=9986 GN=GLP1R PE=1 SV=2
sp|P48546|GIPR_HUMAN,tr|A0A1V4J7A3|A0A1V4J7A3_PATFA,47.608,439,209,6,30,450,17,452,1.00e-122,373,A0A1V4J7A3,Glucagon receptor OS=Patagioenas fasciata monilis OX=372326 GN=GCGR PE=3 SV=1
sp|P48546|GIPR_HUMAN,tr|W5Q4G0|W5Q4G0_SHEEP,45.638,447,215,8,26,459,24,455,2.07e-122,371,W5Q4G0,Glucagon like peptide 1 receptor OS=Ovis aries OX=9940 GN=GLP1R PE=3 SV=1
sp|P48546|GIPR_HUMAN,tr|A0A1S3WVE5|A0A1S3WVE5_ERIEU,49.302,430,203,6,26,442,58,485,2.47e-122,372,A0A1S3WVE5,glucagon receptor OS=Erinaceus europaeus OX=9365 GN=GCGR PE=3 SV=1
sp|P48546|GIPR_HUMAN,tr|H3A1R4|H3A1R4_LATCH,51.491,369,168,3,58,415,1,369,2.59e-122,368,H3A1R4,Uncharacterized protein OS=Latimeria chalumnae OX=7897 GN=LOC102363678 PE=3 SV=1
sp|P48546|GIPR_HUMAN,tr|H2U0Q8|H2U0Q8_TAKRU,47.949,390,190,3,35,422,16,394,5.45e-122,371,H2U0Q8,Glucagon receptor a OS=Takifugu rubripes OX=31033 PE=3 SV=2
sp|P48546|GIPR_HUMAN,tr|F1RCQ6|F1RCQ6_DANRE,47.516,463,226,7,13,460,1,461,6.97e-122,372,F1RCQ6,Glucagon receptor b OS=Danio rerio OX=7955 GN=gcgrb PE=3 SV=2
sp|P48546|GIPR_HUMAN,tr|H0VTD3|H0VTD3_CAVPO,46.154,429,208,7,22,430,20,445,8.45e-122,370,H0VTD3,Glucagon like peptide 1 receptor OS=Cavia porcellus OX=10141 GN=GLP1R PE=3 SV=2
sp|P48546|GIPR_HUMAN,tr|I3M889|I3M889_ICTTR,46.364,440,207,8,33,459,43,466,9.76e-122,370,I3M889,Glucagon like peptide 1 receptor OS=Ictidomys tridecemlineatus OX=43179 GN=GLP1R PE=3 SV=2
sp|P48546|GIPR_HUMAN,tr|F7EEJ5|F7EEJ5_XENTR,46.914,405,194,6,29,422,22,416,1.59e-121,370,F7EEJ5,Glucagon receptor OS=Xenopus tropicalis OX=8364 GN=gcgr PE=3 SV=1
sp|P48546|GIPR_HUMAN,tr|A0A087YD24|A0A087YD24_POEFO,48.241,398,186,7,24,405,20,413,1.63e-121,367,A0A087YD24,Uncharacterized protein OS=Poecilia formosa OX=48698 PE=3 SV=2
sp|P48546|GIPR_HUMAN,tr|F1RVR1|F1RVR1_PIG,46.050,443,219,7,22,449,20,457,1.84e-121,369,F1RVR1,Glucagon-like peptide-1 receptor OS=Sus scrofa OX=9823 GN=GLP1R PE=2 SV=2
sp|P48546|GIPR_HUMAN,tr|A0A2Y9NX78|A0A2Y9NX78_DELLE,45.475,453,217,8,22,459,20,457,2.15e-121,369,A0A2Y9NX78,glucagon-like peptide 1 receptor OS=Delphinapterus leucas OX=9749 GN=GLP1R PE=3 SV=1
sp|P48546|GIPR_HUMAN,tr|A0A1S3NGW0|A0A1S3NGW0_SALSA,47.118,399,195,6,29,413,26,422,2.77e-121,367,A0A1S3NGW0,glucagon receptor-like OS=Salmo salar OX=8030 GN=LOC106579376 PE=3 SV=1
sp|P48546|GIPR_HUMAN,tr|E1BHF7|E1BHF7_BOVIN,45.414,447,216,8,26,459,27,458,3.17e-121,368,E1BHF7,Glucagon like peptide 1 receptor OS=Bos taurus OX=9913 GN=GLP1R PE=3 SV=1
sp|P48546|GIPR_HUMAN,tr|G3P333|G3P333_GASAC,47.487,398,188,8,24,405,20,412,3.63e-121,367,G3P333,Uncharacterized protein (Fragment) OS=Gasterosteus aculeatus OX=69293 PE=3 SV=1
sp|P48546|GIPR_HUMAN,tr|A0A2I4CKW1|A0A2I4CKW1_9TELE,46.495,428,207,6,11,422,4,425,3.78e-121,370,A0A2I4CKW1,glucagon receptor OS=Austrofundulus limnaeus OX=52670 GN=gcgr PE=3 SV=1
sp|P48546|GIPR_HUMAN,tr|A0A218UF66|A0A218UF66_9PASE,44.298,456,194,7,7,412,10,455,5.05e-121,368,A0A218UF66,Glucagon receptor OS=Lonchura striata domestica OX=299123 GN=GCGR_1 PE=3 SV=1
sp|P48546|GIPR_HUMAN,tr|M3YQU3|M3YQU3_MUSPF,46.651,433,202,7,33,451,8,425,7.09e-121,367,M3YQU3,Glucagon like peptide 1 receptor OS=Mustela putorius furo OX=9669 GN=GLP1R PE=3 SV=1
sp|P48546|GIPR_HUMAN,tr|A0A2Y9JPL5|A0A2Y9JPL5_ENHLU,46.528,432,203,6,33,451,33,449,8.41e-121,367,A0A2Y9JPL5,glucagon-like peptide 1 receptor OS=Enhydra lutris kenyoni OX=391180 GN=LOC111147798 PE=3 SV=1
sp|P48546|GIPR_HUMAN,tr|G3SU22|G3SU22_LOXAF,46.205,448,210,9,20,451,18,450,9.17e-121,367,G3SU22,Glucagon like peptide 1 receptor OS=Loxodonta africana OX=9785 GN=GLP1R PE=3 SV=1
sp|P48546|GIPR_HUMAN,tr|G3RF24|G3RF24_GORGO,45.111,450,216,8,19,453,17,450,9.27e-121,367,G3RF24,Glucagon like peptide 1 receptor OS=Gorilla gorilla gorilla OX=9595 PE=3 SV=2
sp|P48546|GIPR_HUMAN,tr|A0A3Q0CKL8|A0A3Q0CKL8_MESAU,45.695,453,215,9,22,459,20,456,9.79e-121,367,A0A3Q0CKL8,glucagon-like peptide 1 receptor OS=Mesocricetus auratus OX=10036 GN=Glp1r PE=4 SV=1
sp|P48546|GIPR_HUMAN,tr|A0A2U3WR40|A0A2U3WR40_ODORO,46.528,432,203,7,33,451,33,449,1.26e-120,367,A0A2U3WR40,glucagon-like peptide 1 receptor OS=Odobenus rosmarus divergens OX=9708 GN=GLP1R PE=3 SV=1
sp|P48546|GIPR_HUMAN,tr|A0A384DNG6|A0A384DNG6_URSMA,47.260,438,199,8,34,459,71,488,1.59e-120,368,A0A384DNG6,glucagon-like peptide 1 receptor OS=Ursus maritimus OX=29073 GN=GLP1R PE=3 SV=1
sp|P48546|GIPR_HUMAN,tr|G7P3E0|G7P3E0_MACFA,45.958,433,205,7,34,453,14,430,1.82e-120,365,G7P3E0,Uncharacterized protein OS=Macaca fascicularis OX=9541 GN=EGM_13564 PE=3 SV=1
sp|P48546|GIPR_HUMAN,tr|A0A2K5ZYN4|A0A2K5ZYN4_MANLE,45.111,450,216,8,19,453,17,450,3.06e-120,366,A0A2K5ZYN4,Glucagon like peptide 1 receptor OS=Mandrillus leucophaeus OX=9568 GN=GLP1R PE=3 SV=1
sp|P48546|GIPR_HUMAN,tr|A0A2K6BF82|A0A2K6BF82_MACNE,45.111,450,216,8,19,453,17,450,3.23e-120,366,A0A2K6BF82,Glucagon like peptide 1 receptor OS=Macaca nemestrina OX=9545 GN=GLP1R PE=3 SV=1
sp|P48546|GIPR_HUMAN,tr|H2QSY0|H2QSY0_PANTR,45.111,450,216,8,19,453,17,450,3.67e-120,365,H2QSY0,GLP1R isoform 1 OS=Pan troglodytes OX=9598 GN=GLP1R PE=3 SV=1
sp|P48546|GIPR_HUMAN,tr|A0A384BEE1|A0A384BEE1_BALAS,48.731,394,184,6,27,405,8,398,3.67e-120,365,A0A384BEE1,glucagon-like peptide 1 receptor OS=Balaenoptera acutorostrata scammoni OX=310752 GN=GLP1R PE=3 SV=1
sp|P48546|GIPR_HUMAN,tr|A0A2K5P7D9|A0A2K5P7D9_CERAT,45.111,450,216,8,19,453,17,450,3.71e-120,365,A0A2K5P7D9,Glucagon like peptide 1 receptor OS=Cercocebus atys OX=9531 GN=GLP1R PE=3 SV=1
sp|P48546|GIPR_HUMAN,tr|A0A096NHY6|A0A096NHY6_PAPAN,45.111,450,216,8,19,453,17,450,3.71e-120,365,A0A096NHY6,Glucagon like peptide 1 receptor OS=Papio anubis OX=9555 GN=GLP1R PE=3 SV=2
sp|P48546|GIPR_HUMAN,tr|A0A218ULL4|A0A218ULL4_9PASE,45.223,471,213,7,26,455,18,484,5.95e-120,367,A0A218ULL4,Glucagon receptor OS=Lonchura striata domestica OX=299123 GN=GCGR_0 PE=3 SV=1
sp|P48546|GIPR_HUMAN,tr|A0A2Y9SK94|A0A2Y9SK94_PHYCD,45.254,453,218,7,22,459,20,457,5.98e-120,365,A0A2Y9SK94,glucagon-like peptide 1 receptor OS=Physeter catodon OX=9755 GN=GLP1R PE=3 SV=1
sp|P48546|GIPR_HUMAN,sp|P32301|GLP1R_RAT,45.475,453,216,9,22,459,20,456,7.04e-120,365,P32301,Glucagon-like peptide 1 receptor OS=Rattus norvegicus OX=10116 GN=Glp1r PE=2 SV=1
sp|P48546|GIPR_HUMAN,tr|A0A2R9AQ36|A0A2R9AQ36_PANPA,45.958,433,205,7,34,453,39,455,7.08e-120,365,A0A2R9AQ36,Glucagon like peptide 1 receptor OS=Pan paniscus OX=9597 GN=GLP1R PE=3 SV=1
sp|P48546|GIPR_HUMAN,tr|H2PIX8|H2PIX8_PONAB,45.111,450,216,8,19,453,17,450,7.59e-120,365,H2PIX8,GLP1R isoform 1 OS=Pongo abelii OX=9601 GN=GLP1R PE=3 SV=1
sp|P48546|GIPR_HUMAN,sp|P43220|GLP1R_HUMAN,45.111,450,216,8,19,453,17,450,8.01e-120,365,P43220,Glucagon-like peptide 1 receptor OS=Homo sapiens OX=9606 GN=GLP1R PE=1 SV=2
sp|P48546|GIPR_HUMAN,tr|G3HLD4|G3HLD4_CRIGR,47.848,395,190,5,33,414,7,398,1.14e-119,363,G3HLD4,Glucagon-like peptide 1 receptor (Fragment) OS=Cricetulus griseus OX=10029 GN=I79_011522 PE=3 SV=1
sp|P48546|GIPR_HUMAN,sp|O35659|GLP1R_MOUSE,45.098,459,221,9,22,465,20,462,2.32e-119,363,O35659,Glucagon-like peptide 1 receptor OS=Mus musculus OX=10090 GN=Glp1r PE=1 SV=2
sp|P48546|GIPR_HUMAN,tr|G5B9F2|G5B9F2_HETGA,48.010,402,191,6,28,414,4,402,2.77e-119,362,G5B9F2,Glucagon-like peptide 1 receptor OS=Heterocephalus glaber OX=10181 GN=GW7_08994 PE=3 SV=1
sp|P48546|GIPR_HUMAN,tr|A0A2D0PY40|A0A2D0PY40_ICTPU,48.250,400,194,6,35,422,27,425,3.06e-119,365,A0A2D0PY40,glucagon receptor OS=Ictalurus punctatus OX=7998 GN=gcgr PE=3 SV=1
sp|P48546|GIPR_HUMAN,tr|A0A3B5Q0S7|A0A3B5Q0S7_XIPMA,46.824,425,207,4,11,422,4,422,1.20e-118,363,A0A3B5Q0S7,Glucagon receptor a OS=Xiphophorus maculatus OX=8083 PE=3 SV=1
sp|P48546|GIPR_HUMAN,tr|G1M570|G1M570_AILME,47.332,431,197,9,33,449,9,423,1.31e-118,362,G1M570,Uncharacterized protein OS=Ailuropoda melanoleuca OX=9646 PE=3 SV=1
sp|P48546|GIPR_HUMAN,tr|A0A0D9REZ4|A0A0D9REZ4_CHLSB,45.011,451,216,9,19,453,17,451,1.53e-118,362,A0A0D9REZ4,Glucagon like peptide 1 receptor OS=Chlorocebus sabaeus OX=60711 GN=GLP1R PE=3 SV=1
sp|P48546|GIPR_HUMAN,tr|J9JHK2|J9JHK2_CANLF,45.909,440,210,7,33,459,103,527,1.97e-118,363,J9JHK2,Glucagon like peptide 1 receptor OS=Canis lupus familiaris OX=9615 GN=GLP1R PE=3 SV=1
sp|P48546|GIPR_HUMAN,tr|A0A091J4F3|A0A091J4F3_EGRGA,46.154,403,203,4,27,417,2,402,5.80e-118,358,A0A091J4F3,Glucagon-like peptide 2 receptor (Fragment) OS=Egretta garzetta OX=188379 GN=Z169_14032 PE=3 SV=1
sp|P48546|GIPR_HUMAN,tr|G1MGL8|G1MGL8_AILME,47.865,445,215,9,28,461,29,467,5.91e-118,360,G1MGL8,Glucagon receptor OS=Ailuropoda melanoleuca OX=9646 GN=GCGR PE=3 SV=1
sp|P48546|GIPR_HUMAN,tr|I3KHY5|I3KHY5_ORENI,47.059,442,214,8,37,462,30,467,6.30e-118,362,I3KHY5,Glucagon receptor b OS=Oreochromis niloticus OX=8128 GN=LOC100692999 PE=3 SV=1
sp|P48546|GIPR_HUMAN,tr|A0A2D0Q6R0|A0A2D0Q6R0_ICTPU,44.731,465,226,6,30,466,20,481,8.47e-118,361,A0A2D0Q6R0,glucagon receptor-like OS=Ictalurus punctatus OX=7998 GN=LOC108258714 PE=3 SV=1
sp|P48546|GIPR_HUMAN,tr|A0A091D9Q2|A0A091D9Q2_FUKDA,46.528,432,203,6,33,451,365,781,9.29e-118,370,A0A091D9Q2,Glucagon-like peptide 1 receptor OS=Fukomys damarensis OX=885580 GN=H920_11621 PE=3 SV=1
sp|P48546|GIPR_HUMAN,tr|A0A087X8D2|A0A087X8D2_POEFO,45.045,444,224,5,11,441,4,440,9.66e-118,361,A0A087X8D2,Glucagon receptor a OS=Poecilia formosa OX=48698 PE=3 SV=2
sp|P48546|GIPR_HUMAN,tr|H0WM87|H0WM87_OTOGA,44.812,453,219,8,22,459,20,456,1.03e-117,359,H0WM87,Glucagon like peptide 1 receptor OS=Otolemur garnettii OX=30611 GN=GLP1R PE=3 SV=1
sp|P48546|GIPR_HUMAN,tr|M4ADN5|M4ADN5_XIPMA,47.032,438,219,9,37,466,30,462,1.60e-117,361,M4ADN5,Glucagon receptor b OS=Xiphophorus maculatus OX=8083 PE=3 SV=1
sp|P48546|GIPR_HUMAN,tr|A0A060VV55|A0A060VV55_ONCMY,48.052,385,184,6,29,399,16,398,1.79e-117,358,A0A060VV55,Uncharacterized protein OS=Oncorhynchus mykiss OX=8022 GN=GSONMT00078393001 PE=3 SV=1
sp|P48546|GIPR_HUMAN,tr|H3B352|H3B352_LATCH,46.667,390,195,5,39,415,1,390,1.83e-117,357,H3B352,Uncharacterized protein OS=Latimeria chalumnae OX=7897 PE=3 SV=1
sp|P48546|GIPR_HUMAN,tr|A0A2U9BR54|A0A2U9BR54_SCOMX,46.398,472,222,10,13,465,6,465,2.02e-117,360,A0A2U9BR54,Putative glucagon receptor-like OS=Scophthalmus maximus OX=52904 GN=SMAX5B_007544 PE=3 SV=1
sp|P48546|GIPR_HUMAN,tr|H2LTR1|H2LTR1_ORYLA,47.150,386,185,6,29,398,27,409,3.16e-117,356,H2LTR1,Uncharacterized protein OS=Oryzias latipes OX=8090 PE=3 SV=2
sp|P48546|GIPR_HUMAN,tr|A0A1L8G6V7|A0A1L8G6V7_XENLA,44.941,425,220,4,23,436,24,445,3.89e-117,357,A0A1L8G6V7,Uncharacterized protein OS=Xenopus laevis OX=8355 GN=XELAEV_18026368mg PE=3 SV=1
sp|P48546|GIPR_HUMAN,tr|A0A2I3HAI5|A0A2I3HAI5_NOMLE,46.083,434,204,9,34,453,32,449,9.27e-117,357,A0A2I3HAI5,Glucagon like peptide 1 receptor OS=Nomascus leucogenys OX=61853 GN=GLP1R PE=3 SV=1
sp|P48546|GIPR_HUMAN,tr|A0A1L8G0Z9|A0A1L8G0Z9_XENLA,44.548,431,221,5,21,436,15,442,1.10e-116,356,A0A1L8G0Z9,Uncharacterized protein OS=Xenopus laevis OX=8355 GN=XELAEV_18028575mg PE=3 SV=1
sp|P48546|GIPR_HUMAN,tr|A0A0A0AH61|A0A0A0AH61_CHAVO,46.154,403,203,4,27,417,2,402,1.87e-116,355,A0A0A0AH61,Glucagon-like peptide 2 receptor (Fragment) OS=Charadrius vociferus OX=50402 GN=N301_10259 PE=3 SV=1
sp|P48546|GIPR_HUMAN,tr|A0A093PS28|A0A093PS28_9PASS,52.473,364,163,4,59,412,2,365,1.01e-115,351,A0A093PS28,Glucagon receptor (Fragment) OS=Manacus vitellinus OX=328815 GN=N305_07900 PE=3 SV=1
sp|P48546|GIPR_HUMAN,tr|A0A2U9CN19|A0A2U9CN19_SCOMX,44.898,441,212,10,13,433,11,440,1.20e-115,381,A0A2U9CN19,Putative WD repeat-containing protein 90 OS=Scophthalmus maximus OX=52904 GN=SMAX5B_020202 PE=3 SV=1
sp|P48546|GIPR_HUMAN,tr|A0A1L8EUV9|A0A1L8EUV9_XENLA,44.416,394,204,5,28,408,29,420,1.76e-115,356,A0A1L8EUV9,Uncharacterized protein OS=Xenopus laevis OX=8355 GN=XELAEV_18044220mg PE=3 SV=1
sp|P48546|GIPR_HUMAN,tr|F7F467|F7F467_MONDO,41.365,469,247,7,18,464,55,517,3.47e-115,356,F7F467,Glucagon like peptide 2 receptor OS=Monodelphis domestica OX=13616 GN=GLP2R PE=3 SV=1
sp|P48546|GIPR_HUMAN,tr|H3D488|H3D488_TETNG,48.276,406,197,6,37,435,30,429,7.55e-115,351,H3D488,Uncharacterized protein OS=Tetraodon nigroviridis OX=99883 PE=3 SV=1
sp|P48546|GIPR_HUMAN,tr|A0A093H916|A0A093H916_DRYPU,45.521,413,199,5,17,417,4,402,2.88e-114,349,A0A093H916,Glucagon-like peptide 2 receptor (Fragment) OS=Dryobates pubescens OX=118200 GN=N307_06291 PE=3 SV=1
sp|P48546|GIPR_HUMAN,tr|A0A2I3MN00|A0A2I3MN00_PAPAN,49.875,399,157,5,28,384,25,422,7.94e-114,351,A0A2I3MN00,Glucagon receptor OS=Papio anubis OX=9555 GN=GCGR PE=3 SV=1
sp|P48546|GIPR_HUMAN,tr|A0A1V4JGN5|A0A1V4JGN5_PATFA,45.301,415,207,6,18,417,32,441,1.49e-113,351,A0A1V4JGN5,Glucagon-like peptide 2 receptor OS=Patagioenas fasciata monilis OX=372326 GN=GLP2R PE=3 SV=1
sp|P48546|GIPR_HUMAN,tr|U3K8W3|U3K8W3_FICAL,45.103,439,209,7,27,451,26,446,2.28e-113,348,U3K8W3,Glucagon like peptide 1 receptor OS=Ficedula albicollis OX=59894 GN=GLP1R PE=3 SV=1
sp|P48546|GIPR_HUMAN,tr|A0A091FW07|A0A091FW07_9AVES,51.630,368,164,5,59,412,5,372,2.70e-113,345,A0A091FW07,Glucagon receptor (Fragment) OS=Cuculus canorus OX=55661 GN=N303_00397 PE=3 SV=1
sp|P48546|GIPR_HUMAN,tr|A0A091VQH5|A0A091VQH5_NIPNI,45.792,404,201,5,30,417,1,402,2.72e-113,347,A0A091VQH5,Glucagon-like peptide 2 receptor (Fragment) OS=Nipponia nippon OX=128390 GN=Y956_06942 PE=3 SV=1
sp|P48546|GIPR_HUMAN,tr|H3D5K6|H3D5K6_TETNG,47.436,390,192,6,34,411,5,393,3.42e-113,347,H3D5K6,Uncharacterized protein OS=Tetraodon nigroviridis OX=99883 PE=3 SV=1
sp|P48546|GIPR_HUMAN,tr|F7I191|F7I191_CALJA,44.875,439,205,8,34,459,34,448,9.99e-113,346,F7I191,Glucagon like peptide 1 receptor OS=Callithrix jacchus OX=9483 GN=GLP1R PE=3 SV=2
sp|P48546|GIPR_HUMAN,tr|G1T9K1|G1T9K1_RABIT,46.115,399,202,5,29,417,41,436,2.36e-112,348,G1T9K1,Glucagon like peptide 2 receptor OS=Oryctolagus cuniculus OX=9986 GN=GLP2R PE=3 SV=2
sp|P48546|GIPR_HUMAN,tr|A0A099ZMC2|A0A099ZMC2_TINGU,45.330,439,209,8,26,451,2,422,2.67e-112,345,A0A099ZMC2,Glucagon-like peptide 1 receptor (Fragment) OS=Tinamus guttatus OX=94827 GN=N309_15385 PE=3 SV=1
sp|P48546|GIPR_HUMAN,tr|A0A2I4C9T4|A0A2I4C9T4_9TELE,48.861,395,186,7,37,422,30,417,7.20e-112,347,A0A2I4C9T4,glucagon receptor-like OS=Austrofundulus limnaeus OX=52670 GN=LOC106526660 PE=3 SV=1
sp|P48546|GIPR_HUMAN,tr|A0A093T2M1|A0A093T2M1_9PASS,44.191,439,213,7,27,451,2,422,9.38e-112,343,A0A093T2M1,Glucagon-like peptide 1 receptor (Fragment) OS=Manacus vitellinus OX=328815 GN=N305_05982 PE=3 SV=1
sp|P48546|GIPR_HUMAN,tr|G1NDT0|G1NDT0_MELGA,44.419,439,213,8,26,451,2,422,1.31e-111,343,G1NDT0,Glucagon like peptide 1 receptor OS=Meleagris gallopavo OX=9103 GN=GLP1R PE=3 SV=2
sp|P48546|GIPR_HUMAN,tr|B4ZY91|B4ZY91_CHICK,44.419,439,213,8,26,451,25,445,3.46e-111,342,B4ZY91,Glucagon-like peptide 1 receptor OS=Gallus gallus OX=9031 GN=GLP-1R PE=2 SV=1
sp|P48546|GIPR_HUMAN,tr|M3VXD8|M3VXD8_FELCA,43.311,441,228,9,29,455,36,468,3.61e-111,345,M3VXD8,Glucagon like peptide 2 receptor OS=Felis catus OX=9685 GN=GLP2R PE=3 SV=3
sp|P48546|GIPR_HUMAN,tr|A0A087YLS0|A0A087YLS0_POEFO,46.032,441,216,11,37,466,30,459,5.56e-111,344,A0A087YLS0,Glucagon receptor b OS=Poecilia formosa OX=48698 PE=3 SV=2
sp|P48546|GIPR_HUMAN,tr|A0A093IB47|A0A093IB47_DRYPU,44.545,440,211,8,26,451,2,422,5.66e-111,341,A0A093IB47,Glucagon-like peptide 1 receptor (Fragment) OS=Dryobates pubescens OX=118200 GN=N307_10292 PE=3 SV=1
sp|P48546|GIPR_HUMAN,tr|K7FB39|K7FB39_PELSI,44.676,432,209,7,33,451,21,435,1.35e-110,340,K7FB39,Glucagon like peptide 1 receptor OS=Pelodiscus sinensis OX=13735 GN=GLP1R PE=3 SV=1
sp|P48546|GIPR_HUMAN,tr|A0A087RAP5|A0A087RAP5_APTFO,44.191,439,214,8,26,451,2,422,1.65e-110,340,A0A087RAP5,Glucagon-like peptide 1 receptor (Fragment) OS=Aptenodytes forsteri OX=9233 GN=AS27_08596 PE=3 SV=1
sp|P48546|GIPR_HUMAN,tr|A0A0A0A6K1|A0A0A0A6K1_CHAVO,44.191,439,214,8,26,451,2,422,1.74e-110,340,A0A0A0A6K1,Glucagon-like peptide 1 receptor (Fragment) OS=Charadrius vociferus OX=50402 GN=N301_13751 PE=3 SV=1
sp|P48546|GIPR_HUMAN,tr|A0A2Y9L4K1|A0A2Y9L4K1_ENHLU,41.286,482,245,9,5,460,27,496,2.66e-110,343,A0A2Y9L4K1,glucagon-like peptide 2 receptor OS=Enhydra lutris kenyoni OX=391180 GN=LOC111161106 PE=3 SV=1
sp|P48546|GIPR_HUMAN,tr|A0A091WYS1|A0A091WYS1_OPIHO,44.191,439,214,8,26,451,2,422,3.16e-110,339,A0A091WYS1,Glucagon-like peptide 1 receptor (Fragment) OS=Opisthocomus hoazin OX=30419 GN=N306_02408 PE=3 SV=1
sp|P48546|GIPR_HUMAN,tr|H0ZBN2|H0ZBN2_TAEGU,45.057,435,203,8,33,451,3,417,3.86e-110,339,H0ZBN2,Glucagon like peptide 1 receptor OS=Taeniopygia guttata OX=59729 GN=GLP1R PE=3 SV=1
sp|P48546|GIPR_HUMAN,tr|G3Q4Z3|G3Q4Z3_GASAC,49.370,397,187,7,35,422,28,419,4.37e-110,342,G3Q4Z3,Glucagon receptor b OS=Gasterosteus aculeatus OX=69293 PE=3 SV=1
sp|P48546|GIPR_HUMAN,tr|G3T6D2|G3T6D2_LOXAF,41.770,486,239,10,5,458,51,524,4.60e-110,343,G3T6D2,Glucagon like peptide 2 receptor OS=Loxodonta africana OX=9785 GN=GLP2R PE=3 SV=1
sp|P48546|GIPR_HUMAN,tr|A0A091VZI1|A0A091VZI1_NIPNI,43.964,439,215,8,26,451,2,422,5.37e-110,338,A0A091VZI1,Glucagon-like peptide 1 receptor (Fragment) OS=Nipponia nippon OX=128390 GN=Y956_09363 PE=3 SV=1
sp|P48546|GIPR_HUMAN,tr|M3Y8K2|M3Y8K2_MUSPF,43.187,433,228,7,29,451,8,432,5.43e-110,341,M3Y8K2,Glucagon like peptide 2 receptor OS=Mustela putorius furo OX=9669 GN=GLP2R PE=3 SV=1
sp|P48546|GIPR_HUMAN,tr|A0A091ILM2|A0A091ILM2_EGRGA,43.964,439,215,8,26,451,2,422,5.86e-110,338,A0A091ILM2,Glucagon-like peptide 1 receptor (Fragment) OS=Egretta garzetta OX=188379 GN=Z169_04027 PE=3 SV=1
sp|P48546|GIPR_HUMAN,tr|U3IBL2|U3IBL2_ANAPL,44.170,446,220,6,26,457,2,432,8.22e-110,339,U3IBL2,Glucagon like peptide 1 receptor OS=Anas platyrhynchos OX=8839 GN=GLP1R PE=3 SV=1
sp|P48546|GIPR_HUMAN,tr|W5L9W9|W5L9W9_ASTMX,38.661,463,254,8,24,459,30,489,9.60e-110,341,W5L9W9,Uncharacterized protein OS=Astyanax mexicanus OX=7994 PE=3 SV=2
sp|P48546|GIPR_HUMAN,tr|F6X9D9|F6X9D9_MACMU,44.912,452,181,7,1,384,144,595,1.69e-109,345,F6X9D9,Glucagon receptor OS=Macaca mulatta OX=9544 GN=GCGR PE=3 SV=2
sp|P48546|GIPR_HUMAN,tr|F6ZL39|F6ZL39_MONDO,44.598,435,208,6,33,451,33,450,2.04e-109,338,F6ZL39,Glucagon like peptide 1 receptor OS=Monodelphis domestica OX=13616 GN=GLP1R PE=3 SV=1
sp|P48546|GIPR_HUMAN,tr|A0A091GX48|A0A091GX48_9AVES,44.496,427,216,8,28,439,4,424,3.04e-109,337,A0A091GX48,Glucagon-like peptide 1 receptor (Fragment) OS=Cuculus canorus OX=55661 GN=N303_04563 PE=3 SV=1
sp|P48546|GIPR_HUMAN,tr|F7AVX3|F7AVX3_HORSE,43.562,466,232,10,5,456,51,499,4.49e-109,340,F7AVX3,Glucagon like peptide 2 receptor OS=Equus caballus OX=9796 GN=GLP2R PE=3 SV=1
sp|P48546|GIPR_HUMAN,tr|A0A2I0MAF4|A0A2I0MAF4_COLLI,47.059,391,189,6,37,414,2,387,6.47e-109,335,A0A2I0MAF4,Glucagon-like peptide 1 receptor OS=Columba livia OX=8932 GN=GLP1R PE=3 SV=1
sp|P48546|GIPR_HUMAN,tr|A0A2Y9Q7U8|A0A2Y9Q7U8_DELLE,41.432,461,242,7,5,449,51,499,7.77e-109,340,A0A2Y9Q7U8,glucagon-like peptide 2 receptor OS=Delphinapterus leucas OX=9749 GN=GLP2R PE=3 SV=1
sp|P48546|GIPR_HUMAN,tr|A0A2Y9DJY0|A0A2Y9DJY0_TRIMA,42.826,453,229,9,5,440,51,490,1.23e-108,339,A0A2Y9DJY0,glucagon-like peptide 2 receptor OS=Trichechus manatus latirostris OX=127582 GN=LOC101342242 PE=3 SV=1
sp|P48546|GIPR_HUMAN,tr|A0A093RZF1|A0A093RZF1_9PASS,45.906,403,204,4,27,417,2,402,1.23e-108,335,A0A093RZF1,Glucagon-like peptide 2 receptor (Fragment) OS=Manacus vitellinus OX=328815 GN=N305_07072 PE=3 SV=1
sp|P48546|GIPR_HUMAN,tr|A0A151P334|A0A151P334_ALLMI,44.213,432,211,7,33,451,10,424,1.66e-108,335,A0A151P334,Glucagon-like peptide 1 receptor OS=Alligator mississippiensis OX=8496 GN=GLP1R PE=3 SV=1
sp|P48546|GIPR_HUMAN,tr|A0A1L8EN96|A0A1L8EN96_XENLA,43.511,393,209,4,28,408,29,420,1.97e-108,338,A0A1L8EN96,Uncharacterized protein OS=Xenopus laevis OX=8355 GN=XELAEV_18046834mg PE=3 SV=1
sp|P48546|GIPR_HUMAN,tr|A0A2Y9EM16|A0A2Y9EM16_PHYCD,41.031,485,243,9,5,458,46,518,2.50e-108,338,A0A2Y9EM16,glucagon-like peptide 2 receptor OS=Physeter catodon OX=9755 GN=GLP2R PE=3 SV=1
sp|P48546|GIPR_HUMAN,tr|H2UIA0|H2UIA0_TAKRU,48.454,388,173,4,37,422,40,402,2.60e-108,337,H2UIA0,Uncharacterized protein OS=Takifugu rubripes OX=31033 PE=3 SV=2
sp|P48546|GIPR_HUMAN,tr|F6PRZ2|F6PRZ2_XENTR,47.826,368,180,4,57,413,1,367,3.06e-108,335,F6PRZ2,Glucagon-like peptide 2 receptor OS=Xenopus tropicalis OX=8364 GN=glp2r PE=3 SV=1
sp|P48546|GIPR_HUMAN,tr|A0A091HZR4|A0A091HZR4_CALAN,45.918,392,198,4,38,417,13,402,3.33e-108,333,A0A091HZR4,Glucagon-like peptide 2 receptor (Fragment) OS=Calypte anna OX=9244 GN=N300_04949 PE=3 SV=1
sp|P48546|GIPR_HUMAN,tr|A0A2U4C2M2|A0A2U4C2M2_TURTR,41.215,461,243,7,5,449,51,499,6.08e-108,337,A0A2U4C2M2,glucagon-like peptide 2 receptor OS=Tursiops truncatus OX=9739 GN=GLP2R PE=3 SV=1
sp|P48546|GIPR_HUMAN,tr|E1BAY1|E1BAY1_BOVIN,40.998,461,244,7,5,449,51,499,1.21e-107,337,E1BAY1,Glucagon like peptide 2 receptor OS=Bos taurus OX=9913 GN=GLP2R PE=3 SV=2
sp|P48546|GIPR_HUMAN,tr|A0A383YUD5|A0A383YUD5_BALAS,42.208,462,237,9,5,449,117,565,1.22e-107,338,A0A383YUD5,glucagon-like peptide 2 receptor OS=Balaenoptera acutorostrata scammoni OX=310752 GN=GLP2R PE=3 SV=1
sp|P48546|GIPR_HUMAN,tr|A0A091F4N8|A0A091F4N8_CORBR,44.419,439,210,8,27,451,2,420,2.07e-107,332,A0A091F4N8,Glucagon-like peptide 1 receptor (Fragment) OS=Corvus brachyrhynchos OX=85066 GN=N302_04574 PE=3 SV=1
sp|P48546|GIPR_HUMAN,tr|F1PQW0|F1PQW0_CANLF,44.110,399,210,4,29,417,59,454,3.30e-107,335,F1PQW0,Glucagon like peptide 2 receptor OS=Canis lupus familiaris OX=9615 GN=GLP2R PE=3 SV=2
sp|P48546|GIPR_HUMAN,tr|G1KA26|G1KA26_ANOCA,44.725,436,224,6,17,436,13,447,5.00e-107,333,G1KA26,Glucagon like peptide 1 receptor OS=Anolis carolinensis OX=28377 GN=GLP1R PE=3 SV=1
sp|P48546|GIPR_HUMAN,tr|A0A286ZPF4|A0A286ZPF4_PIG,42.539,449,239,8,29,464,68,510,6.15e-107,335,A0A286ZPF4,Glucagon like peptide 2 receptor OS=Sus scrofa OX=9823 GN=GLP2R PE=3 SV=1
sp|P48546|GIPR_HUMAN,tr|G3WE67|G3WE67_SARHA,45.233,451,233,7,26,464,19,467,1.51e-106,331,G3WE67,Glucagon receptor OS=Sarcophilus harrisii OX=9305 GN=GCGR PE=3 SV=1
sp|P48546|GIPR_HUMAN,tr|G1PC03|G1PC03_MYOLU,43.820,445,216,8,27,440,60,501,1.74e-106,333,G1PC03,Glucagon like peptide 2 receptor OS=Myotis lucifugus OX=59463 GN=GLP2R PE=3 SV=1
sp|P48546|GIPR_HUMAN,tr|W5P226|W5P226_SHEEP,41.876,437,235,5,29,449,66,499,2.08e-106,333,W5P226,Glucagon like peptide 2 receptor OS=Ovis aries OX=9940 GN=GLP2R PE=3 SV=1
sp|P48546|GIPR_HUMAN,tr|C4P7J2|C4P7J2_CHICK,45.476,431,203,7,4,419,25,438,1.71e-105,330,C4P7J2,Glucagon-like peptide 2 receptor OS=Gallus gallus OX=9031 GN=GLP2R PE=2 SV=1
sp|P48546|GIPR_HUMAN,sp|Q5IXF8|GLP2R_MOUSE,43.224,428,216,8,4,417,9,423,1.79e-105,330,Q5IXF8,Glucagon-like peptide 2 receptor OS=Mus musculus OX=10090 GN=Glp2r PE=2 SV=2
sp|P48546|GIPR_HUMAN,tr|F7E3K6|F7E3K6_MACMU,42.826,453,219,9,19,453,17,447,4.05e-105,327,F7E3K6,Glucagon like peptide 1 receptor OS=Macaca mulatta OX=9544 GN=GLP1R PE=3 SV=2
sp|P48546|GIPR_HUMAN,tr|I7GUL9|I7GUL9_MESAU,44.235,425,211,7,5,417,51,461,4.71e-105,330,I7GUL9,Glucagon-like Peptide 2 receptor OS=Mesocricetus auratus OX=10036 GN=glp2r PE=2 SV=1
sp|P48546|GIPR_HUMAN,tr|I3MG10|I3MG10_ICTTR,42.998,407,212,6,13,407,51,449,1.11e-104,329,I3MG10,Glucagon like peptide 2 receptor OS=Ictidomys tridecemlineatus OX=43179 GN=GLP2R PE=3 SV=1
sp|P48546|GIPR_HUMAN,tr|I3KU32|I3KU32_ORENI,42.785,395,206,6,29,408,30,419,1.21e-104,328,I3KU32,Uncharacterized protein OS=Oreochromis niloticus OX=8128 GN=glp2r PE=3 SV=1
sp|P48546|GIPR_HUMAN,tr|U3JD61|U3JD61_FICAL,44.860,428,210,5,2,417,23,436,2.32e-104,327,U3JD61,Glucagon like peptide 2 receptor OS=Ficedula albicollis OX=59894 GN=GLP2R PE=3 SV=1
sp|P48546|GIPR_HUMAN,tr|A0A2U3VTQ9|A0A2U3VTQ9_ODORO,41.830,459,236,10,5,451,26,465,5.03e-104,327,A0A2U3VTQ9,glucagon-like peptide 2 receptor OS=Odobenus rosmarus divergens OX=9708 GN=GLP2R PE=3 SV=1
sp|P48546|GIPR_HUMAN,tr|A0A3Q0G1T8|A0A3Q0G1T8_ALLSI,46.891,386,186,7,33,404,15,395,5.04e-104,323,A0A3Q0G1T8,LOW QUALITY PROTEIN: glucagon-like peptide 1 receptor OS=Alligator sinensis OX=38654 GN=GLP1R PE=4 SV=1
sp|P48546|GIPR_HUMAN,tr|A0A091I0X9|A0A091I0X9_CALAN,46.512,387,186,7,26,398,2,381,5.57e-104,323,A0A091I0X9,Glucagon-like peptide 1 receptor (Fragment) OS=Calypte anna OX=9244 GN=N300_12181 PE=3 SV=1
sp|P48546|GIPR_HUMAN,tr|G1M0C5|G1M0C5_AILME,42.568,444,233,8,29,458,69,504,6.20e-104,327,G1M0C5,Glucagon like peptide 2 receptor OS=Ailuropoda melanoleuca OX=9646 GN=GLP2R PE=3 SV=1
sp|P48546|GIPR_HUMAN,tr|F7I1R7|F7I1R7_CALJA,43.262,423,218,7,5,417,50,460,6.73e-104,327,F7I1R7,Glucagon like peptide 2 receptor OS=Callithrix jacchus OX=9483 GN=GLP2R PE=3 SV=1
sp|P48546|GIPR_HUMAN,tr|H2NSQ5|H2NSQ5_PONAB,42.790,423,220,6,5,417,51,461,9.35e-104,327,H2NSQ5,Glucagon like peptide 2 receptor OS=Pongo abelii OX=9601 GN=GLP2R PE=3 SV=1
sp|P48546|GIPR_HUMAN,tr|G1RGH0|G1RGH0_NOMLE,42.790,423,220,6,5,417,51,461,9.97e-104,327,G1RGH0,Glucagon like peptide 2 receptor OS=Nomascus leucogenys OX=61853 GN=GLP2R PE=3 SV=1
sp|P48546|GIPR_HUMAN,tr|A0A2K5MAU0|A0A2K5MAU0_CERAT,40.693,462,245,8,5,449,51,500,1.26e-103,326,A0A2K5MAU0,Glucagon like peptide 2 receptor OS=Cercocebus atys OX=9531 GN=GLP2R PE=3 SV=1
sp|P48546|GIPR_HUMAN,sp|O95838|GLP2R_HUMAN,42.553,423,221,6,5,417,51,461,1.84e-103,326,O95838,Glucagon-like peptide 2 receptor OS=Homo sapiens OX=9606 GN=GLP2R PE=2 SV=1
sp|P48546|GIPR_HUMAN,tr|H2QC94|H2QC94_PANTR,42.553,423,221,6,5,417,51,461,1.92e-103,326,H2QC94,Glucagon like peptide 2 receptor OS=Pan troglodytes OX=9598 GN=GLP2R PE=3 SV=1
sp|P48546|GIPR_HUMAN,tr|H0WHM2|H0WHM2_OTOGA,44.089,406,210,5,26,417,57,459,2.18e-103,325,H0WHM2,Glucagon like peptide 2 receptor OS=Otolemur garnettii OX=30611 GN=GLP2R PE=3 SV=1
sp|P48546|GIPR_HUMAN,tr|A0A2R9BLK3|A0A2R9BLK3_PANPA,42.553,423,221,6,5,417,51,461,2.26e-103,325,A0A2R9BLK3,Glucagon like peptide 2 receptor OS=Pan paniscus OX=9597 GN=GLP2R PE=3 SV=1
sp|P48546|GIPR_HUMAN,tr|G3QZN1|G3QZN1_GORGO,42.553,423,221,6,5,417,51,461,2.26e-103,325,G3QZN1,Glucagon like peptide 2 receptor OS=Gorilla gorilla gorilla OX=9595 GN=GLP2R PE=3 SV=2
sp|P48546|GIPR_HUMAN,tr|A0A091VPP1|A0A091VPP1_NIPNI,47.956,367,155,5,57,412,2,343,2.36e-103,318,A0A091VPP1,Glucagon receptor (Fragment) OS=Nipponia nippon OX=128390 GN=Y956_02686 PE=3 SV=1
sp|P48546|GIPR_HUMAN,tr|A0A091GEH0|A0A091GEH0_9AVES,45.521,413,199,5,17,417,4,402,2.97e-103,321,A0A091GEH0,Glucagon-like peptide 2 receptor (Fragment) OS=Cuculus canorus OX=55661 GN=N303_00676 PE=3 SV=1
sp|P48546|GIPR_HUMAN,tr|A0A1S3EVW9|A0A1S3EVW9_DIPOR,42.394,401,214,5,29,417,92,487,3.42e-103,326,A0A1S3EVW9,glucagon-like peptide 2 receptor OS=Dipodomys ordii OX=10020 GN=Glp2r PE=3 SV=1
sp|P48546|GIPR_HUMAN,tr|A0A091V803|A0A091V803_OPIHO,45.522,402,207,3,27,417,2,402,4.16e-103,320,A0A091V803,Glucagon-like peptide 2 receptor (Fragment) OS=Opisthocomus hoazin OX=30419 GN=N306_13645 PE=3 SV=1
sp|P48546|GIPR_HUMAN,tr|A0A2I0LJA6|A0A2I0LJA6_COLLI,44.988,429,204,7,4,417,25,436,4.24e-103,324,A0A2I0LJA6,Glucagon-like peptide 2 receptor OS=Columba livia OX=8932 GN=GLP2R PE=3 SV=1
sp|P48546|GIPR_HUMAN,tr|A0A1S3NDL9|A0A1S3NDL9_SALSA,42.965,398,205,7,31,412,15,406,4.57e-103,323,A0A1S3NDL9,glucagon-like peptide 2 receptor isoform X1 OS=Salmo salar OX=8030 GN=LOC106578853 PE=3 SV=1
sp|P48546|GIPR_HUMAN,tr|U3I7Y3|U3I7Y3_ANAPL,46.547,391,195,4,39,417,17,405,5.75e-103,323,U3I7Y3,Glucagon like peptide 2 receptor OS=Anas platyrhynchos OX=8839 GN=GLP2R PE=3 SV=1
sp|P48546|GIPR_HUMAN,tr|A0A2D0S613|A0A2D0S613_ICTPU,41.855,399,212,8,25,408,31,424,7.47e-103,323,A0A2D0S613,glucagon-like peptide 2 receptor OS=Ictalurus punctatus OX=7998 GN=glp2r PE=3 SV=1
sp|P48546|GIPR_HUMAN,tr|A0A0D9RCP5|A0A0D9RCP5_CHLSB,42.317,423,222,6,5,417,51,461,1.69e-102,323,A0A0D9RCP5,Glucagon like peptide 2 receptor OS=Chlorocebus sabaeus OX=60711 GN=GLP2R PE=3 SV=1
sp|P48546|GIPR_HUMAN,tr|A0A087RB67|A0A087RB67_APTFO,45.913,416,193,7,17,417,4,402,1.93e-102,319,A0A087RB67,Glucagon-like peptide 2 receptor (Fragment) OS=Aptenodytes forsteri OX=9233 GN=AS27_08729 PE=3 SV=1
sp|P48546|GIPR_HUMAN,tr|M3ZT07|M3ZT07_XIPMA,42.820,383,199,6,41,408,2,379,4.60e-102,320,M3ZT07,Uncharacterized protein OS=Xiphophorus maculatus OX=8083 PE=3 SV=2
sp|P48546|GIPR_HUMAN,tr|A0A1V4JJS4|A0A1V4JJS4_PATFA,43.187,433,196,9,26,414,29,455,5.13e-102,320,A0A1V4JJS4,Glucagon-like peptide 1 receptor isoform B OS=Patagioenas fasciata monilis OX=372326 GN=GLP1R PE=3 SV=1
sp|P48546|GIPR_HUMAN,tr|A0A1D5Q3Z3|A0A1D5Q3Z3_MACMU,43.358,399,213,4,29,417,66,461,5.26e-102,322,A0A1D5Q3Z3,Glucagon like peptide 2 receptor OS=Macaca mulatta OX=9544 GN=GLP2R PE=3 SV=1
sp|P48546|GIPR_HUMAN,tr|A0A2K5YZU7|A0A2K5YZU7_MANLE,42.553,423,221,6,5,417,51,461,5.56e-102,322,A0A2K5YZU7,Glucagon like peptide 2 receptor OS=Mandrillus leucophaeus OX=9568 GN=GLP2R PE=3 SV=1
sp|P48546|GIPR_HUMAN,tr|A0A091F626|A0A091F626_CORBR,44.794,413,202,5,17,417,4,402,5.56e-102,318,A0A091F626,Glucagon-like peptide 2 receptor (Fragment) OS=Corvus brachyrhynchos OX=85066 GN=N302_03242 PE=3 SV=1
sp|P48546|GIPR_HUMAN,tr|G7PTM7|G7PTM7_MACFA,43.358,399,213,4,29,417,66,461,5.74e-102,322,G7PTM7,Uncharacterized protein OS=Macaca fascicularis OX=9541 GN=EGM_07422 PE=3 SV=1
sp|P48546|GIPR_HUMAN,tr|A0A093HQ60|A0A093HQ60_STRCA,46.684,392,195,4,38,417,9,398,5.97e-102,317,A0A093HQ60,Glucagon-like peptide 2 receptor (Fragment) OS=Struthio camelus australis OX=441894 GN=N308_14466 PE=3 SV=1
sp|P48546|GIPR_HUMAN,tr|G1NB66|G1NB66_MELGA,45.304,362,181,4,58,408,47,402,1.30e-101,316,G1NB66,Uncharacterized protein OS=Meleagris gallopavo OX=9103 PE=3 SV=1
sp|P48546|GIPR_HUMAN,tr|H0ZAY9|H0ZAY9_TAEGU,45.763,413,196,6,17,417,4,400,2.37e-101,316,H0ZAY9,Glucagon like peptide 2 receptor OS=Taeniopygia guttata OX=59729 GN=GLP2R PE=3 SV=1
sp|P48546|GIPR_HUMAN,tr|A0A087YLV7|A0A087YLV7_POEFO,41.878,394,199,7,35,408,36,419,3.65e-101,319,A0A087YLV7,Glucagon like peptide 2 receptor OS=Poecilia formosa OX=48698 GN=GLP2R PE=3 SV=2
sp|P48546|GIPR_HUMAN,tr|G3PPK9|G3PPK9_GASAC,41.960,398,207,8,29,408,5,396,4.67e-101,318,G3PPK9,Uncharacterized protein OS=Gasterosteus aculeatus OX=69293 PE=3 SV=1
sp|P48546|GIPR_HUMAN,tr|A0A2K6E567|A0A2K6E567_MACNE,42.317,423,222,6,5,417,51,461,5.25e-101,319,A0A2K6E567,Glucagon like peptide 2 receptor OS=Macaca nemestrina OX=9545 GN=GLP2R PE=3 SV=1
sp|P48546|GIPR_HUMAN,tr|A0A3Q0H3A9|A0A3Q0H3A9_ALLSI,41.745,424,223,5,5,417,26,436,1.70e-99,315,A0A3Q0H3A9,glucagon-like peptide 2 receptor OS=Alligator sinensis OX=38654 GN=GLP2R PE=4 SV=1
sp|P48546|GIPR_HUMAN,tr|G1MT82|G1MT82_MELGA,48.541,377,174,6,58,419,1,372,6.02e-99,311,G1MT82,Glucagon like peptide 2 receptor OS=Meleagris gallopavo OX=9103 GN=GLP2R PE=3 SV=2
sp|P48546|GIPR_HUMAN,sp|Q9Z0W0|GLP2R_RAT,41.608,423,225,6,5,417,51,461,8.09e-99,313,Q9Z0W0,Glucagon-like peptide 2 receptor OS=Rattus norvegicus OX=10116 GN=Glp2r PE=2 SV=1
sp|P48546|GIPR_HUMAN,tr|A0A1U7UKG8|A0A1U7UKG8_TARSY,42.118,425,220,7,5,417,51,461,1.57e-98,313,A0A1U7UKG8,glucagon-like peptide 2 receptor OS=Tarsius syrichta OX=1868482 GN=GLP2R PE=3 SV=1
sp|P48546|GIPR_HUMAN,tr|A0A0Q3MC27|A0A0Q3MC27_AMAAE,46.036,391,197,4,39,417,48,436,1.92e-98,312,A0A0Q3MC27,Glucagon-like peptide 2 receptor OS=Amazona aestiva OX=12930 GN=AAES_96001 PE=3 SV=1
sp|P48546|GIPR_HUMAN,tr|M3YIV3|M3YIV3_MUSPF,44.395,446,229,9,28,461,31,469,3.07e-98,310,M3YIV3,Glucagon receptor OS=Mustela putorius furo OX=9669 GN=GCGR PE=3 SV=1
sp|P48546|GIPR_HUMAN,tr|A0A151MPW7|A0A151MPW7_ALLMI,40.724,442,220,6,5,417,26,454,6.13e-98,311,A0A151MPW7,Glucagon-like peptide 2 receptor isoform B OS=Alligator mississippiensis OX=8496 GN=GLP2R PE=3 SV=1
sp|P48546|GIPR_HUMAN,tr|G1KTD5|G1KTD5_ANOCA,41.274,424,225,8,42,444,22,442,2.25e-97,308,G1KTD5,Glucagon like peptide 2 receptor OS=Anolis carolinensis OX=28377 GN=GLP2R PE=3 SV=2
sp|P48546|GIPR_HUMAN,tr|A0A2U3Z782|A0A2U3Z782_LEPWE,46.667,375,172,7,97,459,3,361,2.84e-97,303,A0A2U3Z782,glucagon-like peptide 1 receptor-like OS=Leptonychotes weddellii OX=9713 GN=LOC102748835 PE=3 SV=1
sp|P48546|GIPR_HUMAN,tr|K7EUR9|K7EUR9_PONAB,53.963,328,141,4,137,460,19,340,3.15e-97,303,K7EUR9,Uncharacterized protein OS=Pongo abelii OX=9601 PE=3 SV=1
sp|P48546|GIPR_HUMAN,tr|F6RAT4|F6RAT4_ORNAN,42.568,444,211,9,37,459,19,439,5.56e-97,305,F6RAT4,Glucagon like peptide 1 receptor OS=Ornithorhynchus anatinus OX=9258 GN=GLP1R PE=3 SV=1
sp|P48546|GIPR_HUMAN,tr|A0A099YZW2|A0A099YZW2_TINGU,45.407,381,185,5,58,417,3,381,1.27e-96,303,A0A099YZW2,Glucagon-like peptide 2 receptor (Fragment) OS=Tinamus guttatus OX=94827 GN=N309_07878 PE=3 SV=1
sp|P48546|GIPR_HUMAN,tr|A0A060Y2Z1|A0A060Y2Z1_ONCMY,42.894,387,207,6,34,408,5,389,4.17e-96,305,A0A060Y2Z1,Uncharacterized protein OS=Oncorhynchus mykiss OX=8022 GN=GSONMT00036234001 PE=3 SV=1
sp|P48546|GIPR_HUMAN,tr|A0A1U7RS28|A0A1U7RS28_ALLSI,44.628,363,188,6,61,419,60,413,9.98e-96,302,A0A1U7RS28,secretin receptor OS=Alligator sinensis OX=38654 GN=SCTR PE=3 SV=1
sp|P48546|GIPR_HUMAN,tr|A0A2I4CKE8|A0A2I4CKE8_9TELE,39.326,445,235,8,27,441,27,466,2.28e-95,304,A0A2I4CKE8,glucagon-like peptide 2 receptor OS=Austrofundulus limnaeus OX=52670 GN=glp2r PE=3 SV=1
sp|P48546|GIPR_HUMAN,tr|A0A151M0U5|A0A151M0U5_ALLMI,44.722,360,186,6,61,416,60,410,5.80e-95,301,A0A151M0U5,Secretin receptor OS=Alligator mississippiensis OX=8496 GN=SCTR PE=3 SV=1
sp|P48546|GIPR_HUMAN,tr|F6S757|F6S757_XENTR,44.920,374,177,8,94,455,2,358,8.40e-95,297,F6S757,Glucagon like peptide 1 receptor OS=Xenopus tropicalis OX=8364 PE=3 SV=1
sp|P48546|GIPR_HUMAN,tr|G3VNA5|G3VNA5_SARHA,45.994,337,168,5,58,383,5,338,1.19e-94,296,G3VNA5,Uncharacterized protein OS=Sarcophilus harrisii OX=9305 PE=3 SV=1
sp|P48546|GIPR_HUMAN,tr|A0A1S3Q6J8|A0A1S3Q6J8_SALSA,41.919,396,216,6,25,408,35,428,1.81e-94,302,A0A1S3Q6J8,glucagon-like peptide 2 receptor isoform X1 OS=Salmo salar OX=8030 GN=glp2r PE=3 SV=1
sp|P48546|GIPR_HUMAN,tr|G3WU25|G3WU25_SARHA,43.264,386,197,10,34,414,30,398,4.04e-94,298,G3WU25,Secretin receptor OS=Sarcophilus harrisii OX=9305 GN=SCTR PE=3 SV=1
sp|P48546|GIPR_HUMAN,tr|A0A2U9CL38|A0A2U9CL38_SCOMX,41.878,394,212,7,29,408,16,406,1.12e-93,299,A0A2U9CL38,Putative glucagon-like peptide 2 receptor OS=Scophthalmus maximus OX=52904 GN=SMAX5B_020294 PE=3 SV=1
sp|P48546|GIPR_HUMAN,tr|W5N1P0|W5N1P0_LEPOC,42.857,399,200,9,29,408,27,416,2.73e-93,298,W5N1P0,Glucagon like peptide 2 receptor OS=Lepisosteus oculatus OX=7918 GN=GLP2R PE=3 SV=1
sp|P48546|GIPR_HUMAN,tr|A0A1S3QEB0|A0A1S3QEB0_SALSA,54.035,285,128,3,140,422,1,284,4.08e-93,294,A0A1S3QEB0,glucagon receptor-like OS=Salmo salar OX=8030 GN=LOC106591591 PE=3 SV=1
sp|P48546|GIPR_HUMAN,tr|L7MZG5|L7MZG5_ANOCA,53.710,283,127,1,137,415,10,292,1.66e-92,289,L7MZG5,Uncharacterized protein OS=Anolis carolinensis OX=28377 GN=LOC100562512 PE=3 SV=1
sp|P48546|GIPR_HUMAN,tr|F6R8T5|F6R8T5_MONDO,40.090,444,227,12,15,449,28,441,2.31e-92,294,F6R8T5,Secretin receptor OS=Monodelphis domestica OX=13616 GN=SCTR PE=3 SV=2
sp|P48546|GIPR_HUMAN,tr|K7F648|K7F648_PELSI,42.967,391,197,8,46,421,36,415,3.02e-92,293,K7F648,Secretin receptor OS=Pelodiscus sinensis OX=13735 GN=SCTR PE=3 SV=1
sp|P48546|GIPR_HUMAN,tr|A0A0P7XQA4|A0A0P7XQA4_9TELE,39.793,387,202,8,35,408,9,377,3.10e-92,294,A0A0P7XQA4,Glucagon-like peptide 2 receptor-like OS=Scleropages formosus OX=113540 GN=Z043_103013 PE=3 SV=1
sp|P48546|GIPR_HUMAN,tr|H2UPV3|H2UPV3_TAKRU,45.553,371,171,8,36,390,1,356,1.34e-91,290,H2UPV3,Uncharacterized protein OS=Takifugu rubripes OX=31033 PE=3 SV=2
sp|P48546|GIPR_HUMAN,tr|K7GJ88|K7GJ88_PELSI,44.947,376,189,6,57,417,1,373,1.38e-91,292,K7GJ88,Glucagon like peptide 2 receptor OS=Pelodiscus sinensis OX=13735 GN=GLP2R PE=3 SV=1
sp|P48546|GIPR_HUMAN,tr|A0A226NE26|A0A226NE26_CALSU,45.528,369,173,6,94,451,10,361,3.92e-91,288,A0A226NE26,Uncharacterized protein OS=Callipepla squamata OX=9009 GN=ASZ78_008862 PE=3 SV=1
sp|P48546|GIPR_HUMAN,tr|A0A226PA54|A0A226PA54_COLVI,45.628,366,171,6,97,451,3,351,4.06e-91,288,A0A226PA54,Uncharacterized protein OS=Colinus virginianus OX=9014 GN=H355_014505 PE=3 SV=1
sp|P48546|GIPR_HUMAN,tr|H2MD52|H2MD52_ORYLA,41.388,418,204,9,30,417,23,429,5.54e-91,293,H2MD52,Uncharacterized protein OS=Oryzias latipes OX=8090 GN=glp2r PE=3 SV=2
sp|P48546|GIPR_HUMAN,tr|H0UZE2|H0UZE2_CAVPO,40.305,459,254,7,14,460,26,476,9.71e-91,292,H0UZE2,Glucagon like peptide 2 receptor OS=Cavia porcellus OX=10141 GN=GLP2R PE=3 SV=2
sp|P48546|GIPR_HUMAN,tr|A0A093PUZ9|A0A093PUZ9_9PASS,43.127,371,182,9,61,419,2,355,9.77e-91,288,A0A093PUZ9,Secretin receptor (Fragment) OS=Manacus vitellinus OX=328815 GN=N305_07490 PE=3 SV=1
sp|P48546|GIPR_HUMAN,tr|U3IIF7|U3IIF7_ANAPL,53.815,249,111,1,164,408,1,249,1.23e-90,282,U3IIF7,Uncharacterized protein OS=Anas platyrhynchos OX=8839 PE=3 SV=1
sp|P48546|GIPR_HUMAN,tr|A0A0Q3TAA2|A0A0Q3TAA2_AMAAE,44.094,381,185,6,94,463,42,405,1.57e-90,288,A0A0Q3TAA2,Glucagon-like peptide 1 receptor OS=Amazona aestiva OX=12930 GN=AAES_126129 PE=3 SV=1
sp|P48546|GIPR_HUMAN,sp|P23811|SCTR_RAT,43.280,372,192,8,47,413,52,409,1.95e-90,289,P23811,Secretin receptor OS=Rattus norvegicus OX=10116 GN=Sctr PE=2 SV=1
sp|P48546|GIPR_HUMAN,tr|U3IM16|U3IM16_ANAPL,39.494,395,212,7,40,419,39,421,3.35e-90,288,U3IM16,Secretin receptor OS=Anas platyrhynchos OX=8839 GN=SCTR PE=3 SV=1
sp|P48546|GIPR_HUMAN,tr|H0ZMS4|H0ZMS4_TAEGU,42.078,385,196,9,40,414,8,375,3.57e-90,287,H0ZMS4,Uncharacterized protein OS=Taeniopygia guttata OX=59729 PE=3 SV=1
sp|P48546|GIPR_HUMAN,tr|A0A093JVG3|A0A093JVG3_STRCA,42.818,362,196,5,61,419,2,355,4.51e-90,286,A0A093JVG3,Secretin receptor (Fragment) OS=Struthio camelus australis OX=441894 GN=N308_08222 PE=3 SV=1
sp|P48546|GIPR_HUMAN,tr|A0A1V4K7A8|A0A1V4K7A8_PATFA,41.414,396,198,10,40,416,31,411,4.94e-90,288,A0A1V4K7A8,Secretin receptor OS=Patagioenas fasciata monilis OX=372326 GN=SCTR PE=3 SV=1
sp|P48546|GIPR_HUMAN,tr|L5KL05|L5KL05_PTEAL,60.784,255,94,4,211,464,223,472,5.65e-90,289,L5KL05,Glucagon receptor OS=Pteropus alecto OX=9402 GN=PAL_GLEAN10014530 PE=3 SV=1
sp|P48546|GIPR_HUMAN,tr|L5KL05|L5KL05_PTEAL,47.573,103,47,2,98,193,59,161,6.41e-13,78.6,L5KL05,Glucagon receptor OS=Pteropus alecto OX=9402 GN=PAL_GLEAN10014530 PE=3 SV=1
sp|P48546|GIPR_HUMAN,tr|G7PN54|G7PN54_MACFA,42.338,385,203,7,34,414,41,410,1.29e-89,286,G7PN54,Uncharacterized protein OS=Macaca fascicularis OX=9541 GN=EGM_05193 PE=3 SV=1
sp|P48546|GIPR_HUMAN,tr|U3KGR0|U3KGR0_FICAL,41.624,394,196,9,40,414,29,407,2.72e-89,286,U3KGR0,Secretin receptor OS=Ficedula albicollis OX=59894 GN=SCTR PE=3 SV=1
sp|P48546|GIPR_HUMAN,tr|A0A2I0MGK9|A0A2I0MGK9_COLLI,41.162,396,199,10,40,416,30,410,4.39e-89,285,A0A2I0MGK9,Secretin receptor OS=Columba livia OX=8932 GN=SCTR PE=3 SV=1
sp|P48546|GIPR_HUMAN,tr|A0A091VFX4|A0A091VFX4_OPIHO,42.547,369,187,8,61,419,2,355,4.83e-89,283,A0A091VFX4,Secretin receptor (Fragment) OS=Opisthocomus hoazin OX=30419 GN=N306_09324 PE=3 SV=1
sp|P48546|GIPR_HUMAN,tr|A0A093GU56|A0A093GU56_DRYPU,43.443,366,178,9,61,414,2,350,8.14e-89,283,A0A093GU56,Secretin receptor (Fragment) OS=Dryobates pubescens OX=118200 GN=N307_11380 PE=3 SV=1
sp|P48546|GIPR_HUMAN,tr|A0A091IUW3|A0A091IUW3_CALAN,42.588,371,184,9,61,419,4,357,1.24e-88,282,A0A091IUW3,Secretin receptor (Fragment) OS=Calypte anna OX=9244 GN=N300_03658 PE=3 SV=1
sp|P48546|GIPR_HUMAN,tr|A0A2I0LMU6|A0A2I0LMU6_COLLI,57.414,263,109,2,140,399,1,263,3.82e-88,277,A0A2I0LMU6,Glucagon receptor OS=Columba livia OX=8932 GN=GCGR PE=3 SV=1
sp|P48546|GIPR_HUMAN,tr|H0VT27|H0VT27_CAVPO,40.506,395,210,7,60,450,57,430,4.78e-88,282,H0VT27,Secretin receptor OS=Cavia porcellus OX=10141 GN=SCTR PE=3 SV=2
sp|P48546|GIPR_HUMAN,tr|A0A0D9RVJ5|A0A0D9RVJ5_CHLSB,41.953,379,201,7,40,414,23,386,5.52e-88,281,A0A0D9RVJ5,Secretin receptor OS=Chlorocebus sabaeus OX=60711 GN=SCTR PE=3 SV=1
sp|P48546|GIPR_HUMAN,tr|F6TRW6|F6TRW6_MACMU,42.078,385,204,7,34,414,41,410,5.79e-88,282,F6TRW6,Secretin receptor OS=Macaca mulatta OX=9544 GN=SCTR PE=3 SV=1
sp|P48546|GIPR_HUMAN,tr|A0A091F1E9|A0A091F1E9_CORBR,41.892,370,188,9,55,414,4,356,8.83e-88,280,A0A091F1E9,Secretin receptor (Fragment) OS=Corvus brachyrhynchos OX=85066 GN=N302_02317 PE=3 SV=1
sp|P48546|GIPR_HUMAN,tr|A0A087QNN1|A0A087QNN1_APTFO,42.077,366,187,8,61,416,2,352,1.11e-87,280,A0A087QNN1,Secretin receptor (Fragment) OS=Aptenodytes forsteri OX=9233 GN=AS27_08193 PE=3 SV=1
sp|P48546|GIPR_HUMAN,tr|A0A2K5Y3M2|A0A2K5Y3M2_MANLE,41.818,385,205,7,34,414,41,410,1.81e-87,281,A0A2K5Y3M2,Secretin receptor OS=Mandrillus leucophaeus OX=9568 GN=SCTR PE=3 SV=1
sp|P48546|GIPR_HUMAN,tr|A0A2K5MG90|A0A2K5MG90_CERAT,41.818,385,205,7,34,414,41,410,2.17e-87,281,A0A2K5MG90,Secretin receptor OS=Cercocebus atys OX=9531 GN=SCTR PE=3 SV=1
sp|P48546|GIPR_HUMAN,tr|F7FCP0|F7FCP0_CALJA,41.927,384,204,7,34,413,41,409,2.29e-87,281,F7FCP0,Secretin receptor OS=Callithrix jacchus OX=9483 GN=SCTR PE=3 SV=2
sp|P48546|GIPR_HUMAN,tr|K7FMV5|K7FMV5_PELSI,38.983,413,228,10,18,421,9,406,2.39e-87,280,K7FMV5,Vasoactive intestinal peptide receptor 2 OS=Pelodiscus sinensis OX=13735 GN=VIPR2 PE=3 SV=1
sp|P48546|GIPR_HUMAN,tr|G1STM3|G1STM3_RABIT,41.032,407,217,8,60,455,61,455,2.45e-87,282,G1STM3,Secretin receptor OS=Oryctolagus cuniculus OX=9986 GN=SCTR PE=3 SV=2
sp|P48546|GIPR_HUMAN,tr|G1NI86|G1NI86_MELGA,42.005,369,189,8,61,419,60,413,2.47e-87,281,G1NI86,Secretin receptor OS=Meleagris gallopavo OX=9103 GN=SCTR PE=3 SV=2
sp|P48546|GIPR_HUMAN,tr|A0A2Y9EJX1|A0A2Y9EJX1_PHYCD,40.488,410,216,9,43,445,35,423,3.40e-87,280,A0A2Y9EJX1,secretin receptor OS=Physeter catodon OX=9755 GN=SCTR PE=3 SV=1
sp|P48546|GIPR_HUMAN,tr|A0A091UP36|A0A091UP36_NIPNI,41.734,369,190,8,61,419,2,355,4.64e-87,278,A0A091UP36,Secretin receptor (Fragment) OS=Nipponia nippon OX=128390 GN=Y956_05746 PE=3 SV=1
sp|P48546|GIPR_HUMAN,sp|O46502|SCTR_RABIT,44.476,353,181,7,60,409,61,401,4.72e-87,280,O46502,Secretin receptor OS=Oryctolagus cuniculus OX=9986 GN=SCTR PE=2 SV=1
sp|P48546|GIPR_HUMAN,tr|G1RH59|G1RH59_NOMLE,41.299,385,207,7,34,414,41,410,6.35e-87,280,G1RH59,Secretin receptor OS=Nomascus leucogenys OX=61853 GN=SCTR PE=3 SV=1
sp|P48546|GIPR_HUMAN,tr|A0A1U8BZI8|A0A1U8BZI8_MESAU,43.175,359,187,7,60,414,78,423,7.91e-87,280,A0A1U8BZI8,secretin receptor isoform X1 OS=Mesocricetus auratus OX=10036 GN=Sctr PE=3 SV=1
sp|P48546|GIPR_HUMAN,sp|P47872|SCTR_HUMAN,41.299,385,207,7,34,414,41,410,8.31e-87,279,P47872,Secretin receptor OS=Homo sapiens OX=9606 GN=SCTR PE=2 SV=2
sp|P48546|GIPR_HUMAN,tr|D2CP28|D2CP28_CHICK,41.463,369,191,8,61,419,59,412,9.07e-87,279,D2CP28,Secretin receptor OS=Gallus gallus OX=9031 GN=SCTR PE=2 SV=1
sp|P48546|GIPR_HUMAN,tr|G3SA07|G3SA07_GORGO,41.299,385,207,7,34,414,41,410,9.76e-87,279,G3SA07,Secretin receptor OS=Gorilla gorilla gorilla OX=9595 PE=3 SV=1
sp|P48546|GIPR_HUMAN,tr|A0A096MQK5|A0A096MQK5_PAPAN,41.299,385,207,7,34,414,41,410,1.03e-86,279,A0A096MQK5,Secretin receptor OS=Papio anubis OX=9555 GN=SCTR PE=3 SV=1
sp|P48546|GIPR_HUMAN,tr|A0A091FM96|A0A091FM96_9AVES,42.350,366,182,9,61,414,1,349,1.23e-86,277,A0A091FM96,Secretin receptor (Fragment) OS=Cuculus canorus OX=55661 GN=N303_07873 PE=3 SV=1
sp|P48546|GIPR_HUMAN,tr|A0A2Y9INL5|A0A2Y9INL5_ENHLU,40.674,386,208,6,40,416,38,411,1.32e-86,279,A0A2Y9INL5,secretin receptor OS=Enhydra lutris kenyoni OX=391180 GN=LOC111140948 PE=3 SV=1
sp|P48546|GIPR_HUMAN,tr|G1LPP5|G1LPP5_AILME,41.995,381,202,7,40,416,46,411,2.30e-86,278,G1LPP5,Secretin receptor OS=Ailuropoda melanoleuca OX=9646 GN=SCTR PE=3 SV=1
sp|P48546|GIPR_HUMAN,tr|A0A091JD35|A0A091JD35_EGRGA,41.463,369,191,8,61,419,2,355,2.80e-86,276,A0A091JD35,Secretin receptor (Fragment) OS=Egretta garzetta OX=188379 GN=Z169_07838 PE=3 SV=1
sp|P48546|GIPR_HUMAN,tr|L5K060|L5K060_PTEAL,42.268,388,200,4,96,460,95,481,3.01e-86,280,L5K060,Glucagon-like peptide 2 receptor OS=Pteropus alecto OX=9402 GN=PAL_GLEAN10010249 PE=4 SV=1
sp|P48546|GIPR_HUMAN,tr|H2QIM4|H2QIM4_PANTR,40.779,385,209,7,34,414,41,410,4.07e-86,277,H2QIM4,SCTR isoform 3 OS=Pan troglodytes OX=9598 GN=SCTR PE=3 SV=1
sp|P48546|GIPR_HUMAN,tr|F1P7Q3|F1P7Q3_CANLF,40.458,393,211,8,34,416,32,411,4.07e-86,278,F1P7Q3,Secretin receptor OS=Canis lupus familiaris OX=9615 GN=SCTR PE=3 SV=2
sp|P48546|GIPR_HUMAN,tr|I3LFB5|I3LFB5_PIG,42.105,380,198,10,34,407,51,414,4.50e-86,278,I3LFB5,Secretin receptor OS=Sus scrofa OX=9823 GN=SCTR PE=3 SV=2
sp|P48546|GIPR_HUMAN,tr|A0A2R8ZBW6|A0A2R8ZBW6_PANPA,40.779,385,209,7,34,414,44,413,6.25e-86,277,A0A2R8ZBW6,Secretin receptor OS=Pan paniscus OX=9597 GN=SCTR PE=3 SV=1
sp|P48546|GIPR_HUMAN,tr|A0A2I2V434|A0A2I2V434_FELCA,40.051,392,214,6,34,416,29,408,6.55e-86,277,A0A2I2V434,Secretin receptor OS=Felis catus OX=9685 GN=SCTR PE=3 SV=2
sp|P48546|GIPR_HUMAN,tr|A0A384BP42|A0A384BP42_URSMA,41.732,381,203,7,40,416,34,399,7.31e-86,276,A0A384BP42,secretin receptor OS=Ursus maritimus OX=29073 GN=SCTR PE=3 SV=1
sp|P48546|GIPR_HUMAN,tr|A0A091DCI7|A0A091DCI7_FUKDA,42.063,378,197,8,49,422,51,410,1.68e-85,276,A0A091DCI7,Secretin receptor OS=Fukomys damarensis OX=885580 GN=H920_08761 PE=3 SV=1
sp|P48546|GIPR_HUMAN,tr|A0A1S2ZUQ3|A0A1S2ZUQ3_ERIEU,40.046,432,220,12,43,462,42,446,1.93e-85,276,A0A1S2ZUQ3,secretin receptor OS=Erinaceus europaeus OX=9365 GN=SCTR PE=3 SV=1
sp|P48546|GIPR_HUMAN,tr|A0A2U3W944|A0A2U3W944_ODORO,41.253,383,202,8,40,416,46,411,1.95e-85,276,A0A2U3W944,secretin receptor OS=Odobenus rosmarus divergens OX=9708 GN=SCTR PE=3 SV=1
sp|P48546|GIPR_HUMAN,tr|A0A2Y9G1L0|A0A2Y9G1L0_TRIMA,41.289,419,211,11,44,458,300,687,2.34e-85,283,A0A2Y9G1L0,secretin receptor OS=Trichechus manatus latirostris OX=127582 GN=LOC101361735 PE=3 SV=1
sp|P48546|GIPR_HUMAN,tr|L5JYL5|L5JYL5_PTEAL,38.940,434,233,11,34,460,17,425,3.32e-85,275,L5JYL5,Secretin receptor (Fragment) OS=Pteropus alecto OX=9402 GN=PAL_GLEAN10025791 PE=3 SV=1
sp|P48546|GIPR_HUMAN,tr|G3SXX0|G3SXX0_LOXAF,43.944,355,181,8,57,407,1,341,4.16e-85,273,G3SXX0,Secretin receptor OS=Loxodonta africana OX=9785 GN=SCTR PE=3 SV=1
sp|P48546|GIPR_HUMAN,tr|F1MJJ2|F1MJJ2_BOVIN,41.379,377,201,9,43,413,38,400,4.40e-85,275,F1MJJ2,Secretin receptor OS=Bos taurus OX=9913 GN=SCTR PE=3 SV=2
sp|P48546|GIPR_HUMAN,tr|A0A0A0AMI0|A0A0A0AMI0_CHAVO,41.509,371,188,9,61,419,2,355,4.44e-85,273,A0A0A0AMI0,Secretin receptor (Fragment) OS=Charadrius vociferus OX=50402 GN=N301_09523 PE=3 SV=1
sp|P48546|GIPR_HUMAN,tr|A0A1L8ENG6|A0A1L8ENG6_XENLA,42.857,378,197,8,46,414,42,409,4.94e-85,275,A0A1L8ENG6,Uncharacterized protein OS=Xenopus laevis OX=8355 GN=XELAEV_18046906mg PE=3 SV=1
sp|P48546|GIPR_HUMAN,tr|A0A1S3FHW9|A0A1S3FHW9_DIPOR,42.778,360,187,8,60,414,65,410,6.46e-85,274,A0A1S3FHW9,secretin receptor isoform X1 OS=Dipodomys ordii OX=10020 GN=Sctr PE=3 SV=1
sp|P48546|GIPR_HUMAN,tr|A0A099YTP2|A0A099YTP2_TINGU,41.274,361,197,6,61,416,2,352,6.82e-85,271,A0A099YTP2,Secretin receptor (Fragment) OS=Tinamus guttatus OX=94827 GN=N309_06902 PE=3 SV=1
sp|P48546|GIPR_HUMAN,tr|F7A9N4|F7A9N4_HORSE,40.992,383,201,8,43,414,18,386,8.88e-85,273,F7A9N4,Secretin receptor OS=Equus caballus OX=9796 GN=SCTR PE=3 SV=1
sp|P48546|GIPR_HUMAN,tr|F6YCW2|F6YCW2_CIOIN,36.408,412,223,7,43,422,17,421,9.77e-85,273,F6YCW2,Uncharacterized protein OS=Ciona intestinalis OX=7719 GN=LOC100175770 PE=3 SV=2
sp|P48546|GIPR_HUMAN,tr|I3M8I3|I3M8I3_ICTTR,40.779,385,207,8,34,413,26,394,1.31e-84,273,I3M8I3,Secretin receptor OS=Ictidomys tridecemlineatus OX=43179 GN=SCTR PE=3 SV=2
sp|P48546|GIPR_HUMAN,tr|M3XPF0|M3XPF0_MUSPF,41.351,370,200,6,50,416,56,411,1.36e-84,274,M3XPF0,Secretin receptor OS=Mustela putorius furo OX=9669 GN=SCTR PE=3 SV=1
sp|P48546|GIPR_HUMAN,tr|A0A1U8D7Y1|A0A1U8D7Y1_ALLSI,40.816,392,203,10,40,421,5,377,1.87e-84,272,A0A1U8D7Y1,vasoactive intestinal polypeptide receptor 1 isoform X1 OS=Alligator sinensis OX=38654 GN=VIPR1 PE=3 SV=2
sp|P48546|GIPR_HUMAN,tr|F1MF07|F1MF07_BOVIN,38.741,413,223,9,60,463,63,454,3.03e-84,273,F1MF07,Vasoactive intestinal peptide receptor 1 OS=Bos taurus OX=9913 GN=VIPR1 PE=3 SV=2
sp|P48546|GIPR_HUMAN,tr|H3CTH0|H3CTH0_TETNG,40.967,393,215,10,40,427,15,395,5.06e-84,270,H3CTH0,Uncharacterized protein OS=Tetraodon nigroviridis OX=99883 PE=3 SV=1
sp|P48546|GIPR_HUMAN,tr|H3A145|H3A145_LATCH,43.000,400,205,9,27,407,14,409,6.60e-84,274,H3A145,Uncharacterized protein OS=Latimeria chalumnae OX=7897 PE=3 SV=1
sp|P48546|GIPR_HUMAN,tr|H2S0P7|H2S0P7_TAKRU,37.500,424,227,12,44,453,47,446,8.56e-84,271,H2S0P7,Growth hormone releasing hormone receptor b OS=Takifugu rubripes OX=31033 PE=3 SV=2
sp|P48546|GIPR_HUMAN,tr|A0A1U7UQZ2|A0A1U7UQZ2_TARSY,41.910,377,195,9,44,414,138,496,1.10e-83,274,A0A1U7UQZ2,secretin receptor OS=Tarsius syrichta OX=1868482 GN=SCTR PE=3 SV=1
sp|P48546|GIPR_HUMAN,sp|P97751|VIPR1_MOUSE,39.642,391,216,8,34,417,38,415,1.90e-83,271,P97751,Vasoactive intestinal polypeptide receptor 1 OS=Mus musculus OX=10090 GN=Vipr1 PE=1 SV=3
sp|P48546|GIPR_HUMAN,tr|A0A091FXC4|A0A091FXC4_9AVES,40.420,381,209,9,46,421,25,392,2.78e-83,270,A0A091FXC4,Vasoactive intestinal polypeptide receptor 2 (Fragment) OS=Cuculus canorus OX=55661 GN=N303_03811 PE=3 SV=1
sp|P48546|GIPR_HUMAN,tr|A0A2I0MRD7|A0A2I0MRD7_COLLI,37.736,424,236,9,6,421,5,408,4.64e-83,270,A0A2I0MRD7,Vasoactive intestinal peptide receptor 1 OS=Columba livia OX=8932 GN=VIPR1 PE=3 SV=1
sp|P48546|GIPR_HUMAN,tr|F1QSJ4|F1QSJ4_DANRE,38.903,383,218,8,43,421,37,407,4.92e-83,270,F1QSJ4,Vasoactive intestinal peptide receptor 2 OS=Danio rerio OX=7955 GN=vipr2 PE=3 SV=1
sp|P48546|GIPR_HUMAN,tr|F6V0N3|F6V0N3_CIOIN,36.160,401,232,7,61,450,1,388,5.19e-83,268,F6V0N3,Uncharacterized protein OS=Ciona intestinalis OX=7719 PE=3 SV=2
sp|P48546|GIPR_HUMAN,tr|A0A337SUD5|A0A337SUD5_FELCA,35.945,434,251,8,37,463,42,455,5.86e-83,270,A0A337SUD5,Vasoactive intestinal peptide receptor 1 OS=Felis catus OX=9685 GN=VIPR1 PE=3 SV=1
sp|P48546|GIPR_HUMAN,tr|A0A091EHH2|A0A091EHH2_CORBR,40.306,392,212,10,38,421,15,392,6.78e-83,268,A0A091EHH2,Vasoactive intestinal polypeptide receptor 2 (Fragment) OS=Corvus brachyrhynchos OX=85066 GN=N302_12133 PE=3 SV=1
sp|P48546|GIPR_HUMAN,tr|A0A384BW26|A0A384BW26_URSMA,42.287,376,188,5,96,461,69,425,7.09e-83,269,A0A384BW26,glucagon-like peptide 2 receptor OS=Ursus maritimus OX=29073 GN=LOC103660502 PE=4 SV=1
sp|P48546|GIPR_HUMAN,tr|F7CG94|F7CG94_MONDO,40.000,370,198,9,60,421,54,407,7.55e-83,269,F7CG94,Vasoactive intestinal peptide receptor 2 OS=Monodelphis domestica OX=13616 GN=VIPR2 PE=3 SV=2
sp|P48546|GIPR_HUMAN,sp|Q5FWI2|SCTR_MOUSE,42.276,369,197,8,44,408,48,404,7.87e-83,269,Q5FWI2,Secretin receptor OS=Mus musculus OX=10090 GN=Sctr PE=2 SV=1
sp|P48546|GIPR_HUMAN,tr|A0A1S3WQ07|A0A1S3WQ07_ERIEU,37.471,427,229,10,23,421,8,424,1.53e-82,271,A0A1S3WQ07,parathyroid hormone/parathyroid hormone-related peptide receptor OS=Erinaceus europaeus OX=9365 GN=PTH1R PE=3 SV=1
sp|P48546|GIPR_HUMAN,tr|A0A2K5XM83|A0A2K5XM83_MANLE,36.784,454,255,10,19,463,6,436,1.64e-82,268,A0A2K5XM83,Vasoactive intestinal peptide receptor 1 OS=Mandrillus leucophaeus OX=9568 GN=VIPR1 PE=3 SV=1
sp|P48546|GIPR_HUMAN,tr|G3TAT5|G3TAT5_LOXAF,38.679,424,214,12,28,421,74,481,1.67e-82,272,G3TAT5,Parathyroid hormone 1 receptor OS=Loxodonta africana OX=9785 GN=PTH1R PE=3 SV=1
sp|P48546|GIPR_HUMAN,tr|H3DMQ6|H3DMQ6_TETNG,36.658,401,237,5,51,448,51,437,1.78e-82,268,H3DMQ6,Growth hormone releasing hormone receptor a OS=Tetraodon nigroviridis OX=99883 PE=3 SV=1
sp|P48546|GIPR_HUMAN,tr|A0A151PDN7|A0A151PDN7_ALLMI,39.691,388,207,8,43,421,37,406,1.82e-82,268,A0A151PDN7,Vasoactive intestinal polypeptide receptor 1 isoform B OS=Alligator mississippiensis OX=8496 GN=VIPR1 PE=3 SV=1
sp|P48546|GIPR_HUMAN,tr|A0A1U7U3B6|A0A1U7U3B6_TARSY,37.788,434,236,11,40,464,3,411,2.16e-82,267,A0A1U7U3B6,vasoactive intestinal polypeptide receptor 1 isoform X1 OS=Tarsius syrichta OX=1868482 GN=VIPR1 PE=3 SV=1
sp|P48546|GIPR_HUMAN,tr|H3CRC2|H3CRC2_TETNG,40.399,401,216,9,40,437,31,411,2.28e-82,267,H3CRC2,Uncharacterized protein OS=Tetraodon nigroviridis OX=99883 PE=3 SV=1
sp|P48546|GIPR_HUMAN,tr|F1P200|F1P200_CHICK,38.974,390,213,8,40,421,34,406,2.51e-82,268,F1P200,Uncharacterized protein OS=Gallus gallus OX=9031 GN=VIPR1 PE=3 SV=2
sp|P48546|GIPR_HUMAN,tr|U3JE10|U3JE10_FICAL,37.831,415,230,9,18,421,7,404,2.62e-82,268,U3JE10,Vasoactive intestinal peptide receptor 1 OS=Ficedula albicollis OX=59894 GN=VIPR1 PE=3 SV=1
sp|P48546|GIPR_HUMAN,tr|U3ITT2|U3ITT2_ANAPL,38.560,389,215,8,40,421,32,403,3.02e-82,268,U3ITT2,Vasoactive intestinal peptide receptor 1 OS=Anas platyrhynchos OX=8839 GN=VIPR1 PE=3 SV=1
sp|P48546|GIPR_HUMAN,tr|I3KC93|I3KC93_ORENI,40.674,386,203,9,40,415,32,401,3.15e-82,267,I3KC93,Uncharacterized protein OS=Oreochromis niloticus OX=8128 GN=vipr2 PE=3 SV=1
sp|P48546|GIPR_HUMAN,tr|F8RUA9|F8RUA9_XENLA,40.235,425,226,11,46,459,41,448,4.23e-82,267,F8RUA9,Secretin receptor OS=Xenopus laevis OX=8355 GN=XELAEV_18044327mg PE=2 SV=1
sp|P48546|GIPR_HUMAN,tr|A0A0Q3TR17|A0A0Q3TR17_AMAAE,41.033,368,185,8,57,416,56,399,4.46e-82,267,A0A0Q3TR17,Secretin receptor OS=Amazona aestiva OX=12930 GN=AAES_64173 PE=3 SV=1
sp|P48546|GIPR_HUMAN,tr|A0A2D0QI58|A0A2D0QI58_ICTPU,39.164,383,216,8,43,421,29,398,5.09e-82,266,A0A2D0QI58,vasoactive intestinal polypeptide receptor 2 OS=Ictalurus punctatus OX=7998 GN=vipr2 PE=3 SV=1
sp|P48546|GIPR_HUMAN,tr|A0A3B1J1G1|A0A3B1J1G1_ASTMX,40.327,367,202,8,60,421,24,378,5.33e-82,266,A0A3B1J1G1,Vasoactive intestinal peptide receptor 2 OS=Astyanax mexicanus OX=7994 PE=3 SV=1
sp|P48546|GIPR_HUMAN,tr|A0A384B1Q4|A0A384B1Q4_BALAS,36.569,443,249,10,30,463,35,454,5.34e-82,267,A0A384B1Q4,vasoactive intestinal polypeptide receptor 1 OS=Balaenoptera acutorostrata scammoni OX=310752 GN=VIPR1 PE=3 SV=1
sp|P48546|GIPR_HUMAN,tr|G3QNP3|G3QNP3_GORGO,37.698,443,244,10,30,463,34,453,6.30e-82,267,G3QNP3,Vasoactive intestinal peptide receptor 1 OS=Gorilla gorilla gorilla OX=9595 PE=3 SV=2
sp|P48546|GIPR_HUMAN,tr|G1T4R1|G1T4R1_RABIT,39.695,393,219,8,30,417,34,413,6.37e-82,267,G1T4R1,Vasoactive intestinal peptide receptor 1 OS=Oryctolagus cuniculus OX=9986 GN=VIPR1 PE=3 SV=1
sp|P48546|GIPR_HUMAN,tr|A0A2R8MXQ7|A0A2R8MXQ7_CALJA,37.698,443,244,10,30,463,34,453,6.72e-82,267,A0A2R8MXQ7,Vasoactive intestinal peptide receptor 1 OS=Callithrix jacchus OX=9483 GN=VIPR1 PE=3 SV=1
sp|P48546|GIPR_HUMAN,tr|A0A2K5N7R1|A0A2K5N7R1_CERAT,37.472,443,245,10,30,463,34,453,7.64e-82,267,A0A2K5N7R1,Vasoactive intestinal peptide receptor 1 OS=Cercocebus atys OX=9531 GN=VIPR1 PE=3 SV=1
sp|P48546|GIPR_HUMAN,tr|A0A096MT91|A0A096MT91_PAPAN,37.472,443,245,10,30,463,34,453,8.41e-82,267,A0A096MT91,Vasoactive intestinal peptide receptor 1 OS=Papio anubis OX=9555 GN=VIPR1 PE=3 SV=1
sp|P48546|GIPR_HUMAN,tr|A0A1D5R219|A0A1D5R219_MACMU,37.472,443,245,10,30,463,34,453,8.41e-82,267,A0A1D5R219,Vasoactive intestinal peptide receptor 1 OS=Macaca mulatta OX=9544 GN=VIPR1 PE=2 SV=1
sp|P48546|GIPR_HUMAN,sp|P32241|VIPR1_HUMAN,37.472,443,245,10,30,463,34,453,9.56e-82,266,P32241,Vasoactive intestinal polypeptide receptor 1 OS=Homo sapiens OX=9606 GN=VIPR1 PE=1 SV=1
sp|P48546|GIPR_HUMAN,tr|G7NY72|G7NY72_MACFA,37.472,443,245,10,30,463,34,453,1.10e-81,266,G7NY72,Uncharacterized protein OS=Macaca fascicularis OX=9541 GN=EGM_10755 PE=3 SV=1
sp|P48546|GIPR_HUMAN,tr|U3FMV0|U3FMV0_CALJA,39.173,411,202,11,28,407,80,473,1.21e-81,270,U3FMV0,Parathyroid hormone 1 receptor OS=Callithrix jacchus OX=9483 GN=PTH1R PE=2 SV=1
sp|P48546|GIPR_HUMAN,tr|C3YW03|C3YW03_BRAFL,36.935,398,221,10,39,412,16,407,1.29e-81,265,C3YW03,Uncharacterized protein (Fragment) OS=Branchiostoma floridae OX=7739 GN=BRAFLDRAFT_144236 PE=3 SV=1
sp|P48546|GIPR_HUMAN,tr|A0A2R8ZIZ6|A0A2R8ZIZ6_PANPA,37.472,443,245,10,30,463,34,453,1.78e-81,266,A0A2R8ZIZ6,Vasoactive intestinal peptide receptor 1 OS=Pan paniscus OX=9597 GN=VIPR1 PE=3 SV=1
sp|P48546|GIPR_HUMAN,tr|A0A2I3T1V9|A0A2I3T1V9_PANTR,37.472,443,245,10,30,463,34,453,1.78e-81,266,A0A2I3T1V9,VIPR1 isoform 4 OS=Pan troglodytes OX=9598 GN=VIPR1 PE=3 SV=1
sp|P48546|GIPR_HUMAN,tr|A0A2I4CY35|A0A2I4CY35_9TELE,34.194,465,262,14,14,454,21,465,1.98e-81,268,A0A2I4CY35,parathyroid hormone/parathyroid hormone-related peptide receptor OS=Austrofundulus limnaeus OX=52670 GN=pth1r PE=3 SV=1
sp|P48546|GIPR_HUMAN,tr|A0A0D9RW55|A0A0D9RW55_CHLSB,37.246,443,246,10,30,463,34,453,2.43e-81,266,A0A0D9RW55,Vasoactive intestinal peptide receptor 1 OS=Chlorocebus sabaeus OX=60711 GN=VIPR1 PE=3 SV=1
sp|P48546|GIPR_HUMAN,tr|A0A2U3XUZ4|A0A2U3XUZ4_LEPWE,45.955,309,153,4,110,416,19,315,2.51e-81,262,A0A2U3XUZ4,secretin receptor OS=Leptonychotes weddellii OX=9713 GN=SCTR PE=3 SV=1
sp|P48546|GIPR_HUMAN,tr|G3W7S7|G3W7S7_SARHA,37.923,414,225,10,60,463,51,442,2.51e-81,265,G3W7S7,Uncharacterized protein OS=Sarcophilus harrisii OX=9305 GN=VIPR1 PE=3 SV=1
sp|P48546|GIPR_HUMAN,tr|H9GZT8|H9GZT8_HORSE,39.408,439,220,14,41,464,12,419,3.14e-81,264,H9GZT8,Vasoactive intestinal peptide receptor 2 OS=Equus caballus OX=9796 GN=VIPR2 PE=3 SV=1
sp|P48546|GIPR_HUMAN,sp|P30083|VIPR1_RAT,38.734,395,222,8,30,417,34,415,3.18e-81,265,P30083,Vasoactive intestinal polypeptide receptor 1 OS=Rattus norvegicus OX=10116 GN=Vipr1 PE=2 SV=1
sp|P48546|GIPR_HUMAN,tr|C3YW06|C3YW06_BRAFL,38.005,371,200,8,61,412,1,360,3.23e-81,262,C3YW06,Uncharacterized protein (Fragment) OS=Branchiostoma floridae OX=7739 GN=BRAFLDRAFT_194349 PE=3 SV=1
sp|P48546|GIPR_HUMAN,tr|L5L6Z2|L5L6Z2_PTEAL,42.416,356,179,9,60,407,6,343,3.35e-81,263,L5L6Z2,Vasoactive intestinal polypeptide receptor 2 OS=Pteropus alecto OX=9402 GN=PAL_GLEAN10003602 PE=3 SV=1
sp|P48546|GIPR_HUMAN,tr|A0A0Q3XAN0|A0A0Q3XAN0_AMAAE,37.176,425,237,10,5,421,4,406,3.47e-81,265,A0A0Q3XAN0,Vasoactive intestinal polypeptide receptor-like protein OS=Amazona aestiva OX=12930 GN=AAES_01826 PE=3 SV=1
sp|P48546|GIPR_HUMAN,sp|Q91085|VIPR_MELGA,38.974,390,213,8,40,421,45,417,3.57e-81,265,Q91085,Vasoactive intestinal polypeptide receptor OS=Meleagris gallopavo OX=9103 GN=VIPR1 PE=2 SV=2
sp|P48546|GIPR_HUMAN,tr|A0A384AWH5|A0A384AWH5_BALAS,41.854,356,185,6,94,445,101,438,3.75e-81,265,A0A384AWH5,secretin receptor-like OS=Balaenoptera acutorostrata scammoni OX=310752 GN=LOC103018074 PE=3 SV=1
sp|P48546|GIPR_HUMAN,tr|A0A096P2W8|A0A096P2W8_PAPAN,39.480,423,220,8,5,417,51,447,4.29e-81,267,A0A096P2W8,Glucagon like peptide 2 receptor OS=Papio anubis OX=9555 GN=GLP2R PE=3 SV=2
sp|P48546|GIPR_HUMAN,tr|A0A1S3LVW9|A0A1S3LVW9_SALSA,38.889,396,204,12,40,420,32,404,4.48e-81,264,A0A1S3LVW9,vasoactive intestinal polypeptide receptor 2-like OS=Salmo salar OX=8030 GN=LOC106568823 PE=3 SV=1
sp|P48546|GIPR_HUMAN,tr|K7GGM6|K7GGM6_PELSI,37.789,389,218,8,40,421,17,388,4.80e-81,264,K7GGM6,Vasoactive intestinal peptide receptor 1 OS=Pelodiscus sinensis OX=13735 GN=VIPR1 PE=3 SV=1
sp|P48546|GIPR_HUMAN,tr|F6R731|F6R731_MONDO,37.327,434,222,12,20,422,69,483,5.31e-81,268,F6R731,Parathyroid hormone 1 receptor OS=Monodelphis domestica OX=13616 GN=PTH1R PE=3 SV=1
sp|P48546|GIPR_HUMAN,tr|I3MQT5|I3MQT5_ICTTR,39.196,398,215,9,30,417,34,414,5.81e-81,265,I3MQT5,Vasoactive intestinal peptide receptor 1 OS=Ictidomys tridecemlineatus OX=43179 GN=VIPR1 PE=3 SV=2
sp|P48546|GIPR_HUMAN,tr|H3D5B9|H3D5B9_TETNG,37.121,396,223,9,34,421,7,384,7.48e-81,263,H3D5B9,Vasoactive intestinal peptide receptor 1b OS=Tetraodon nigroviridis OX=99883 PE=3 SV=1
sp|P48546|GIPR_HUMAN,tr|A0A286XMQ0|A0A286XMQ0_CAVPO,38.554,415,224,8,60,464,38,431,8.38e-81,263,A0A286XMQ0,Vasoactive intestinal peptide receptor 1 OS=Cavia porcellus OX=10141 GN=VIPR1 PE=3 SV=1
sp|P48546|GIPR_HUMAN,tr|H2MTE1|H2MTE1_ORYLA,33.793,435,252,11,43,454,43,464,8.64e-81,266,H2MTE1,Parathyroid hormone 1 receptor a OS=Oryzias latipes OX=8090 GN=pth1r PE=3 SV=2
sp|P48546|GIPR_HUMAN,tr|G1KAG6|G1KAG6_ANOCA,38.931,393,206,11,40,421,34,403,9.93e-81,263,G1KAG6,Uncharacterized protein OS=Anolis carolinensis OX=28377 GN=vipr2 PE=3 SV=2
sp|P48546|GIPR_HUMAN,sp|P25961|PTH1R_RAT,40.682,381,184,10,58,407,105,474,1.26e-80,268,P25961,Parathyroid hormone/parathyroid hormone-related peptide receptor OS=Rattus norvegicus OX=10116 GN=Pth1r PE=1 SV=1
sp|P48546|GIPR_HUMAN,tr|G5ANQ5|G5ANQ5_HETGA,38.971,408,205,11,28,407,251,642,1.31e-80,271,G5ANQ5,Parathyroid hormone/parathyroid hormone-related peptide receptor OS=Heterocephalus glaber OX=10181 GN=GW7_21473 PE=3 SV=1
sp|P48546|GIPR_HUMAN,tr|G3VH46|G3VH46_SARHA,38.961,385,206,9,61,422,104,482,1.50e-80,267,G3VH46,Uncharacterized protein OS=Sarcophilus harrisii OX=9305 GN=PTH1R PE=3 SV=1
sp|P48546|GIPR_HUMAN,tr|A0A087XMS0|A0A087XMS0_POEFO,37.164,409,229,9,41,436,40,433,1.59e-80,263,A0A087XMS0,Growth hormone releasing hormone receptor a OS=Poecilia formosa OX=48698 PE=3 SV=1
sp|P48546|GIPR_HUMAN,sp|P41593|PTH1R_MOUSE,39.747,395,196,10,58,421,105,488,1.73e-80,267,P41593,Parathyroid hormone/parathyroid hormone-related peptide receptor OS=Mus musculus OX=10090 GN=Pth1r PE=1 SV=2
sp|P48546|GIPR_HUMAN,tr|A0A2Y9IZ39|A0A2Y9IZ39_ENHLU,38.350,412,207,11,27,407,79,474,1.97e-80,267,A0A2Y9IZ39,parathyroid hormone/parathyroid hormone-related peptide receptor isoform X1 OS=Enhydra lutris kenyoni OX=391180 GN=LOC111144074 PE=3 SV=1
sp|P48546|GIPR_HUMAN,tr|A0A1S3R3K4|A0A1S3R3K4_SALSA,33.333,474,269,12,11,454,10,466,2.12e-80,266,A0A1S3R3K4,parathyroid hormone/parathyroid hormone-related peptide receptor-like OS=Salmo salar OX=8030 GN=LOC106599896 PE=3 SV=1
sp|P48546|GIPR_HUMAN,tr|G5ALX6|G5ALX6_HETGA,41.270,378,190,10,34,399,6,363,2.23e-80,260,G5ALX6,Vasoactive intestinal polypeptide receptor 1 (Fragment) OS=Heterocephalus glaber OX=10181 GN=GW7_09175 PE=3 SV=1
sp|P48546|GIPR_HUMAN,tr|H0V1W6|H0V1W6_CAVPO,38.741,413,209,12,23,407,75,471,2.35e-80,267,H0V1W6,Parathyroid hormone 1 receptor OS=Cavia porcellus OX=10141 GN=PTH1R PE=3 SV=1
sp|P48546|GIPR_HUMAN,tr|A0A1U7S3P2|A0A1U7S3P2_ALLSI,39.791,382,209,9,46,421,34,400,2.44e-80,262,A0A1U7S3P2,vasoactive intestinal polypeptide receptor 2 OS=Alligator sinensis OX=38654 GN=VIPR2 PE=3 SV=1
sp|P48546|GIPR_HUMAN,tr|W5PSN2|W5PSN2_SHEEP,38.293,410,210,10,34,414,29,424,2.75e-80,263,W5PSN2,Secretin receptor OS=Ovis aries OX=9940 GN=SCTR PE=3 SV=1
sp|P48546|GIPR_HUMAN,tr|G1KFK2|G1KFK2_ANOCA,37.560,418,233,12,11,421,13,409,2.82e-80,263,G1KFK2,Vasoactive intestinal peptide receptor 1 OS=Anolis carolinensis OX=28377 GN=VIPR1 PE=3 SV=2
sp|P48546|GIPR_HUMAN,tr|E7FF79|E7FF79_DANRE,37.406,401,223,9,60,448,65,449,2.83e-80,263,E7FF79,Growth hormone-releasing hormone receptor b OS=Danio rerio OX=7955 GN=ghrhrb PE=3 SV=1
sp|P48546|GIPR_HUMAN,tr|A0A287BT69|A0A287BT69_PIG,38.035,397,228,7,30,421,35,418,2.89e-80,263,A0A287BT69,Vasoactive intestinal polypeptide receptor 1 OS=Sus scrofa OX=9823 GN=VIPR1 PE=3 SV=1
sp|P48546|GIPR_HUMAN,tr|A0A3Q0CYC4|A0A3Q0CYC4_MESAU,39.646,396,197,10,58,422,121,505,3.06e-80,267,A0A3Q0CYC4,parathyroid hormone/parathyroid hormone-related peptide receptor OS=Mesocricetus auratus OX=10036 GN=Pth1r PE=4 SV=1
sp|P48546|GIPR_HUMAN,tr|A0A2I4C050|A0A2I4C050_9TELE,37.949,390,222,8,40,422,30,406,3.42e-80,262,A0A2I4C050,pituitary adenylate cyclase-activating polypeptide type I receptor-like OS=Austrofundulus limnaeus OX=52670 GN=LOC106524204 PE=3 SV=1
sp|P48546|GIPR_HUMAN,sp|Q1LZF7|PTH1R_BOVIN,38.200,411,208,11,27,407,79,473,3.86e-80,266,Q1LZF7,Parathyroid hormone/parathyroid hormone-related peptide receptor OS=Bos taurus OX=9913 GN=PTH1R PE=2 SV=1
sp|P48546|GIPR_HUMAN,tr|H0WGS3|H0WGS3_OTOGA,38.539,397,217,6,60,448,1,378,3.88e-80,260,H0WGS3,Secretin receptor OS=Otolemur garnettii OX=30611 GN=SCTR PE=3 SV=1
sp|P48546|GIPR_HUMAN,tr|A0A226P6K7|A0A226P6K7_COLVI,39.189,370,202,7,60,421,75,429,3.95e-80,263,A0A226P6K7,Uncharacterized protein OS=Colinus virginianus OX=9014 GN=H355_002723 PE=3 SV=1
sp|P48546|GIPR_HUMAN,tr|A0A1S3P9B7|A0A1S3P9B7_SALSA,37.563,394,218,9,60,441,42,419,3.95e-80,263,A0A1S3P9B7,pituitary adenylate cyclase-activating polypeptide type I receptor-like OS=Salmo salar OX=8030 GN=LOC106583994 PE=3 SV=1
sp|P48546|GIPR_HUMAN,tr|M3ZVZ5|M3ZVZ5_XIPMA,37.129,404,234,8,25,422,19,408,3.98e-80,262,M3ZVZ5,Uncharacterized protein OS=Xiphophorus maculatus OX=8083 PE=3 SV=1
sp|P48546|GIPR_HUMAN,tr|G3SK12|G3SK12_GORGO,38.443,411,206,11,28,407,80,474,4.07e-80,266,G3SK12,Parathyroid hormone 1 receptor OS=Gorilla gorilla gorilla OX=9595 PE=3 SV=2
sp|P48546|GIPR_HUMAN,tr|G1P592|G1P592_MYOLU,36.682,428,242,10,43,464,24,428,4.19e-80,261,G1P592,Vasoactive intestinal peptide receptor 1 OS=Myotis lucifugus OX=59463 GN=VIPR1 PE=3 SV=1
sp|P48546|GIPR_HUMAN,tr|A0A093SB36|A0A093SB36_9PASS,37.656,401,219,11,46,422,46,439,4.77e-80,265,A0A093SB36,Parathyroid hormone/parathyroid hormone-related peptide receptor (Fragment) OS=Manacus vitellinus OX=328815 GN=N305_05331 PE=3 SV=1
sp|P48546|GIPR_HUMAN,tr|A0A1S3GA24|A0A1S3GA24_DIPOR,37.647,425,218,12,28,421,74,482,4.83e-80,266,A0A1S3GA24,parathyroid hormone/parathyroid hormone-related peptide receptor OS=Dipodomys ordii OX=10020 GN=Pth1r PE=3 SV=1
sp|P48546|GIPR_HUMAN,tr|A0A091DS28|A0A091DS28_FUKDA,38.971,408,205,12,28,407,74,465,5.88e-80,266,A0A091DS28,Parathyroid hormone/parathyroid hormone-related peptide receptor OS=Fukomys damarensis OX=885580 GN=H920_05431 PE=3 SV=1
sp|P48546|GIPR_HUMAN,tr|A0A2Y9D640|A0A2Y9D640_TRIMA,39.130,391,216,8,29,408,25,404,5.91e-80,262,A0A2Y9D640,vasoactive intestinal polypeptide receptor 1 isoform X1 OS=Trichechus manatus latirostris OX=127582 GN=LOC101353956 PE=3 SV=1
sp|P48546|GIPR_HUMAN,tr|A0A096MU19|A0A096MU19_PAPAN,38.443,411,206,11,28,407,80,474,5.96e-80,266,A0A096MU19,Parathyroid hormone 1 receptor OS=Papio anubis OX=9555 GN=PTH1R PE=3 SV=2
sp|P48546|GIPR_HUMAN,tr|A0A0D9RUE4|A0A0D9RUE4_CHLSB,38.443,411,206,11,28,407,80,474,6.21e-80,266,A0A0D9RUE4,Parathyroid hormone 1 receptor OS=Chlorocebus sabaeus OX=60711 GN=PTH1R PE=3 SV=1
sp|P48546|GIPR_HUMAN,tr|G3NGC7|G3NGC7_GASAC,37.659,393,225,11,34,421,3,380,6.30e-80,261,G3NGC7,Vasoactive intestinal peptide receptor 1b OS=Gasterosteus aculeatus OX=69293 PE=3 SV=1
sp|P48546|GIPR_HUMAN,tr|F1N6Y3|F1N6Y3_BOVIN,38.200,411,208,11,27,407,79,473,6.42e-80,266,F1N6Y3,Parathyroid hormone/parathyroid hormone-related peptide receptor OS=Bos taurus OX=9913 GN=PTH1R PE=3 SV=2
sp|P48546|GIPR_HUMAN,tr|A0A2K6BC33|A0A2K6BC33_MACNE,38.443,411,206,11,28,407,80,474,6.91e-80,266,A0A2K6BC33,Parathyroid hormone 1 receptor OS=Macaca nemestrina OX=9545 GN=PTH1R PE=3 SV=1
sp|P48546|GIPR_HUMAN,tr|H2P7C5|H2P7C5_PONAB,39.314,379,209,8,40,414,24,385,6.94e-80,260,H2P7C5,Secretin receptor OS=Pongo abelii OX=9601 GN=SCTR PE=3 SV=1
sp|P48546|GIPR_HUMAN,tr|F6Z5Y6|F6Z5Y6_HORSE,38.200,411,204,11,28,407,80,471,7.02e-80,266,F6Z5Y6,Parathyroid hormone 1 receptor OS=Equus caballus OX=9796 GN=PTH1R PE=3 SV=1
sp|P48546|GIPR_HUMAN,tr|G1PY89|G1PY89_MYOLU,39.702,403,213,11,16,408,16,398,7.43e-80,261,G1PY89,Uncharacterized protein OS=Myotis lucifugus OX=59463 GN=VIPR2 PE=3 SV=1
sp|P48546|GIPR_HUMAN,tr|A0A2K5NV07|A0A2K5NV07_CERAT,37.647,425,218,11,28,421,80,488,7.60e-80,266,A0A2K5NV07,Parathyroid hormone 1 receptor OS=Cercocebus atys OX=9531 GN=PTH1R PE=3 SV=1
